{"10th Rib Midspine": [0.10957729071378708, 0.14705513417720795, -0.24370494484901428], "Cervicale": [0.13008618354797363, 0.46910038590431213, -0.20092912018299103], "Lt. 10th Rib": [0.23542433977127075, 0.08319699019193649, -0.02607414685189724], "Lt. ASIS": [0.254116952419281, -0.02230352722108364, -0.040084242820739746], "Lt. Acromion": [0.2743961215019226, 0.49437499046325684, -0.16382628679275513], "Lt. Axilla, Ant.": [0.30040478706359863, 0.39956989884376526, -0.11406774818897247], "Lt. Axilla, Post.": [0.36403602361679077, 0.3990921080112457, -0.13258673250675201], "Lt. Calcaneous, Post.": [0.020885242149233818, -0.8777066469192505, -0.2903326153755188], "Lt. Clavicale": [0.14993977546691895, 0.39925530552864075, -0.07529676705598831], "Lt. Dactylion": [0.22063472867012024, 0.8717250823974609, -0.04624561220407486], "Lt. Digit II": [0.08431784063577652, -0.9024844765663147, -0.05739802494645119], "Lt. Femoral Lateral Epicn": [0.19009093940258026, -0.49821582436561584, -0.21326789259910583], "Lt. Femoral Medial Epicn": [0.07412651181221008, -0.4715743660926819, -0.23981577157974243], "Lt. Gonion": [0.18178637325763702, 0.5261403322219849, -0.09013617038726807], "Lt. Humeral Lateral Epicn": [0.4773314297199249, 0.5551379323005676, -0.10290373116731644], "Lt. Humeral Medial Epicn": [0.49031054973602295, 0.5380374789237976, -0.025731204077601433], "Lt. Iliocristale": [0.27753400802612305, 0.051169503480196, -0.07766620069742203], "Lt. Infraorbitale": [0.15269847214221954, 0.5585566163063049, -0.019533252343535423], "Lt. Knee Crease": [0.1359054148197174, -0.47594401240348816, -0.2671237289905548], "Lt. Lateral Malleolus": [0.07944459468126297, -0.8393669724464417, -0.24249114096164703], "Lt. Medial Malleolus": [0.011786019429564476, -0.8254405856132507, -0.21823666989803314], "Lt. Metacarpal Phal. II": [0.28600695729255676, 0.8169655799865723, -0.07897709310054779], "Lt. Metacarpal Phal. V": [0.3017299771308899, 0.8087531924247742, -0.013615391217172146], "Lt. Metatarsal Phal. I": [0.05545012652873993, -0.8973656296730042, -0.07260097563266754], "Lt. Metatarsal Phal. V": [0.12191564589738846, -0.8904110193252563, -0.13601891696453094], "Lt. Olecranon": [0.5088021755218506, 0.5489869713783264, -0.054227471351623535], "Lt. PSIS": [0.1667550951242447, -0.006205647252500057, -0.27237385511398315], "Lt. Radial Styloid": [0.3517575263977051, 0.7286773920059204, -0.06649717688560486], "Lt. Radiale": [0.4843715727329254, 0.5711054801940918, -0.09261065721511841], "Lt. Sphyrion": [0.008175092749297619, -0.846680223941803, -0.2100132703781128], "Lt. Thelion/Bustpoint": [0.22779129445552826, 0.23989471793174744, 0.02178085781633854], "Lt. Tragion": [0.1881951093673706, 0.5717869997024536, -0.09605029225349426], "Lt. Trochanterion": [0.2786634564399719, -0.10662966966629028, -0.11555836349725723], "Lt. Ulnar Styloid": [0.37277892231941223, 0.75465989112854, -0.030638063326478004], "Nuchale": [0.13151198625564575, 0.5590717792510986, -0.19444726407527924], "Rt. 10th Rib": [-0.019280994310975075, 0.10183658450841904, -0.013133262284100056], "Rt. ASIS": [-0.058974165469408035, -0.009206229820847511, -0.04129403084516525], "Rt. Acromion": [-0.026425892487168312, 0.4960186779499054, -0.17167983949184418], "Rt. Axilla, Ant.": [-0.055547021329402924, 0.3964692950248718, -0.12013401836156845], "Rt. Axilla, Post.": [-0.1263567954301834, 0.3973861038684845, -0.14528033137321472], "Rt. Calcaneous, Post.": [0.06509998440742493, -0.36073926091194153, -0.1783396601676941], "Rt. Clavicale": [0.09708911180496216, 0.4030088484287262, -0.07360181957483292], "Rt. Dactylion": [0.017176948487758636, 0.8541983366012573, 0.010896719992160797], "Rt. Digit II": [0.050625406205654144, -0.6097308397293091, -0.2046603411436081], "Rt. Femoral Lateral Epicn": [-0.2782931625843048, -0.29023486375808716, 0.015596941113471985], "Rt. Femoral Medial Epicn": [-0.1776115447282791, -0.3093595802783966, 0.09174572676420212], "Rt. Gonion": [0.06412574648857117, 0.5195125937461853, -0.0979655310511589], "Rt. Humeral Lateral Epicn": [-0.2414095401763916, 0.5521503686904907, -0.1170961782336235], "Rt. Humeral Medial Epicn": [-0.23533132672309875, 0.5290637016296387, -0.038482848554849625], "Rt. Iliocristale": [-0.08020767569541931, 0.06336569786071777, -0.09426745027303696], "Rt. Infraorbitale": [0.08045525848865509, 0.551722526550293, -0.02460317872464657], "Rt. Knee Crease": [-0.2601214349269867, -0.2762569487094879, -0.0028287391178309917], "Rt. Lateral Malleolus": [-0.0032131122425198555, -0.40785515308380127, -0.17578692734241486], "Rt. Medial Malleolus": [0.034638505429029465, -0.4303053617477417, -0.11976899206638336], "Rt. Metacarpal Phal. II": [-0.046327367424964905, 0.8077524304389954, -0.05137825012207031], "Rt. Metacarpal Phal. V": [-0.06262530386447906, 0.7822207808494568, 0.018118327483534813], "Rt. Metatarsal Phal. I": [0.06777627766132355, -0.5896233916282654, -0.17411185801029205], "Rt. Metatarsal Phal. V": [0.03195495158433914, -0.5491935014724731, -0.2345713973045349], "Rt. Olecranon": [-0.2717711627483368, 0.5445817708969116, -0.07264737784862518], "Rt. PSIS": [0.03965356573462486, -0.002543411683291197, -0.2791145145893097], "Rt. Radial Styloid": [-0.09933651983737946, 0.728445291519165, -0.07273653894662857], "Rt. Radiale": [-0.2501002550125122, 0.5650131702423096, -0.10380487143993378], "Rt. Sphyrion": [0.0501229390501976, -0.4397644102573395, -0.13204410672187805], "Rt. Thelion/Bustpoint": [0.004230006132274866, 0.2463488131761551, 0.01126179937273264], "Rt. Tragion": [0.05087713524699211, 0.5700868964195251, -0.10819117724895477], "Rt. Trochanterion": [-0.12404055893421173, -0.06699540466070175, -0.1339806318283081], "Rt. Ulnar Styloid": [-0.12828369438648224, 0.7443374991416931, -0.02167513221502304], "Sellion": [0.1114223450422287, 0.5804485082626343, -0.009978345595300198], "Substernale": [0.11238820105791092, 0.19190850853919983, 0.033066581934690475], "Supramenton": [0.11500561237335205, 0.4919111430644989, -0.02251257747411728], "Suprasternale": [0.11733468621969223, 0.38062989711761475, -0.0564284510910511], "Waist, Preferred, Post.": [0.10458526760339737, -0.005007023923099041, -0.28078028559684753]}