{"10th Rib Midspine": [0.19314727187156677, 0.11709238588809967, 0.08586618304252625], "Cervicale": [0.19418396055698395, 0.4481355845928192, 0.10316796600818634], "Lt. 10th Rib": [-0.0484069362282753, 0.09681739658117294, 0.017915895208716393], "Lt. ASIS": [-0.08196351677179337, -0.000871003489010036, 0.024410778656601906], "Lt. Acromion": [-8.459620403300505e-06, 0.3766056299209595, 0.19009412825107574], "Lt. Axilla, Ant.": [0.0010915737366303802, 0.27955925464630127, 0.15222887694835663], "Lt. Axilla, Post.": [0.10913041234016418, 0.27147799730300903, 0.23032528162002563], "Lt. Calcaneous, Post.": [-0.040470581501722336, -0.9033776521682739, -0.09523504972457886], "Lt. Clavicale": [0.07568658143281937, 0.3882383108139038, 0.022327521815896034], "Lt. Dactylion": [0.030454697087407112, -0.28365716338157654, 0.33610185980796814], "Lt. Digit II": [-0.23188665509223938, -0.8870488405227661, -0.24724945425987244], "Lt. Femoral Lateral Epicn": [-0.08113983273506165, -0.4954424798488617, 0.013406896963715553], "Lt. Femoral Medial Epicn": [0.023112822324037552, -0.5003023147583008, -0.047304533421993256], "Lt. Gonion": [0.08511779457330704, 0.5207723379135132, 0.07336057722568512], "Lt. Humeral Lateral Epicn": [0.028226932510733604, 0.12910637259483337, 0.29086896777153015], "Lt. Humeral Medial Epicn": [0.10614039748907089, 0.11381103098392487, 0.273574560880661], "Lt. Iliocristale": [-0.05710788816213608, 0.0646878182888031, 0.08013267815113068], "Lt. Infraorbitale": [0.06561145186424255, 0.5767654776573181, 0.013985897414386272], "Lt. Knee Crease": [-0.0024787751026451588, -0.5032020807266235, 0.016345657408237457], "Lt. Lateral Malleolus": [-0.10886777937412262, -0.8399897217750549, -0.08631036430597305], "Lt. Medial Malleolus": [-0.06795497983694077, -0.8307903409004211, -0.14599326252937317], "Lt. Metacarpal Phal. II": [-0.006073397118598223, -0.20284301042556763, 0.30637267231941223], "Lt. Metacarpal Phal. V": [0.046832453459501266, -0.18660946190357208, 0.34163591265678406], "Lt. Metatarsal Phal. I": [-0.19421523809432983, -0.8755255341529846, -0.254544198513031], "Lt. Metatarsal Phal. V": [-0.22409063577651978, -0.8853538632392883, -0.1788446307182312], "Lt. Olecranon": [0.0785234346985817, 0.12000969052314758, 0.29705601930618286], "Lt. PSIS": [0.1396605521440506, -0.025314919650554657, 0.1316225230693817], "Lt. Radial Styloid": [0.025419868528842926, -0.1027471125125885, 0.2747517228126526], "Lt. Radiale": [0.0349217988550663, 0.1102774366736412, 0.29783332347869873], "Lt. Sphyrion": [-0.0723259299993515, -0.8502850532531738, -0.15412256121635437], "Lt. Thelion/Bustpoint": [-0.06746461242437363, 0.23578256368637085, -0.011426090262830257], "Lt. Tragion": [0.09153293073177338, 0.5602572560310364, 0.09272926300764084], "Lt. Trochanterion": [-0.06382632255554199, -0.09860925376415253, 0.08284543454647064], "Lt. Ulnar Styloid": [0.036803245544433594, -0.10256686061620712, 0.32433387637138367], "Nuchale": [0.1922294944524765, 0.5172667503356934, 0.12078071385622025], "Rt. 10th Rib": [0.13743126392364502, 0.10981245338916779, -0.16009020805358887], "Rt. ASIS": [0.1648380160331726, -0.006180045194923878, -0.186784029006958], "Rt. Acromion": [0.24234136939048767, 0.44639620184898376, -0.08859381079673767], "Rt. Axilla, Ant.": [0.19722959399223328, 0.35204440355300903, -0.1215076744556427], "Rt. Axilla, Post.": [0.22974884510040283, 0.3172985315322876, -0.1609984189271927], "Rt. Calcaneous, Post.": [0.18737860023975372, -0.9026655554771423, 0.0896688923239708], "Rt. Clavicale": [0.11469269543886185, 0.39429357647895813, -0.01652667112648487], "Rt. Dactylion": [-0.14557409286499023, 0.5442363023757935, -0.6044266223907471], "Rt. Digit II": [0.1788664013147354, -0.8962352275848389, -0.16356199979782104], "Rt. Femoral Lateral Epicn": [0.24794647097587585, -0.4961996376514435, -0.04271461069583893], "Rt. Femoral Medial Epicn": [0.14052069187164307, -0.49004802107810974, 0.010907832533121109], "Rt. Gonion": [0.177500918507576, 0.5188930630683899, 0.006035692058503628], "Rt. Humeral Lateral Epicn": [0.14742165803909302, 0.4285646378993988, -0.31864607334136963], "Rt. Humeral Medial Epicn": [0.0981614962220192, 0.35811400413513184, -0.30604395270347595], "Rt. Iliocristale": [0.23147553205490112, 0.05592033639550209, -0.151950404047966], "Rt. Infraorbitale": [0.12254049628973007, 0.5736661553382874, -0.03147425130009651], "Rt. Knee Crease": [0.20782804489135742, -0.4839935898780823, 0.019759787246584892], "Rt. Lateral Malleolus": [0.22106528282165527, -0.8529337644577026, 0.028976650908589363], "Rt. Medial Malleolus": [0.14691109955310822, -0.8526366949081421, 0.022926336154341698], "Rt. Metacarpal Phal. II": [-0.07116104662418365, 0.5501906275749207, -0.5332270264625549], "Rt. Metacarpal Phal. V": [-0.08584075421094894, 0.483613520860672, -0.5467730760574341], "Rt. Metatarsal Phal. I": [0.15657463669776917, -0.8932467699050903, -0.13958963751792908], "Rt. Metatarsal Phal. V": [0.20374365150928497, -0.8884204626083374, -0.10436388105154037], "Rt. Olecranon": [0.13301028311252594, 0.38321349024772644, -0.3261863887310028], "Rt. PSIS": [0.24169348180294037, -0.021621938794851303, 0.056915171444416046], "Rt. Radial Styloid": [-0.043777793645858765, 0.5147275924682617, -0.44749167561531067], "Rt. Radiale": [0.13514943420886993, 0.420899361371994, -0.3335411548614502], "Rt. Sphyrion": [0.14708593487739563, -0.8712708353996277, 0.015026545152068138], "Rt. Thelion/Bustpoint": [0.10117397457361221, 0.24174907803535461, -0.158873051404953], "Rt. Tragion": [0.19904839992523193, 0.5636174082756042, 0.013902854174375534], "Rt. Trochanterion": [0.2555728852748871, -0.10755520313978195, -0.13820353150367737], "Rt. Ulnar Styloid": [-0.03316584601998329, 0.4730965495109558, -0.48606276512145996], "Sellion": [0.09690725803375244, 0.6038603782653809, -0.014540093019604683], "Substernale": [0.010438455268740654, 0.20229391753673553, -0.09832186251878738], "Supramenton": [0.0844225063920021, 0.5149856209754944, -0.02583429403603077], "Suprasternale": [0.07610154151916504, 0.3736276924610138, -0.016024373471736908], "Waist, Preferred, Post.": [0.19525116682052612, -0.02549046277999878, 0.0981033444404602]}