{"10th Rib Midspine": [-0.029880067333579063, 0.22905182838439941, -0.08742791414260864], "Cervicale": [-0.09104583412408829, 0.552858829498291, -0.13851185142993927], "Lt. 10th Rib": [-0.22162240743637085, 0.14978012442588806, -0.1584450751543045], "Lt. ASIS": [-0.22108712792396545, 0.05170087888836861, -0.1551748365163803], "Lt. Acromion": [-0.26457270979881287, 0.4522971212863922, -0.012017595581710339], "Lt. Axilla, Ant.": [-0.21625743806362152, 0.3694917559623718, -0.02748352475464344], "Lt. Axilla, Post.": [-0.14494965970516205, 0.38044506311416626, 0.044284623116254807], "Lt. Calcaneous, Post.": [-0.20001791417598724, -0.8125772476196289, -0.3329373300075531], "Lt. Clavicale": [-0.1821451038122177, 0.44895631074905396, -0.18070058524608612], "Lt. Dactylion": [-0.1614769548177719, -0.11951860040426254, 0.13168606162071228], "Lt. Digit II": [-0.399294912815094, -0.8056963682174683, -0.4544063210487366], "Lt. Femoral Lateral Epicn": [-0.28318294882774353, -0.4185447692871094, -0.23920196294784546], "Lt. Femoral Medial Epicn": [-0.19009719789028168, -0.41109126806259155, -0.3087027668952942], "Lt. Gonion": [-0.20095862448215485, 0.5996970534324646, -0.14349979162216187], "Lt. Humeral Lateral Epicn": [-0.21040862798690796, 0.25386232137680054, 0.16607238352298737], "Lt. Humeral Medial Epicn": [-0.14237964153289795, 0.2571033239364624, 0.17167052626609802], "Lt. Iliocristale": [-0.2301393449306488, 0.115072101354599, -0.11644535511732101], "Lt. Infraorbitale": [-0.23741501569747925, 0.6333658695220947, -0.2100820243358612], "Lt. Knee Crease": [-0.20218072831630707, -0.42246556282043457, -0.2507842779159546], "Lt. Lateral Malleolus": [-0.2665105164051056, -0.7658402323722839, -0.3233071267604828], "Lt. Medial Malleolus": [-0.2351982146501541, -0.75717693567276, -0.3816477358341217], "Lt. Metacarpal Phal. II": [-0.20255997776985168, -0.04761256277561188, 0.13858570158481598], "Lt. Metacarpal Phal. V": [-0.15040463209152222, -0.0396607406437397, 0.1618376225233078], "Lt. Metatarsal Phal. I": [-0.3762982189655304, -0.7991064786911011, -0.4551635682582855], "Lt. Metatarsal Phal. V": [-0.38336309790611267, -0.8070061206817627, -0.38470545411109924], "Lt. Olecranon": [-0.16645562648773193, 0.2574857771396637, 0.193165123462677], "Lt. PSIS": [-0.06107281893491745, 0.0326557382941246, -0.0108674680814147], "Lt. Radial Styloid": [-0.1919981986284256, 0.046964239329099655, 0.13558849692344666], "Lt. Radiale": [-0.20148783922195435, 0.23544736206531525, 0.17947082221508026], "Lt. Sphyrion": [-0.23998621106147766, -0.7748215794563293, -0.38834887742996216], "Lt. Thelion/Bustpoint": [-0.2575133740901947, 0.2521960437297821, -0.16660700738430023], "Lt. Tragion": [-0.19910277426242828, 0.6434651017189026, -0.13188867270946503], "Lt. Trochanterion": [-0.2378130853176117, -0.04844335839152336, -0.09557920694351196], "Lt. Ulnar Styloid": [-0.17019209265708923, 0.04068610444664955, 0.17879241704940796], "Nuchale": [-0.09466675668954849, 0.6299951672554016, -0.12368296831846237], "Rt. 10th Rib": [-0.04338275268673897, 0.18204888701438904, -0.291072279214859], "Rt. ASIS": [0.01909184642136097, 0.07276255637407303, -0.2871773838996887], "Rt. Acromion": [-0.06341732293367386, 0.48434945940971375, -0.36412516236305237], "Rt. Axilla, Ant.": [-0.07258875668048859, 0.3874811828136444, -0.3359481692314148], "Rt. Axilla, Post.": [-0.026752403005957603, 0.3560439944267273, -0.3868527114391327], "Rt. Calcaneous, Post.": [0.03187079355120659, -0.832892656326294, -0.05793764442205429], "Rt. Clavicale": [-0.14935140311717987, 0.45177656412124634, -0.22537076473236084], "Rt. Dactylion": [-0.41627445816993713, 0.4767092168331146, -0.7547813653945923], "Rt. Digit II": [0.08361637592315674, -0.8336623907089233, -0.2758953869342804], "Rt. Femoral Lateral Epicn": [0.10787457227706909, -0.4296131432056427, -0.1676068753004074], "Rt. Femoral Medial Epicn": [0.0011477051302790642, -0.42252129316329956, -0.1273149847984314], "Rt. Gonion": [-0.11461976915597916, 0.5965415239334106, -0.23055654764175415], "Rt. Humeral Lateral Epicn": [-0.10221076756715775, 0.37833812832832336, -0.583636462688446], "Rt. Humeral Medial Epicn": [-0.13898517191410065, 0.3201857805252075, -0.5563330054283142], "Rt. Iliocristale": [0.055489495396614075, 0.14002300798892975, -0.2701815664768219], "Rt. Infraorbitale": [-0.187564879655838, 0.6275026798248291, -0.262660950422287], "Rt. Knee Crease": [0.06354828178882599, -0.41505560278892517, -0.11032044887542725], "Rt. Lateral Malleolus": [0.07424318790435791, -0.7858115434646606, -0.10722627490758896], "Rt. Medial Malleolus": [0.011790603399276733, -0.7826346158981323, -0.11833784729242325], "Rt. Metacarpal Phal. II": [-0.34897953271865845, 0.4859197735786438, -0.7142884731292725], "Rt. Metacarpal Phal. V": [-0.3597092926502228, 0.4284428656101227, -0.7283645272254944], "Rt. Metatarsal Phal. I": [0.0431639663875103, -0.8214718699455261, -0.2762932777404785], "Rt. Metatarsal Phal. V": [0.1095205694437027, -0.8235787153244019, -0.23224706947803497], "Rt. Olecranon": [-0.11222122609615326, 0.32080432772636414, -0.5868048071861267], "Rt. PSIS": [0.05656879395246506, 0.049443569034338, -0.053990524262189865], "Rt. Radial Styloid": [-0.3018886148929596, 0.4511661231517792, -0.6629492044448853], "Rt. Radiale": [-0.12106286734342575, 0.3608916103839874, -0.6097540259361267], "Rt. Sphyrion": [0.01202418003231287, -0.8032950162887573, -0.12569034099578857], "Rt. Thelion/Bustpoint": [-0.10085520893335342, 0.2609110176563263, -0.30744579434394836], "Rt. Tragion": [-0.1013595312833786, 0.6411389112472534, -0.23015835881233215], "Rt. Trochanterion": [0.13060113787651062, -0.02257966250181198, -0.2453218400478363], "Rt. Ulnar Styloid": [-0.3029916286468506, 0.4059775471687317, -0.6916754245758057], "Sellion": [-0.21941395103931427, 0.6570051312446594, -0.2506287395954132], "Substernale": [-0.16264885663986206, 0.22732414305210114, -0.23809505999088287], "Supramenton": [-0.21650023758411407, 0.5700786113739014, -0.24486246705055237], "Suprasternale": [-0.1707525998353958, 0.41859170794487, -0.21165283024311066], "Waist, Preferred, Post.": [-0.003989860415458679, 0.03982488065958023, -0.032447509467601776]}