{"10th Rib Midspine": [-0.03737230598926544, 0.2954804599285126, -0.4032890200614929], "Cervicale": [-0.05840650573372841, 0.6461983323097229, -0.3829759955406189], "Lt. 10th Rib": [0.11258653551340103, 0.24115537106990814, -0.18623250722885132], "Lt. ASIS": [0.10138102620840073, 0.14808540046215057, -0.21244356036186218], "Lt. Acromion": [0.15456335246562958, 0.5665419101715088, -0.22762125730514526], "Lt. Axilla, Ant.": [0.13520009815692902, 0.5575740933418274, -0.19960561394691467], "Lt. Axilla, Post.": [0.14768509566783905, 0.42557013034820557, -0.23183251917362213], "Lt. Calcaneous, Post.": [0.0860368013381958, -0.788741946220398, -0.48410192131996155], "Lt. Clavicale": [-0.018734978511929512, 0.5725748538970947, -0.22833062708377838], "Lt. Dactylion": [0.06650570034980774, 0.8231523633003235, 0.05823289230465889], "Lt. Digit II": [0.19948162138462067, -0.8232787847518921, -0.2767648994922638], "Lt. Femoral Lateral Epicn": [0.12647244334220886, -0.35484611988067627, -0.35314416885375977], "Lt. Femoral Medial Epicn": [0.01596340350806713, -0.36384251713752747, -0.34262314438819885], "Lt. Gonion": [0.015403838828206062, 0.6987999677658081, -0.2665287256240845], "Lt. Humeral Lateral Epicn": [0.16590383648872375, 0.4135032892227173, -0.04574583098292351], "Lt. Humeral Medial Epicn": [0.102846160531044, 0.371930330991745, -0.006414515431970358], "Lt. Iliocristale": [0.13492365181446075, 0.21028894186019897, -0.24515047669410706], "Lt. Infraorbitale": [-0.011384974233806133, 0.7517627477645874, -0.20227615535259247], "Lt. Knee Crease": [0.06432069092988968, -0.34122931957244873, -0.3877159357070923], "Lt. Lateral Malleolus": [0.13655099272727966, -0.7441233992576599, -0.43150100111961365], "Lt. Medial Malleolus": [0.07348908483982086, -0.753653347492218, -0.40075036883354187], "Lt. Metacarpal Phal. II": [0.09127993881702423, 0.7376114130020142, 0.007686727214604616], "Lt. Metacarpal Phal. V": [0.0757451206445694, 0.7107919454574585, 0.08068285882472992], "Lt. Metatarsal Phal. I": [0.15052229166030884, -0.819897472858429, -0.2606596052646637], "Lt. Metatarsal Phal. V": [0.21676291525363922, -0.805026113986969, -0.3251127004623413], "Lt. Olecranon": [0.13914883136749268, 0.3693799674510956, -0.009273065254092216], "Lt. PSIS": [0.019628003239631653, 0.14885276556015015, -0.4239634871482849], "Lt. Radial Styloid": [0.0786731019616127, 0.622478187084198, -0.0028932562563568354], "Lt. Radiale": [0.16040262579917908, 0.4147769808769226, -0.029395082965493202], "Lt. Sphyrion": [0.08136286586523056, -0.7758920788764954, -0.3992844820022583], "Lt. Thelion/Bustpoint": [0.07073765248060226, 0.4047011137008667, -0.11816148459911346], "Lt. Tragion": [0.018608631566166878, 0.7498489022254944, -0.2817060649394989], "Lt. Trochanterion": [0.13831448554992676, 0.05508771911263466, -0.27004075050354004], "Lt. Ulnar Styloid": [0.10070700198411942, 0.6195569038391113, 0.04766582325100899], "Nuchale": [-0.05698297917842865, 0.7365370988845825, -0.37516307830810547], "Rt. 10th Rib": [-0.17942224442958832, 0.25295087695121765, -0.15454795956611633], "Rt. ASIS": [-0.18201574683189392, 0.13958260416984558, -0.19786730408668518], "Rt. Acromion": [-0.24069400131702423, 0.6041792631149292, -0.2385789155960083], "Rt. Axilla, Ant.": [-0.18663237988948822, 0.5661993026733398, -0.1931839883327484], "Rt. Axilla, Post.": [-0.26904723048210144, 0.451956182718277, -0.2464577704668045], "Rt. Calcaneous, Post.": [-0.17211014032363892, -0.7854650616645813, -0.5186976790428162], "Rt. Clavicale": [-0.07918456196784973, 0.5785878896713257, -0.2259851098060608], "Rt. Dactylion": [-0.09407258033752441, 0.773218035697937, 0.07849744707345963], "Rt. Digit II": [-0.29504841566085815, -0.8178386092185974, -0.2897062301635742], "Rt. Femoral Lateral Epicn": [-0.21518923342227936, -0.34742486476898193, -0.37442663311958313], "Rt. Femoral Medial Epicn": [-0.11154703050851822, -0.36242175102233887, -0.35592809319496155], "Rt. Gonion": [-0.12778986990451813, 0.6961849927902222, -0.26578113436698914], "Rt. Humeral Lateral Epicn": [-0.27498143911361694, 0.4339677095413208, -0.07092410326004028], "Rt. Humeral Medial Epicn": [-0.21101349592208862, 0.38193279504776, -0.0620281882584095], "Rt. Iliocristale": [-0.22525160014629364, 0.2034458965063095, -0.24807977676391602], "Rt. Infraorbitale": [-0.09015189856290817, 0.7426876425743103, -0.19652602076530457], "Rt. Knee Crease": [-0.1509176343679428, -0.3363145887851715, -0.39689043164253235], "Rt. Lateral Malleolus": [-0.23012994229793549, -0.7383226156234741, -0.46595361828804016], "Rt. Medial Malleolus": [-0.1710822582244873, -0.7498859763145447, -0.42801061272621155], "Rt. Metacarpal Phal. II": [-0.12805575132369995, 0.6983381509780884, 0.020301856100559235], "Rt. Metacarpal Phal. V": [-0.11909420788288116, 0.6669304370880127, 0.08489849418401718], "Rt. Metatarsal Phal. I": [-0.25129368901252747, -0.8165225386619568, -0.2872699797153473], "Rt. Metatarsal Phal. V": [-0.3111859858036041, -0.806930661201477, -0.35355016589164734], "Rt. Olecranon": [-0.2626117169857025, 0.38215184211730957, -0.04469922557473183], "Rt. PSIS": [-0.09603288024663925, 0.15470413863658905, -0.4280989468097687], "Rt. Radial Styloid": [-0.10700566321611404, 0.6076656579971313, -0.022353265434503555], "Rt. Radiale": [-0.2682551145553589, 0.42970365285873413, -0.056721266359090805], "Rt. Sphyrion": [-0.17717351019382477, -0.769365131855011, -0.4279263913631439], "Rt. Thelion/Bustpoint": [-0.15916754305362701, 0.4136449098587036, -0.1127261221408844], "Rt. Tragion": [-0.13473965227603912, 0.7461186051368713, -0.2806164622306824], "Rt. Trochanterion": [-0.2229503095149994, 0.0587611086666584, -0.2807745933532715], "Rt. Ulnar Styloid": [-0.12453114241361618, 0.5876310467720032, 0.03706938773393631], "Sellion": [-0.05693555623292923, 0.7810139060020447, -0.18958763778209686], "Substernale": [-0.036268334835767746, 0.33939021825790405, -0.09206923097372055], "Supramenton": [-0.04873635247349739, 0.6548965573310852, -0.16542990505695343], "Suprasternale": [-0.04912658780813217, 0.5585018396377563, -0.20824074745178223], "Waist, Preferred, Post.": [-0.03524906933307648, 0.1528768390417099, -0.424340158700943]}