{"10th Rib Midspine": [-0.004927376750856638, 0.15761356055736542, -0.12330112606287003], "Cervicale": [0.0023223639000207186, 0.4757693111896515, -0.1227516457438469], "Lt. 10th Rib": [0.09081422537565231, 0.0959673747420311, 0.0025056900922209024], "Lt. ASIS": [0.11521553248167038, -0.020998870953917503, -0.011632431298494339], "Lt. Acromion": [0.15411633253097534, 0.49473392963409424, -0.10074158012866974], "Lt. Axilla, Ant.": [0.1572934240102768, 0.4315608739852905, -0.042334336787462234], "Lt. Axilla, Post.": [0.23089464008808136, 0.4447248876094818, -0.05104388669133186], "Lt. Calcaneous, Post.": [0.05595698580145836, -0.8828352093696594, -0.2573905289173126], "Lt. Clavicale": [0.021596450358629227, 0.4221371114253998, -0.007417452987283468], "Lt. Dactylion": [0.2684701681137085, 0.9939912557601929, 0.08426806330680847], "Lt. Digit II": [0.06644336134195328, -0.9139111042022705, -0.024690762162208557], "Lt. Femoral Lateral Epicn": [0.11210677772760391, -0.49815961718559265, -0.18483838438987732], "Lt. Femoral Medial Epicn": [0.006547536235302687, -0.4909593462944031, -0.21356046199798584], "Lt. Gonion": [0.06442797183990479, 0.5496693253517151, -0.02290385775268078], "Lt. Humeral Lateral Epicn": [0.3205167353153229, 0.6205015778541565, -0.01724735088646412], "Lt. Humeral Medial Epicn": [0.3449160158634186, 0.6027502417564392, 0.046602338552474976], "Lt. Iliocristale": [0.12592454254627228, 0.06453860551118851, -0.03305824100971222], "Lt. Infraorbitale": [0.044237129390239716, 0.5696893334388733, 0.05261771380901337], "Lt. Knee Crease": [0.0678609311580658, -0.48319193720817566, -0.23474054038524628], "Lt. Lateral Malleolus": [0.0868721678853035, -0.8423240780830383, -0.2028568983078003], "Lt. Medial Malleolus": [0.023729702457785606, -0.8428634405136108, -0.19551675021648407], "Lt. Metacarpal Phal. II": [0.2775440812110901, 0.9117080569267273, 0.10041378438472748], "Lt. Metacarpal Phal. V": [0.3249374330043793, 0.9141393899917603, 0.0638696625828743], "Lt. Metatarsal Phal. I": [0.03393148258328438, -0.903688371181488, -0.04204535856842995], "Lt. Metatarsal Phal. V": [0.10111389309167862, -0.9004653096199036, -0.072847880423069], "Lt. Olecranon": [0.3564470112323761, 0.6064561605453491, 0.019339852035045624], "Lt. PSIS": [0.04890391603112221, -0.00037955326843075454, -0.19275519251823425], "Lt. Radial Styloid": [0.31919634342193604, 0.8252190351486206, 0.11882419139146805], "Lt. Radiale": [0.33522137999534607, 0.6351413130760193, -0.007929069921374321], "Lt. Sphyrion": [0.02522009238600731, -0.8602026104927063, -0.18924865126609802], "Lt. Thelion/Bustpoint": [0.08504267036914825, 0.26352453231811523, 0.054196204990148544], "Lt. Tragion": [0.0777103379368782, 0.5888569355010986, -0.02314986102283001], "Lt. Trochanterion": [0.15721401572227478, -0.11967796087265015, -0.07233919948339462], "Lt. Ulnar Styloid": [0.3454899191856384, 0.8405784964561462, 0.080467589199543], "Nuchale": [0.012541607953608036, 0.6112426519393921, -0.10694331675767899], "Rt. 10th Rib": [-0.10898824781179428, 0.09644560515880585, 0.013023962266743183], "Rt. ASIS": [-0.13639840483665466, -0.01954536698758602, -0.014119948260486126], "Rt. Acromion": [-0.14378729462623596, 0.5196517109870911, -0.09719964116811752], "Rt. Axilla, Ant.": [-0.1466512382030487, 0.43210557103157043, -0.04591290280222893], "Rt. Axilla, Post.": [-0.2279171496629715, 0.4675108790397644, -0.0489443801343441], "Rt. Calcaneous, Post.": [-0.12936200201511383, -0.8847190141677856, -0.24116240441799164], "Rt. Clavicale": [-0.029365871101617813, 0.4250519871711731, -0.008838970214128494], "Rt. Dactylion": [-0.2391020506620407, 1.0183055400848389, 0.11309836059808731], "Rt. Digit II": [-0.1563940942287445, -0.9087641835212708, -0.009937704540789127], "Rt. Femoral Lateral Epicn": [-0.17978988587856293, -0.49166321754455566, -0.17211078107357025], "Rt. Femoral Medial Epicn": [-0.06848645210266113, -0.48961982131004333, -0.1900886595249176], "Rt. Gonion": [-0.05234557017683983, 0.553183913230896, -0.02698303572833538], "Rt. Humeral Lateral Epicn": [-0.31540343165397644, 0.6492136120796204, -0.011167783290147781], "Rt. Humeral Medial Epicn": [-0.31743675470352173, 0.6281940937042236, 0.06117402762174606], "Rt. Iliocristale": [-0.16140753030776978, 0.048034291714429855, -0.04498947039246559], "Rt. Infraorbitale": [-0.02874981239438057, 0.5667627453804016, 0.05236143618822098], "Rt. Knee Crease": [-0.12989254295825958, -0.481167197227478, -0.21872250735759735], "Rt. Lateral Malleolus": [-0.16774459183216095, -0.8432257175445557, -0.184698224067688], "Rt. Medial Malleolus": [-0.10476106405258179, -0.8407360911369324, -0.17266662418842316], "Rt. Metacarpal Phal. II": [-0.2527148127555847, 0.9330250024795532, 0.10140630602836609], "Rt. Metacarpal Phal. V": [-0.30412352085113525, 0.95440673828125, 0.08505181968212128], "Rt. Metatarsal Phal. I": [-0.11759281903505325, -0.9022389054298401, -0.0226402897387743], "Rt. Metatarsal Phal. V": [-0.18818305432796478, -0.8991657495498657, -0.05617566779255867], "Rt. Olecranon": [-0.3479451537132263, 0.6372331380844116, 0.025368385016918182], "Rt. PSIS": [-0.06240684539079666, 0.0059746028855443, -0.1975174844264984], "Rt. Radial Styloid": [-0.28042957186698914, 0.8591426014900208, 0.11389056593179703], "Rt. Radiale": [-0.32867079973220825, 0.6623958349227905, -0.0014467196306213737], "Rt. Sphyrion": [-0.1057237833738327, -0.8612478375434875, -0.1711118221282959], "Rt. Thelion/Bustpoint": [-0.11092910915613174, 0.2726261615753174, 0.044584374874830246], "Rt. Tragion": [-0.0628267154097557, 0.5997107028961182, -0.028095882385969162], "Rt. Trochanterion": [-0.2038094848394394, -0.10227338969707489, -0.09589149802923203], "Rt. Ulnar Styloid": [-0.3270646333694458, 0.8728679418563843, 0.08119349181652069], "Sellion": [0.005269345827400684, 0.5887099504470825, 0.07284712791442871], "Substernale": [-0.017023691907525063, 0.19325222074985504, 0.04423373565077782], "Supramenton": [0.0009359396644867957, 0.5087278485298157, 0.04581416770815849], "Suprasternale": [-0.0075408765114843845, 0.39882951974868774, 0.0015809840988367796], "Waist, Preferred, Post.": [-0.0069340914487838745, 0.0006469674990512431, -0.19841018319129944]}