{"10th Rib Midspine": [0.003532922361046076, 0.23729325830936432, -0.22532135248184204], "Cervicale": [0.005823755171149969, 0.5747467875480652, -0.19263015687465668], "Lt. 10th Rib": [0.11547311395406723, 0.1824115365743637, -0.06564802676439285], "Lt. ASIS": [0.14049378037452698, 0.07966279238462448, -0.08220445364713669], "Lt. Acromion": [0.21587707102298737, 0.47556406259536743, -0.130660742521286], "Lt. Axilla, Ant.": [0.18214307725429535, 0.3859800398349762, -0.1230248287320137], "Lt. Axilla, Post.": [0.19274544715881348, 0.3626593053340912, -0.225661501288414], "Lt. Calcaneous, Post.": [0.11219791322946548, -0.8115304708480835, -0.3408719003200531], "Lt. Clavicale": [0.033092670142650604, 0.48854541778564453, -0.08432409912347794], "Lt. Dactylion": [0.45542535185813904, -0.11638253927230835, -0.1854577511548996], "Lt. Digit II": [0.1388341635465622, -0.8445082306861877, -0.1097930297255516], "Lt. Femoral Lateral Epicn": [0.1748207062482834, -0.41038480401039124, -0.2239847034215927], "Lt. Femoral Medial Epicn": [0.05766768008470535, -0.4089924395084381, -0.24169820547103882], "Lt. Gonion": [0.0676024779677391, 0.6381843686103821, -0.10762329399585724], "Lt. Humeral Lateral Epicn": [0.3251996338367462, 0.2334311455488205, -0.1848026067018509], "Lt. Humeral Medial Epicn": [0.2727183997631073, 0.2075694054365158, -0.22369404137134552], "Lt. Iliocristale": [0.15256817638874054, 0.15374283492565155, -0.1004931703209877], "Lt. Infraorbitale": [0.043585099279880524, 0.6768121719360352, -0.03527350723743439], "Lt. Knee Crease": [0.11494050920009613, -0.3971654176712036, -0.27437493205070496], "Lt. Lateral Malleolus": [0.15406402945518494, -0.7676690816879272, -0.29047873616218567], "Lt. Medial Malleolus": [0.09221158176660538, -0.7697234153747559, -0.2730078399181366], "Lt. Metacarpal Phal. II": [0.4276758134365082, -0.04441453889012337, -0.15262249112129211], "Lt. Metacarpal Phal. V": [0.42250391840934753, -0.034576576203107834, -0.21274101734161377], "Lt. Metatarsal Phal. I": [0.13043497502803802, -0.8325411081314087, -0.12811098992824554], "Lt. Metatarsal Phal. V": [0.20023773610591888, -0.8320876359939575, -0.18038800358772278], "Lt. Olecranon": [0.30016928911209106, 0.2192690074443817, -0.2244325876235962], "Lt. PSIS": [0.06904222071170807, 0.08452697843313217, -0.2914901077747345], "Lt. Radial Styloid": [0.38478630781173706, 0.036496151238679886, -0.16033898293972015], "Lt. Radiale": [0.32985198497772217, 0.21709337830543518, -0.19459132850170135], "Lt. Sphyrion": [0.09416798502206802, -0.7915825843811035, -0.27117663621902466], "Lt. Thelion/Bustpoint": [0.10983201116323471, 0.2984020411968231, -0.0166301429271698], "Lt. Tragion": [0.0722958892583847, 0.6802957057952881, -0.11911623179912567], "Lt. Trochanterion": [0.19621554017066956, -0.008114594034850597, -0.14990226924419403], "Lt. Ulnar Styloid": [0.4081466495990753, 0.040238577872514725, -0.20153197646141052], "Nuchale": [0.0019483257783576846, 0.6634400486946106, -0.19640900194644928], "Rt. 10th Rib": [-0.10237278789281845, 0.18707656860351562, -0.05550036579370499], "Rt. ASIS": [-0.1370667964220047, 0.0778169110417366, -0.08275153487920761], "Rt. Acromion": [-0.2020527422428131, 0.47840848565101624, -0.11762339621782303], "Rt. Axilla, Ant.": [-0.16873040795326233, 0.3933979868888855, -0.11008094251155853], "Rt. Axilla, Post.": [-0.19138465821743011, 0.36717456579208374, -0.21945606172084808], "Rt. Calcaneous, Post.": [-0.1269793063402176, -0.8060159683227539, -0.3632752597332001], "Rt. Clavicale": [-0.02150694467127323, 0.4890783131122589, -0.08271725475788116], "Rt. Dactylion": [-0.45989394187927246, -0.1107918992638588, -0.14062997698783875], "Rt. Digit II": [-0.18466924130916595, -0.8394084572792053, -0.15399610996246338], "Rt. Femoral Lateral Epicn": [-0.19213974475860596, -0.40586549043655396, -0.2636560797691345], "Rt. Femoral Medial Epicn": [-0.07523776590824127, -0.4069158434867859, -0.2680663466453552], "Rt. Gonion": [-0.05350432172417641, 0.6304035782814026, -0.10709196329116821], "Rt. Humeral Lateral Epicn": [-0.3279828429222107, 0.242311030626297, -0.17406094074249268], "Rt. Humeral Medial Epicn": [-0.2639213502407074, 0.20484377443790436, -0.19868019223213196], "Rt. Iliocristale": [-0.16603903472423553, 0.1447385549545288, -0.11649735271930695], "Rt. Infraorbitale": [-0.02642504870891571, 0.6666136384010315, -0.03265799582004547], "Rt. Knee Crease": [-0.12994183599948883, -0.3936072885990143, -0.3042742609977722], "Rt. Lateral Malleolus": [-0.17508569359779358, -0.7618135809898376, -0.3172192871570587], "Rt. Medial Malleolus": [-0.11635895073413849, -0.7645580768585205, -0.29827892780303955], "Rt. Metacarpal Phal. II": [-0.43233051896095276, -0.033065758645534515, -0.10956971347332001], "Rt. Metacarpal Phal. V": [-0.4396086037158966, -0.03228571265935898, -0.17856964468955994], "Rt. Metatarsal Phal. I": [-0.14559048414230347, -0.8294373750686646, -0.14757739007472992], "Rt. Metatarsal Phal. V": [-0.21284779906272888, -0.829664945602417, -0.19140182435512543], "Rt. Olecranon": [-0.3022155165672302, 0.22314175963401794, -0.2104566991329193], "Rt. PSIS": [-0.05947132036089897, 0.08636875450611115, -0.2982025742530823], "Rt. Radial Styloid": [-0.39854761958122253, 0.0409291572868824, -0.11724971979856491], "Rt. Radiale": [-0.3329193592071533, 0.22406283020973206, -0.18731366097927094], "Rt. Sphyrion": [-0.11583524197340012, -0.7864662408828735, -0.293519526720047], "Rt. Thelion/Bustpoint": [-0.10036719590425491, 0.3029170036315918, -0.02418096922338009], "Rt. Tragion": [-0.06625533103942871, 0.6734787821769714, -0.11596974730491638], "Rt. Trochanterion": [-0.20994967222213745, -0.008544321171939373, -0.18038241565227509], "Rt. Ulnar Styloid": [-0.4235840439796448, 0.04259876161813736, -0.16458821296691895], "Sellion": [0.004469021689146757, 0.6969539523124695, -0.020304221659898758], "Substernale": [-0.0014735697768628597, 0.24898642301559448, -0.03241214156150818], "Supramenton": [0.009547239169478416, 0.6077933311462402, -0.02577059715986252], "Suprasternale": [0.0044093746691942215, 0.4600101113319397, -0.06840518116950989], "Waist, Preferred, Post.": [0.00378154288046062, 0.0818977802991867, -0.2991043031215668]}