{"10th Rib Midspine": [0.0404231958091259, 0.2126091867685318, -0.1967485100030899], "Cervicale": [0.0388055145740509, 0.5328320860862732, -0.10292971879243851], "Lt. 10th Rib": [0.17020849883556366, 0.13278774917125702, 0.0124509921297431], "Lt. ASIS": [0.1963576376438141, 0.04122618958353996, -0.010168332606554031], "Lt. Acromion": [0.227972611784935, 0.45277655124664307, -0.0028106386307626963], "Lt. Axilla, Ant.": [0.20239269733428955, 0.3386179804801941, 0.005368862766772509], "Lt. Axilla, Post.": [0.2606239318847656, 0.3185233771800995, -0.05646122619509697], "Lt. Calcaneous, Post.": [0.1410723328590393, -0.7989010214805603, -0.3109780550003052], "Lt. Clavicale": [0.06299538910388947, 0.43096572160720825, 0.011157075874507427], "Lt. Dactylion": [0.046207327395677567, 0.03701894357800484, 0.22469604015350342], "Lt. Digit II": [0.1734311878681183, -0.9053111672401428, -0.09871914982795715], "Lt. Femoral Lateral Epicn": [0.21514444053173065, -0.42109179496765137, -0.19113464653491974], "Lt. Femoral Medial Epicn": [0.09451629966497421, -0.4309370517730713, -0.19740499556064606], "Lt. Gonion": [0.09000828862190247, 0.5668390393257141, 0.014426047913730145], "Lt. Humeral Lateral Epicn": [0.32498157024383545, 0.2611404359340668, 0.1044282540678978], "Lt. Humeral Medial Epicn": [0.3512481153011322, 0.2067233920097351, 0.0544222928583622], "Lt. Iliocristale": [0.21529845893383026, 0.11673024296760559, -0.045612022280693054], "Lt. Infraorbitale": [0.05799277499318123, 0.5769522190093994, 0.09090164303779602], "Lt. Knee Crease": [0.1480691134929657, -0.41272497177124023, -0.23830169439315796], "Lt. Lateral Malleolus": [0.19751037657260895, -0.7760881185531616, -0.2559441030025482], "Lt. Medial Malleolus": [0.13144995272159576, -0.7775628566741943, -0.23016901314258575], "Lt. Metacarpal Phal. II": [0.11360114812850952, 0.04535166174173355, 0.16828089952468872], "Lt. Metacarpal Phal. V": [0.143757626414299, 0.05451850965619087, 0.22605319321155548], "Lt. Metatarsal Phal. I": [0.14709408581256866, -0.8966566324234009, -0.10694833099842072], "Lt. Metatarsal Phal. V": [0.21777774393558502, -0.8966836333274841, -0.15471310913562775], "Lt. Olecranon": [0.3620709478855133, 0.22766104340553284, 0.08280672878026962], "Lt. PSIS": [0.09795364737510681, 0.06678982824087143, -0.2327423095703125], "Lt. Radial Styloid": [0.21724295616149902, 0.05039752274751663, 0.14319998025894165], "Lt. Radiale": [0.3264264464378357, 0.23903967440128326, 0.11332980543375015], "Lt. Sphyrion": [0.13038189709186554, -0.7989991307258606, -0.22811542451381683], "Lt. Thelion/Bustpoint": [0.14650146663188934, 0.24514636397361755, 0.08776168525218964], "Lt. Tragion": [0.09454573690891266, 0.6113207936286926, 0.021311946213245392], "Lt. Trochanterion": [0.22869718074798584, -0.03451928496360779, -0.09213895350694656], "Lt. Ulnar Styloid": [0.2135683298110962, 0.079329714179039, 0.1920166313648224], "Nuchale": [0.040970828384160995, 0.6256150007247925, -0.07862989604473114], "Rt. 10th Rib": [-0.09008044749498367, 0.13793537020683289, 0.0249255932867527], "Rt. ASIS": [-0.12228528410196304, 0.03035581298172474, -2.6077270376845263e-05], "Rt. Acromion": [-0.1555810272693634, 0.45694005489349365, -0.017421452328562737], "Rt. Axilla, Ant.": [-0.13320975005626678, 0.3523939847946167, -0.0034465943463146687], "Rt. Axilla, Post.": [-0.19887571036815643, 0.32220563292503357, -0.06628662347793579], "Rt. Calcaneous, Post.": [-0.056191351264715195, -0.8081342577934265, -0.3135703206062317], "Rt. Clavicale": [0.007225526962429285, 0.43395766615867615, 0.014293970540165901], "Rt. Dactylion": [-0.01804516650736332, 0.03445037826895714, 0.24558936059474945], "Rt. Digit II": [-0.15595874190330505, -0.9109721779823303, -0.10152930021286011], "Rt. Femoral Lateral Epicn": [-0.14620080590248108, -0.4184730648994446, -0.21267880499362946], "Rt. Femoral Medial Epicn": [-0.030226700007915497, -0.43252700567245483, -0.18104633688926697], "Rt. Gonion": [-0.027346016839146614, 0.5624867081642151, 0.0021173625718802214], "Rt. Humeral Lateral Epicn": [-0.2833191454410553, 0.2730189859867096, 0.08127474784851074], "Rt. Humeral Medial Epicn": [-0.288145512342453, 0.21214471757411957, 0.024541059508919716], "Rt. Iliocristale": [-0.15296709537506104, 0.10928979516029358, -0.048847686499357224], "Rt. Infraorbitale": [-0.011492234654724598, 0.5705297589302063, 0.08343183994293213], "Rt. Knee Crease": [-0.0721728652715683, -0.4126129150390625, -0.23533549904823303], "Rt. Lateral Malleolus": [-0.12556827068328857, -0.780237078666687, -0.27224239706993103], "Rt. Medial Malleolus": [-0.07061660289764404, -0.7814724445343018, -0.22786745429039001], "Rt. Metacarpal Phal. II": [-0.07898132503032684, 0.04892474412918091, 0.1877935826778412], "Rt. Metacarpal Phal. V": [-0.11485752463340759, 0.06665359437465668, 0.2362011969089508], "Rt. Metatarsal Phal. I": [-0.11325964331626892, -0.8971603512763977, -0.1053304448723793], "Rt. Metatarsal Phal. V": [-0.1679474413394928, -0.8909417986869812, -0.1678590029478073], "Rt. Olecranon": [-0.314031183719635, 0.2386007010936737, 0.05639089643955231], "Rt. PSIS": [-0.026642505079507828, 0.06785646080970764, -0.23796337842941284], "Rt. Radial Styloid": [-0.16155019402503967, 0.057289279997348785, 0.1308860182762146], "Rt. Radiale": [-0.28957584500312805, 0.2524832785129547, 0.08795101940631866], "Rt. Sphyrion": [-0.07119335979223251, -0.8024190068244934, -0.2262120097875595], "Rt. Thelion/Bustpoint": [-0.07796110212802887, 0.24985595047473907, 0.07105730473995209], "Rt. Tragion": [-0.04142678156495094, 0.6095068454742432, 0.007685799151659012], "Rt. Trochanterion": [-0.1667431890964508, -0.03659144043922424, -0.10949801653623581], "Rt. Ulnar Styloid": [-0.17572884261608124, 0.08747421950101852, 0.1868620216846466], "Sellion": [0.01706063002347946, 0.5933841466903687, 0.10611138492822647], "Substernale": [0.0336780771613121, 0.21641799807548523, 0.08447787165641785], "Supramenton": [0.02433808520436287, 0.5138328671455383, 0.07029664516448975], "Suprasternale": [0.03232399746775627, 0.4134892523288727, 0.031012175604701042], "Waist, Preferred, Post.": [0.03868645802140236, 0.06718803197145462, -0.24157586693763733]}