{"10th Rib Midspine": [-9.256417251890525e-05, 0.244062140583992, -0.155273899435997], "Cervicale": [0.007168374955654144, 0.5776053667068481, -0.12879423797130585], "Lt. 10th Rib": [0.1128697544336319, 0.18447186052799225, -0.00441896403208375], "Lt. ASIS": [0.1407928466796875, 0.0705619677901268, -0.030627569183707237], "Lt. Acromion": [0.13127045333385468, 0.6110164523124695, -0.10186026245355606], "Lt. Axilla, Ant.": [0.17038172483444214, 0.528414785861969, -0.053369779139757156], "Lt. Axilla, Post.": [0.24230554699897766, 0.5612123608589172, -0.07857143878936768], "Lt. Calcaneous, Post.": [0.12763094902038574, -0.813173234462738, -0.2913289964199066], "Lt. Clavicale": [0.030044442042708397, 0.5059419274330139, -0.01766827329993248], "Lt. Dactylion": [0.37334752082824707, 1.1270087957382202, 0.034658003598451614], "Lt. Digit II": [0.14191412925720215, -0.8425973057746887, -0.05958325043320656], "Lt. Femoral Lateral Epicn": [0.18608832359313965, -0.4122309982776642, -0.1882854849100113], "Lt. Femoral Medial Epicn": [0.06978123635053635, -0.41251617670059204, -0.21301764249801636], "Lt. Gonion": [0.06909085065126419, 0.6348583102226257, -0.04142754524946213], "Lt. Humeral Lateral Epicn": [0.31159043312072754, 0.7581353187561035, -0.0579180009663105], "Lt. Humeral Medial Epicn": [0.33008629083633423, 0.7367799282073975, 0.009171735495328903], "Lt. Iliocristale": [0.1488274782896042, 0.15245062112808228, -0.040057070553302765], "Lt. Infraorbitale": [0.04674078896641731, 0.6664322018623352, 0.03322530537843704], "Lt. Knee Crease": [0.12831991910934448, -0.39965587854385376, -0.24300411343574524], "Lt. Lateral Malleolus": [0.1643967181444168, -0.7729899883270264, -0.23970767855644226], "Lt. Medial Malleolus": [0.1023465245962143, -0.7753571271896362, -0.22402621805667877], "Lt. Metacarpal Phal. II": [0.3384355902671814, 1.0569239854812622, 0.034038789570331573], "Lt. Metacarpal Phal. V": [0.39962854981422424, 1.0417160987854004, 0.04217370226979256], "Lt. Metatarsal Phal. I": [0.12864166498184204, -0.8374859094619751, -0.0762343779206276], "Lt. Metatarsal Phal. V": [0.19481731951236725, -0.8344451189041138, -0.11211596429347992], "Lt. Olecranon": [0.34268975257873535, 0.7428622841835022, -0.018667785450816154], "Lt. PSIS": [0.06910504400730133, 0.10117027163505554, -0.23582519590854645], "Lt. Radial Styloid": [0.33821356296539307, 0.9567914009094238, 0.036376453936100006], "Lt. Radiale": [0.3248840868473053, 0.7723466157913208, -0.04518242925405502], "Lt. Sphyrion": [0.10400857776403427, -0.7964587211608887, -0.2222677618265152], "Lt. Thelion/Bustpoint": [0.10919718444347382, 0.3387109637260437, 0.04632130265235901], "Lt. Tragion": [0.07231705635786057, 0.6806891560554504, -0.046349771320819855], "Lt. Trochanterion": [0.19461138546466827, -0.011115348897874355, -0.104399673640728], "Lt. Ulnar Styloid": [0.38005828857421875, 0.9643163084983826, 0.01756231300532818], "Nuchale": [0.0006987638189457357, 0.669469952583313, -0.12761655449867249], "Rt. 10th Rib": [-0.0975835993885994, 0.18344222009181976, 0.010289483703672886], "Rt. ASIS": [-0.13212259113788605, 0.062397804111242294, -0.02890043705701828], "Rt. Acromion": [-0.11155914515256882, 0.6159030199050903, -0.09450583159923553], "Rt. Axilla, Ant.": [-0.15037287771701813, 0.5173100233078003, -0.04924895614385605], "Rt. Axilla, Post.": [-0.23123925924301147, 0.5617990493774414, -0.08068008720874786], "Rt. Calcaneous, Post.": [-0.14093907177448273, -0.8131676912307739, -0.30120766162872314], "Rt. Clavicale": [-0.01697605848312378, 0.5090753436088562, -0.013459132052958012], "Rt. Dactylion": [-0.34505751729011536, 1.1440843343734741, 0.023910190910100937], "Rt. Digit II": [-0.21110214293003082, -0.8424895405769348, -0.08733890950679779], "Rt. Femoral Lateral Epicn": [-0.20003707706928253, -0.4106934368610382, -0.21997226774692535], "Rt. Femoral Medial Epicn": [-0.08423898369073868, -0.4147960841655731, -0.221663236618042], "Rt. Gonion": [-0.05486486852169037, 0.6250401735305786, -0.03909846395254135], "Rt. Humeral Lateral Epicn": [-0.3153572678565979, 0.7619912028312683, -0.06835339963436127], "Rt. Humeral Medial Epicn": [-0.32196730375289917, 0.7428756952285767, 0.004681706428527832], "Rt. Iliocristale": [-0.16044925153255463, 0.13582278788089752, -0.04950831085443497], "Rt. Infraorbitale": [-0.024629047140479088, 0.6542484164237976, 0.03655792400240898], "Rt. Knee Crease": [-0.13676732778549194, -0.3995010256767273, -0.25852128863334656], "Rt. Lateral Malleolus": [-0.19205240905284882, -0.769084095954895, -0.25787654519081116], "Rt. Medial Malleolus": [-0.13649967312812805, -0.7721627354621887, -0.2335614114999771], "Rt. Metacarpal Phal. II": [-0.31550848484039307, 1.0663458108901978, 0.014822806231677532], "Rt. Metacarpal Phal. V": [-0.37965789437294006, 1.0611013174057007, 0.019208865240216255], "Rt. Metatarsal Phal. I": [-0.18490348756313324, -0.831480860710144, -0.09298121929168701], "Rt. Metatarsal Phal. V": [-0.2476022094488144, -0.8327620029449463, -0.13788200914859772], "Rt. Olecranon": [-0.34712114930152893, 0.747292160987854, -0.031570304185152054], "Rt. PSIS": [-0.060299139469861984, 0.1021479144692421, -0.24237971007823944], "Rt. Radial Styloid": [-0.31648918986320496, 0.9786360263824463, 0.022849610075354576], "Rt. Radiale": [-0.33147838711738586, 0.7758714556694031, -0.058204762637615204], "Rt. Sphyrion": [-0.13763535022735596, -0.7905623912811279, -0.23039650917053223], "Rt. Thelion/Bustpoint": [-0.09899382293224335, 0.3479926884174347, 0.04501255974173546], "Rt. Tragion": [-0.06603167206048965, 0.6714998483657837, -0.04627666622400284], "Rt. Trochanterion": [-0.2072429209947586, -0.016832459717988968, -0.13164381682872772], "Rt. Ulnar Styloid": [-0.36329853534698486, 0.9809728264808655, -0.0011045499704778194], "Sellion": [0.0037154993042349815, 0.6838102340698242, 0.05182373896241188], "Substernale": [0.000953549169935286, 0.2758244574069977, 0.028447404503822327], "Supramenton": [0.012379240244626999, 0.5988930463790894, 0.038871731609106064], "Suprasternale": [0.006961545441299677, 0.47718751430511475, -0.0026675425469875336], "Waist, Preferred, Post.": [0.005403073504567146, 0.09899595379829407, -0.24353599548339844]}