{"10th Rib Midspine": [0.12683267891407013, 0.011730806902050972, 0.025080662220716476], "Cervicale": [0.1321534961462021, 0.3426796495914459, 0.06949962675571442], "Lt. 10th Rib": [0.20395074784755707, -0.03779808431863785, 0.20033176243305206], "Lt. ASIS": [0.204937145113945, -0.14112280309200287, 0.19766797125339508], "Lt. Acromion": [0.29695069789886475, 0.40266191959381104, 0.10336222499608994], "Lt. Axilla, Ant.": [0.2948165237903595, 0.32809779047966003, 0.16982680559158325], "Lt. Axilla, Post.": [0.3849969208240509, 0.3440289795398712, 0.1626967489719391], "Lt. Calcaneous, Post.": [0.043374426662921906, -1.1192224025726318, 0.0020004070829600096], "Lt. Clavicale": [0.15480481088161469, 0.3050292432308197, 0.19404517114162445], "Lt. Dactylion": [0.16645370423793793, 0.8571386337280273, 0.2456234097480774], "Lt. Digit II": [0.084892638027668, -1.1502131223678589, 0.24983632564544678], "Lt. Femoral Lateral Epicn": [0.19542022049427032, -0.6841759085655212, 0.06567005813121796], "Lt. Femoral Medial Epicn": [0.10587619245052338, -0.6686316728591919, 0.03242387995123863], "Lt. Gonion": [0.19126754999160767, 0.44198858737945557, 0.1959061622619629], "Lt. Humeral Lateral Epicn": [0.47780469059944153, 0.5495204925537109, 0.20139409601688385], "Lt. Humeral Medial Epicn": [0.4951137602329254, 0.5383709669113159, 0.2733169198036194], "Lt. Iliocristale": [0.23275573551654816, -0.06757501512765884, 0.1735668033361435], "Lt. Infraorbitale": [0.16431105136871338, 0.46346551179885864, 0.27041128277778625], "Lt. Knee Crease": [0.14968600869178772, -0.659817636013031, 0.016961921006441116], "Lt. Lateral Malleolus": [0.09552391618490219, -1.078143835067749, 0.05523696914315224], "Lt. Medial Malleolus": [0.035423532128334045, -1.0651816129684448, 0.07086829841136932], "Lt. Metacarpal Phal. II": [0.23534338176250458, 0.7981069684028625, 0.23383983969688416], "Lt. Metacarpal Phal. V": [0.24550634622573853, 0.7993348240852356, 0.2931540310382843], "Lt. Metatarsal Phal. I": [0.05609123408794403, -1.124826192855835, 0.2327233850955963], "Lt. Metatarsal Phal. V": [0.1274101436138153, -1.1459951400756836, 0.19137278199195862], "Lt. Olecranon": [0.5146594047546387, 0.5488181114196777, 0.24627557396888733], "Lt. PSIS": [0.17267654836177826, -0.16838259994983673, 0.007611772511154413], "Lt. Radial Styloid": [0.29776135087013245, 0.7104412913322449, 0.25146135687828064], "Lt. Radiale": [0.4821104407310486, 0.5703232884407043, 0.21190086007118225], "Lt. Sphyrion": [0.03463989123702049, -1.0898305177688599, 0.07624467462301254], "Lt. Thelion/Bustpoint": [0.2107776552438736, 0.15025851130485535, 0.2264155000448227], "Lt. Tragion": [0.19879499077796936, 0.4865431785583496, 0.19477418065071106], "Lt. Trochanterion": [0.24532091617584229, -0.26110559701919556, 0.1598811000585556], "Lt. Ulnar Styloid": [0.3231927156448364, 0.7422143816947937, 0.27819257974624634], "Nuchale": [0.1289946585893631, 0.4957544207572937, 0.09699622541666031], "Rt. 10th Rib": [0.015917832031846046, -0.018759412690997124, 0.17937149107456207], "Rt. ASIS": [-0.024530965834856033, -0.11951383948326111, 0.14979463815689087], "Rt. Acromion": [-0.037126947194337845, 0.40212303400039673, 0.08703729510307312], "Rt. Axilla, Ant.": [-0.029984701424837112, 0.31142717599868774, 0.15920525789260864], "Rt. Axilla, Post.": [-0.11700810492038727, 0.343330979347229, 0.16440676152706146], "Rt. Calcaneous, Post.": [0.07987341284751892, -0.550663411617279, 0.12028999626636505], "Rt. Clavicale": [0.10220487415790558, 0.3012574315071106, 0.18970714509487152], "Rt. Dactylion": [0.08180731534957886, 0.8798269033432007, 0.23164032399654388], "Rt. Digit II": [0.0752635970711708, -0.7863118052482605, 0.033644646406173706], "Rt. Femoral Lateral Epicn": [-0.3365239202976227, -0.4288734197616577, 0.1732209324836731], "Rt. Femoral Medial Epicn": [-0.2770017087459564, -0.45187467336654663, 0.25410279631614685], "Rt. Gonion": [0.06441287696361542, 0.43614086508750916, 0.1908349245786667], "Rt. Humeral Lateral Epicn": [-0.22375939786434174, 0.5491647720336914, 0.215161994099617], "Rt. Humeral Medial Epicn": [-0.18775232136249542, 0.5445973873138428, 0.28170859813690186], "Rt. Iliocristale": [-0.03351300209760666, -0.061084091663360596, 0.1130436435341835], "Rt. Infraorbitale": [0.08990404009819031, 0.45487603545188904, 0.27067509293556213], "Rt. Knee Crease": [-0.29314538836479187, -0.4205847680568695, 0.162373349070549], "Rt. Lateral Malleolus": [0.01624048501253128, -0.5856661200523376, 0.07529822736978531], "Rt. Medial Malleolus": [0.02542025037109852, -0.6150622367858887, 0.13442689180374146], "Rt. Metacarpal Phal. II": [0.008667307905852795, 0.8108110427856445, 0.20424993336200714], "Rt. Metacarpal Phal. V": [-0.0006284721894189715, 0.8227585554122925, 0.26680347323417664], "Rt. Metatarsal Phal. I": [0.06783168762922287, -0.7712945938110352, 0.0724223181605339], "Rt. Metatarsal Phal. V": [0.08257269114255905, -0.7258450984954834, 0.009166832081973553], "Rt. Olecranon": [-0.23828773200511932, 0.5543951392173767, 0.2620197534561157], "Rt. PSIS": [0.07445595413446426, -0.156955748796463, -0.009264204651117325], "Rt. Radial Styloid": [-0.03919696435332298, 0.7346000075340271, 0.20541268587112427], "Rt. Radiale": [-0.22486461699008942, 0.5682739019393921, 0.22699110209941864], "Rt. Sphyrion": [0.04320593923330307, -0.6219395995140076, 0.1275285929441452], "Rt. Thelion/Bustpoint": [0.029438922181725502, 0.1466965675354004, 0.21448644995689392], "Rt. Tragion": [0.05272319167852402, 0.4807930290699005, 0.1827445775270462], "Rt. Trochanterion": [-0.08904751390218735, -0.2015407681465149, 0.07933883368968964], "Rt. Ulnar Styloid": [-0.07114260643720627, 0.7571032643318176, 0.24573874473571777], "Sellion": [0.1211441308259964, 0.4802096486091614, 0.29071497917175293], "Substernale": [0.1148218959569931, 0.060793615877628326, 0.23799854516983032], "Supramenton": [0.1250579059123993, 0.3837675154209137, 0.2725856900215149], "Suprasternale": [0.12843938171863556, 0.28351178765296936, 0.1991371512413025], "Waist, Preferred, Post.": [0.12465045601129532, -0.16358178853988647, 0.0009351731860078871]}