{"10th Rib Midspine": [0.18152295053005219, 0.3492201864719391, -0.28805670142173767], "Cervicale": [0.1904633790254593, 0.7062970995903015, -0.24386069178581238], "Lt. 10th Rib": [0.3161312937736511, 0.27665942907333374, -0.08651617169380188], "Lt. ASIS": [0.3156319558620453, 0.16567742824554443, -0.11215998232364655], "Lt. Acromion": [0.35614508390426636, 0.7431086301803589, -0.1794363409280777], "Lt. Axilla, Ant.": [0.3803099989891052, 0.6681104898452759, -0.11134733259677887], "Lt. Axilla, Post.": [0.45751067996025085, 0.6788433790206909, -0.14003130793571472], "Lt. Calcaneous, Post.": [0.088261678814888, -0.8067751526832581, -0.3488408029079437], "Lt. Clavicale": [0.21972332894802094, 0.6393470168113708, -0.09104476124048233], "Lt. Dactylion": [0.3080376982688904, 1.1745423078536987, 0.11990001052618027], "Lt. Digit II": [0.18123900890350342, -0.8391053676605225, -0.11228509247303009], "Lt. Femoral Lateral Epicn": [0.23383593559265137, -0.3740498125553131, -0.2302539050579071], "Lt. Femoral Medial Epicn": [0.12583352625370026, -0.3531773090362549, -0.24906021356582642], "Lt. Gonion": [0.2602819502353668, 0.7740875482559204, -0.11014728993177414], "Lt. Humeral Lateral Epicn": [0.5294095277786255, 0.89246666431427, -0.09630927443504333], "Lt. Humeral Medial Epicn": [0.5776684284210205, 0.8687794208526611, -0.04250554367899895], "Lt. Iliocristale": [0.3468947410583496, 0.24450042843818665, -0.13625940680503845], "Lt. Infraorbitale": [0.2223915457725525, 0.8008357286453247, -0.031218696385622025], "Lt. Knee Crease": [0.18107376992702484, -0.3452374339103699, -0.28297051787376404], "Lt. Lateral Malleolus": [0.14710505306720734, -0.7647864818572998, -0.29355883598327637], "Lt. Medial Malleolus": [0.07875071465969086, -0.7570880055427551, -0.27119287848472595], "Lt. Metacarpal Phal. II": [0.34547796845436096, 1.133728265762329, 0.052083514630794525], "Lt. Metacarpal Phal. V": [0.37740465998649597, 1.1239008903503418, 0.11799665540456772], "Lt. Metatarsal Phal. I": [0.14204855263233185, -0.8330320715904236, -0.12446673214435577], "Lt. Metatarsal Phal. V": [0.20404154062271118, -0.8274935483932495, -0.1777782440185547], "Lt. Olecranon": [0.5815563797950745, 0.8841823935508728, -0.0734359472990036], "Lt. PSIS": [0.23823966085910797, 0.1743219941854477, -0.3109787106513977], "Lt. Radial Styloid": [0.40415528416633606, 1.0529539585113525, 0.0332668274641037], "Lt. Radiale": [0.5356672406196594, 0.9084274172782898, -0.08713824301958084], "Lt. Sphyrion": [0.07914000004529953, -0.7835120558738708, -0.2666219174861908], "Lt. Thelion/Bustpoint": [0.3006851077079773, 0.458924800157547, -0.042555637657642365], "Lt. Tragion": [0.2699475586414337, 0.8215246796607971, -0.10665103048086166], "Lt. Trochanterion": [0.34877875447273254, 0.04645649716258049, -0.16432444751262665], "Lt. Ulnar Styloid": [0.44591107964515686, 1.0744420289993286, 0.05401049926877022], "Nuchale": [0.20143462717533112, 0.8337463140487671, -0.2037568837404251], "Rt. 10th Rib": [0.04405598342418671, 0.29004764556884766, -0.08024010807275772], "Rt. ASIS": [0.015917889773845673, 0.1750946044921875, -0.12403211742639542], "Rt. Acromion": [0.05079857259988785, 0.7621912956237793, -0.18238119781017303], "Rt. Axilla, Ant.": [0.025270763784646988, 0.6782083511352539, -0.11681876331567764], "Rt. Axilla, Post.": [-0.0565311536192894, 0.7008770108222961, -0.1339738368988037], "Rt. Calcaneous, Post.": [0.13028647005558014, -0.25470250844955444, -0.1601025015115738], "Rt. Clavicale": [0.15697775781154633, 0.6454902291297913, -0.08929505944252014], "Rt. Dactylion": [0.13421380519866943, 1.2084397077560425, 0.11885969340801239], "Rt. Digit II": [0.10505308210849762, -0.49015262722969055, -0.24053069949150085], "Rt. Femoral Lateral Epicn": [-0.2712966203689575, -0.11819294840097427, -0.06510485708713531], "Rt. Femoral Medial Epicn": [-0.19869720935821533, -0.13543808460235596, 0.020736342296004295], "Rt. Gonion": [0.11854234337806702, 0.7735257744789124, -0.12064065784215927], "Rt. Humeral Lateral Epicn": [-0.10664427280426025, 0.8998842835426331, -0.05392339453101158], "Rt. Humeral Medial Epicn": [-0.11758900433778763, 0.8698923587799072, 0.01832742802798748], "Rt. Iliocristale": [-0.010211371816694736, 0.2421722710132599, -0.16167166829109192], "Rt. Infraorbitale": [0.14809927344322205, 0.7969539165496826, -0.03642715513706207], "Rt. Knee Crease": [-0.23346517980098724, -0.09848430007696152, -0.08350373804569244], "Rt. Lateral Malleolus": [0.05754445493221283, -0.29072698950767517, -0.19627365469932556], "Rt. Medial Malleolus": [0.08011050522327423, -0.31635773181915283, -0.12525640428066254], "Rt. Metacarpal Phal. II": [0.09478425234556198, 1.1492244005203247, 0.06407401710748672], "Rt. Metacarpal Phal. V": [0.0836205780506134, 1.126531958580017, 0.12557758390903473], "Rt. Metatarsal Phal. I": [0.11815084517002106, -0.47931969165802, -0.19965693354606628], "Rt. Metatarsal Phal. V": [0.09241176396608353, -0.4238763451576233, -0.2673797607421875], "Rt. Olecranon": [-0.14948208630084991, 0.8951646089553833, -0.015199115499854088], "Rt. PSIS": [0.1277109831571579, 0.17612098157405853, -0.3219447731971741], "Rt. Radial Styloid": [0.05933264270424843, 1.0556573867797852, 0.057145241647958755], "Rt. Radiale": [-0.11332610994577408, 0.9139828085899353, -0.039941638708114624], "Rt. Sphyrion": [0.0996328592300415, -0.3255969285964966, -0.13828225433826447], "Rt. Thelion/Bustpoint": [0.0526067391037941, 0.47206220030784607, -0.047462236136198044], "Rt. Tragion": [0.11052699387073517, 0.8219909071922302, -0.12081703543663025], "Rt. Trochanterion": [-0.05252715200185776, 0.1146991178393364, -0.20909187197685242], "Rt. Ulnar Styloid": [0.02687419019639492, 1.0711816549301147, 0.10420990735292435], "Sellion": [0.1807132214307785, 0.8220905661582947, -0.01375273335725069], "Substernale": [0.17604336142539978, 0.37431782484054565, -0.015496112406253815], "Supramenton": [0.18111330270767212, 0.729209303855896, -0.03792380541563034], "Suprasternale": [0.1838444471359253, 0.6146170496940613, -0.07578709721565247], "Waist, Preferred, Post.": [0.18310292065143585, 0.17467065155506134, -0.317317396402359]}