{"10th Rib Midspine": [0.19566014409065247, 0.27788180112838745, -0.1188325434923172], "Cervicale": [0.13678407669067383, 0.6374720335006714, -0.12166550010442734], "Lt. 10th Rib": [-0.060393672436475754, 0.1972171515226364, -0.08713843673467636], "Lt. ASIS": [-0.043456003069877625, 0.12144111841917038, -0.09361271560192108], "Lt. Acromion": [-0.00736243138089776, 0.4741339683532715, 0.054449889808893204], "Lt. Axilla, Ant.": [-0.008006192743778229, 0.41844335198402405, 0.033136337995529175], "Lt. Axilla, Post.": [0.12199165672063828, 0.4023621082305908, 0.042661093175411224], "Lt. Calcaneous, Post.": [-0.06060805544257164, -0.8223636150360107, -0.13220128417015076], "Lt. Clavicale": [-0.004539601504802704, 0.5326243042945862, -0.15009334683418274], "Lt. Dactylion": [0.15145352482795715, -0.2007056623697281, 0.17821857333183289], "Lt. Digit II": [-0.29705217480659485, -0.8279405832290649, -0.2223179042339325], "Lt. Femoral Lateral Epicn": [-0.09641379863023758, -0.37709492444992065, -0.10607466101646423], "Lt. Femoral Medial Epicn": [-0.03448662906885147, -0.38053765892982483, -0.19549475610256195], "Lt. Gonion": [-0.002528523560613394, 0.6636917591094971, -0.10410172492265701], "Lt. Humeral Lateral Epicn": [0.0818050429224968, 0.243790864944458, 0.1410747915506363], "Lt. Humeral Medial Epicn": [0.1520462930202484, 0.22949184477329254, 0.11100426316261292], "Lt. Iliocristale": [-0.02227718010544777, 0.1699737161397934, -0.04405803233385086], "Lt. Infraorbitale": [-0.06441477686166763, 0.7027053236961365, -0.14771124720573425], "Lt. Knee Crease": [-0.025158045813441277, -0.3724159002304077, -0.13223955035209656], "Lt. Lateral Malleolus": [-0.13197782635688782, -0.770821750164032, -0.12435583770275116], "Lt. Medial Malleolus": [-0.11017917096614838, -0.7667310237884521, -0.19184455275535583], "Lt. Metacarpal Phal. II": [0.11568211764097214, -0.10730826109647751, 0.16543348133563995], "Lt. Metacarpal Phal. V": [0.1646101176738739, -0.09790626168251038, 0.21407514810562134], "Lt. Metatarsal Phal. I": [-0.2720520496368408, -0.8117238879203796, -0.2444348782300949], "Lt. Metatarsal Phal. V": [-0.2711224853992462, -0.8148657083511353, -0.15792925655841827], "Lt. Olecranon": [0.13709203898906708, 0.24127669632434845, 0.13667742908000946], "Lt. PSIS": [0.1848944127559662, 0.1161663755774498, -0.07233962416648865], "Lt. Radial Styloid": [0.157587930560112, -0.00549349095672369, 0.14362262189388275], "Lt. Radiale": [0.09373905509710312, 0.2225751280784607, 0.14445409178733826], "Lt. Sphyrion": [-0.11594085395336151, -0.7905645966529846, -0.19069714844226837], "Lt. Thelion/Bustpoint": [-0.11354385316371918, 0.35048505663871765, -0.11264987289905548], "Lt. Tragion": [0.005926945246756077, 0.7112308740615845, -0.09760888665914536], "Lt. Trochanterion": [-0.0298338420689106, 0.028428444638848305, -0.05447550117969513], "Lt. Ulnar Styloid": [0.14366307854652405, 0.00032189322519116104, 0.2024683803319931], "Nuchale": [0.11325115710496902, 0.7167757749557495, -0.1434817910194397], "Rt. 10th Rib": [0.039739374071359634, 0.23500360548496246, -0.3580871820449829], "Rt. ASIS": [0.09260037541389465, 0.12404206395149231, -0.35468772053718567], "Rt. Acromion": [0.12035061419010162, 0.6673727035522461, -0.314412385225296], "Rt. Axilla, Ant.": [0.09230729192495346, 0.5659621357917786, -0.3295513689517975], "Rt. Axilla, Post.": [0.12418054789304733, 0.5361958146095276, -0.39647528529167175], "Rt. Calcaneous, Post.": [0.3471050560474396, -0.8095651268959045, -0.21640326082706451], "Rt. Clavicale": [0.02256452478468418, 0.5490710735321045, -0.20998364686965942], "Rt. Dactylion": [-0.360142320394516, 0.8366720080375671, -0.5228046774864197], "Rt. Digit II": [0.19411835074424744, -0.8189901113510132, -0.41716232895851135], "Rt. Femoral Lateral Epicn": [0.2550477683544159, -0.3621826767921448, -0.30677247047424316], "Rt. Femoral Medial Epicn": [0.19680489599704742, -0.37447887659072876, -0.21928314864635468], "Rt. Gonion": [0.0336456224322319, 0.6601047515869141, -0.2417476773262024], "Rt. Humeral Lateral Epicn": [0.015843117609620094, 0.6334664225578308, -0.5417708158493042], "Rt. Humeral Medial Epicn": [-0.02299109660089016, 0.5636208653450012, -0.5502858757972717], "Rt. Iliocristale": [0.14659781754016876, 0.19443795084953308, -0.3601345121860504], "Rt. Infraorbitale": [-0.05049644783139229, 0.693818211555481, -0.22349536418914795], "Rt. Knee Crease": [0.25144392251968384, -0.352488249540329, -0.2408369779586792], "Rt. Lateral Malleolus": [0.3359436094760895, -0.7553260326385498, -0.28907281160354614], "Rt. Medial Malleolus": [0.2765534222126007, -0.7680537104606628, -0.249223530292511], "Rt. Metacarpal Phal. II": [-0.26751402020454407, 0.7919797301292419, -0.509350061416626], "Rt. Metacarpal Phal. V": [-0.3065200746059418, 0.7520425319671631, -0.5641008019447327], "Rt. Metatarsal Phal. I": [0.17590980231761932, -0.8049190640449524, -0.38018369674682617], "Rt. Metatarsal Phal. V": [0.2619902789592743, -0.8048573732376099, -0.4088466763496399], "Rt. Olecranon": [0.007169003132730722, 0.5874765515327454, -0.5797078609466553], "Rt. PSIS": [0.24571776390075684, 0.13396252691745758, -0.16304555535316467], "Rt. Radial Styloid": [-0.22205686569213867, 0.7055859565734863, -0.4993307590484619], "Rt. Radiale": [0.00360518298111856, 0.6313440203666687, -0.5550439357757568], "Rt. Sphyrion": [0.278901070356369, -0.7859089374542236, -0.2554105222225189], "Rt. Thelion/Bustpoint": [-0.014341916888952255, 0.39903515577316284, -0.3373231887817383], "Rt. Tragion": [0.040498629212379456, 0.7109274864196777, -0.24858874082565308], "Rt. Trochanterion": [0.17596587538719177, 0.04742760583758354, -0.35472625494003296], "Rt. Ulnar Styloid": [-0.23282580077648163, 0.7017229199409485, -0.5623835325241089], "Sellion": [-0.07266398519277573, 0.7286720871925354, -0.19501516222953796], "Substernale": [-0.08720067143440247, 0.2961729168891907, -0.2513073980808258], "Supramenton": [-0.07134197652339935, 0.598405659198761, -0.18926385045051575], "Suprasternale": [-0.0065584746189415455, 0.5230528116226196, -0.1916106939315796], "Waist, Preferred, Post.": [0.21557962894439697, 0.11941388994455338, -0.11806495487689972]}