{"10th Rib Midspine": [0.04324444755911827, 0.1902805119752884, -0.13680873811244965], "Cervicale": [0.047749970108270645, 0.5215249061584473, -0.13585661351680756], "Lt. 10th Rib": [0.10339286923408508, 0.11368263512849808, 0.011732946150004864], "Lt. ASIS": [0.09934447705745697, 0.00775442598387599, -0.0016137404600158334], "Lt. Acromion": [0.18934951722621918, 0.534271776676178, -0.11399342119693756], "Lt. Axilla, Ant.": [0.20336765050888062, 0.46008604764938354, -0.054439980536699295], "Lt. Axilla, Post.": [0.28227999806404114, 0.48746100068092346, -0.07643532007932663], "Lt. Calcaneous, Post.": [-0.054414935410022736, -0.8841243386268616, -0.27792099118232727], "Lt. Clavicale": [0.06890659779310226, 0.45785126090049744, -0.022192124277353287], "Lt. Dactylion": [0.12124086916446686, 1.0047833919525146, 0.04499637335538864], "Lt. Digit II": [-0.020792022347450256, -0.9092705249786377, -0.04034116491675377], "Lt. Femoral Lateral Epicn": [0.07708093523979187, -0.49310609698295593, -0.1683530956506729], "Lt. Femoral Medial Epicn": [-0.01671936735510826, -0.4697057604789734, -0.20398607850074768], "Lt. Gonion": [0.10817831009626389, 0.5895791053771973, -0.025599410757422447], "Lt. Humeral Lateral Epicn": [0.3497861921787262, 0.6897844076156616, -0.07646170258522034], "Lt. Humeral Medial Epicn": [0.391069620847702, 0.6865382790565491, -0.01983586512506008], "Lt. Iliocristale": [0.1271473467350006, 0.08104495704174042, -0.013161485083401203], "Lt. Infraorbitale": [0.08912858366966248, 0.6140045523643494, 0.050801072269678116], "Lt. Knee Crease": [0.03660920634865761, -0.472445547580719, -0.21584054827690125], "Lt. Lateral Malleolus": [-0.01488141342997551, -0.846455454826355, -0.22330550849437714], "Lt. Medial Malleolus": [-0.07820557802915573, -0.8370371460914612, -0.2085118442773819], "Lt. Metacarpal Phal. II": [0.1739521622657776, 0.9448661208152771, 0.01033019833266735], "Lt. Metacarpal Phal. V": [0.20192600786685944, 0.9563372731208801, 0.05679439380764961], "Lt. Metatarsal Phal. I": [-0.05269948020577431, -0.8988119959831238, -0.05536651611328125], "Lt. Metatarsal Phal. V": [0.013056956231594086, -0.9032139778137207, -0.08959455788135529], "Lt. Olecranon": [0.39891737699508667, 0.6968371868133545, -0.050172109156847], "Lt. PSIS": [0.08076860010623932, 0.027270136401057243, -0.17926795780658722], "Lt. Radial Styloid": [0.2395913302898407, 0.8653112053871155, 0.02024591527879238], "Lt. Radiale": [0.36139121651649475, 0.7092915177345276, -0.07032467424869537], "Lt. Sphyrion": [-0.08031751960515976, -0.8571585416793823, -0.20581570267677307], "Lt. Thelion/Bustpoint": [0.1438625603914261, 0.2684796154499054, 0.06855840235948563], "Lt. Tragion": [0.12364831566810608, 0.6356307864189148, -0.02386084757745266], "Lt. Trochanterion": [0.1433192789554596, -0.09775502234697342, -0.05497509986162186], "Lt. Ulnar Styloid": [0.27019593119621277, 0.8946753144264221, 0.02073184959590435], "Nuchale": [0.05353542044758797, 0.6553006768226624, -0.11317375302314758], "Rt. 10th Rib": [-0.06808935850858688, 0.13919633626937866, -0.022690583020448685], "Rt. ASIS": [-0.11838403344154358, 0.050790466368198395, -0.05264836549758911], "Rt. Acromion": [-0.09616664797067642, 0.539195716381073, -0.11881107091903687], "Rt. Axilla, Ant.": [-0.09901723265647888, 0.4498210847377777, -0.05998905003070831], "Rt. Axilla, Post.": [-0.195151224732399, 0.49033987522125244, -0.08347595483064651], "Rt. Calcaneous, Post.": [-0.009633924812078476, -0.2477247267961502, -0.1247829869389534], "Rt. Clavicale": [0.015660692006349564, 0.4573265314102173, -0.025456111878156662], "Rt. Dactylion": [-0.034307029098272324, 0.9909871220588684, 0.03605706989765167], "Rt. Digit II": [-0.027687057852745056, -0.48437389731407166, -0.16605426371097565], "Rt. Femoral Lateral Epicn": [-0.4321906864643097, -0.2180098593235016, -0.1293775886297226], "Rt. Femoral Medial Epicn": [-0.39824631810188293, -0.24416135251522064, -0.027449460700154305], "Rt. Gonion": [-0.007598509080708027, 0.5960307717323303, -0.031077759340405464], "Rt. Humeral Lateral Epicn": [-0.26656144857406616, 0.6905555129051208, -0.06648804992437363], "Rt. Humeral Medial Epicn": [-0.28248536586761475, 0.6782190203666687, 0.003439865307882428], "Rt. Iliocristale": [-0.12512528896331787, 0.116324782371521, -0.07814973592758179], "Rt. Infraorbitale": [0.011830142699182034, 0.6087083220481873, 0.04955911636352539], "Rt. Knee Crease": [-0.4000750184059143, -0.21617212891578674, -0.1391959935426712], "Rt. Lateral Malleolus": [-0.06700430065393448, -0.29863646626472473, -0.14874260127544403], "Rt. Medial Malleolus": [-0.05958118289709091, -0.31181761622428894, -0.08406362682580948], "Rt. Metacarpal Phal. II": [-0.1013294979929924, 0.9491176009178162, -0.0055012949742376804], "Rt. Metacarpal Phal. V": [-0.1216534897685051, 0.9516854882240295, 0.05073430761694908], "Rt. Metatarsal Phal. I": [-0.030421238392591476, -0.4729423522949219, -0.12961255013942719], "Rt. Metatarsal Phal. V": [-0.0379367358982563, -0.42961791157722473, -0.18910424411296844], "Rt. Olecranon": [-0.3109002113342285, 0.6903411746025085, -0.033597663044929504], "Rt. PSIS": [-0.01732219010591507, 0.05212051421403885, -0.21132254600524902], "Rt. Radial Styloid": [-0.15216906368732452, 0.8712185025215149, 0.0007134956540539861], "Rt. Radiale": [-0.2774411141872406, 0.7091052532196045, -0.05871361494064331], "Rt. Sphyrion": [-0.04351770132780075, -0.3210035264492035, -0.08716284483671188], "Rt. Thelion/Bustpoint": [-0.0652884691953659, 0.27491503953933716, 0.05045180767774582], "Rt. Tragion": [-0.022220993414521217, 0.644027054309845, -0.03237755969166756], "Rt. Trochanterion": [-0.1807655394077301, -0.00917988270521164, -0.16886548697948456], "Rt. Ulnar Styloid": [-0.18973278999328613, 0.9030985832214355, 0.022110633552074432], "Sellion": [0.047394294291734695, 0.6325612664222717, 0.0691167563199997], "Substernale": [0.02782154083251953, 0.19954882562160492, 0.027478797361254692], "Supramenton": [0.04579544812440872, 0.5482558012008667, 0.03665770962834358], "Suprasternale": [0.04154975712299347, 0.4255252480506897, -0.004272121470421553], "Waist, Preferred, Post.": [0.035344552248716354, 0.0376366451382637, -0.2010071724653244]}