{"10th Rib Midspine": [0.01426679641008377, 0.27743420004844666, -0.14321725070476532], "Cervicale": [0.020017260685563087, 0.6325615048408508, -0.04199593514204025], "Lt. 10th Rib": [0.13319440186023712, 0.22403813898563385, 0.01586458832025528], "Lt. ASIS": [0.13882988691329956, 0.10961410403251648, 0.013752124272286892], "Lt. Acromion": [0.23519830405712128, 0.6180078387260437, 0.0012517590075731277], "Lt. Axilla, Ant.": [0.19904763996601105, 0.5005702972412109, 0.0051305266097188], "Lt. Axilla, Post.": [0.2084464728832245, 0.5108866691589355, -0.11731188744306564], "Lt. Calcaneous, Post.": [0.10722685605287552, -0.8791409134864807, -0.2563183307647705], "Lt. Clavicale": [0.053978852927684784, 0.5422887206077576, 0.06744862347841263], "Lt. Dactylion": [0.39909112453460693, -0.04067240282893181, 0.007663557305932045], "Lt. Digit II": [0.16727954149246216, -0.9070753455162048, -0.0029073485638946295], "Lt. Femoral Lateral Epicn": [0.17001761496067047, -0.4360845983028412, -0.14755304157733917], "Lt. Femoral Medial Epicn": [0.061069902032613754, -0.43544989824295044, -0.15731212496757507], "Lt. Gonion": [0.09027080237865448, 0.6905725002288818, 0.055784910917282104], "Lt. Humeral Lateral Epicn": [0.36232268810272217, 0.3852824866771698, -0.0950748473405838], "Lt. Humeral Medial Epicn": [0.3112500309944153, 0.3452425003051758, -0.14930841326713562], "Lt. Iliocristale": [0.16014842689037323, 0.19553114473819733, -0.017887484282255173], "Lt. Infraorbitale": [0.0672643706202507, 0.7404336333274841, 0.12239149212837219], "Lt. Knee Crease": [0.111440509557724, -0.41589492559432983, -0.19254624843597412], "Lt. Lateral Malleolus": [0.14769145846366882, -0.8365342020988464, -0.19108407199382782], "Lt. Medial Malleolus": [0.07880818098783493, -0.8404616117477417, -0.1711977869272232], "Lt. Metacarpal Phal. II": [0.3912023603916168, 0.04372750222682953, 0.04176582396030426], "Lt. Metacarpal Phal. V": [0.443701833486557, 0.05021027475595474, 0.006519631948322058], "Lt. Metatarsal Phal. I": [0.13350065052509308, -0.9063929319381714, -0.01341323833912611], "Lt. Metatarsal Phal. V": [0.200954407453537, -0.9006080031394958, -0.06222028657793999], "Lt. Olecranon": [0.34503716230392456, 0.36262887716293335, -0.1497630923986435], "Lt. PSIS": [0.061966780573129654, 0.10192050784826279, -0.16802361607551575], "Lt. Radial Styloid": [0.3675447404384613, 0.13010776042938232, -0.020940866321325302], "Lt. Radiale": [0.368163138628006, 0.36542803049087524, -0.10232996940612793], "Lt. Sphyrion": [0.08201602101325989, -0.8631412386894226, -0.16913242638111115], "Lt. Thelion/Bustpoint": [0.12598790228366852, 0.3746207654476166, 0.057744406163692474], "Lt. Tragion": [0.09772925078868866, 0.7323946356773376, 0.03733295574784279], "Lt. Trochanterion": [0.18300136923789978, -0.012893937528133392, -0.0459769070148468], "Lt. Ulnar Styloid": [0.42134857177734375, 0.14972415566444397, -0.014799445867538452], "Nuchale": [0.01937856525182724, 0.7037566900253296, -0.05471056327223778], "Rt. 10th Rib": [-0.08644478023052216, 0.23378010094165802, 0.03231203556060791], "Rt. ASIS": [-0.10961918532848358, 0.10495166480541229, 0.025338351726531982], "Rt. Acromion": [-0.18881630897521973, 0.6273748874664307, 0.013413652777671814], "Rt. Axilla, Ant.": [-0.1546233892440796, 0.5159114003181458, 0.027938468381762505], "Rt. Axilla, Post.": [-0.17577490210533142, 0.5123470425605774, -0.1019630879163742], "Rt. Calcaneous, Post.": [-0.11028070002794266, -0.8780298233032227, -0.2591155171394348], "Rt. Clavicale": [-0.009670890867710114, 0.5449178814888, 0.07091381400823593], "Rt. Dactylion": [-0.3871627748012543, -0.04345216229557991, 0.0533759705722332], "Rt. Digit II": [-0.16935354471206665, -0.9085023403167725, 0.009107937105000019], "Rt. Femoral Lateral Epicn": [-0.18638096749782562, -0.4261779487133026, -0.16318389773368835], "Rt. Femoral Medial Epicn": [-0.07770856469869614, -0.4262869656085968, -0.17784051597118378], "Rt. Gonion": [-0.044359855353832245, 0.6894271969795227, 0.0658736303448677], "Rt. Humeral Lateral Epicn": [-0.33010372519493103, 0.3900880813598633, -0.06538598984479904], "Rt. Humeral Medial Epicn": [-0.2730139493942261, 0.3306431770324707, -0.11530044674873352], "Rt. Iliocristale": [-0.13933312892913818, 0.18396158516407013, -0.011142089031636715], "Rt. Infraorbitale": [-0.012434963136911392, 0.7329902052879333, 0.13226528465747833], "Rt. Knee Crease": [-0.1290006786584854, -0.4085557460784912, -0.20593206584453583], "Rt. Lateral Malleolus": [-0.1566140204668045, -0.8320008516311646, -0.19127456843852997], "Rt. Medial Malleolus": [-0.0849943459033966, -0.8335974216461182, -0.17297662794589996], "Rt. Metacarpal Phal. II": [-0.36086511611938477, 0.05768757313489914, 0.07684312760829926], "Rt. Metacarpal Phal. V": [-0.4194364547729492, 0.0630720928311348, 0.042131539434194565], "Rt. Metatarsal Phal. I": [-0.13400045037269592, -0.8937697410583496, -0.010988697409629822], "Rt. Metatarsal Phal. V": [-0.2002050131559372, -0.8999472260475159, -0.053231071680784225], "Rt. Olecranon": [-0.3209739923477173, 0.3649826645851135, -0.1183253601193428], "Rt. PSIS": [-0.04451259598135948, 0.10821405053138733, -0.1632562130689621], "Rt. Radial Styloid": [-0.3351218104362488, 0.12589913606643677, 0.014018194749951363], "Rt. Radiale": [-0.33813202381134033, 0.3698972761631012, -0.0730285495519638], "Rt. Sphyrion": [-0.08505537360906601, -0.8539222478866577, -0.1687263548374176], "Rt. Thelion/Bustpoint": [-0.08631964027881622, 0.37943482398986816, 0.05614753067493439], "Rt. Tragion": [-0.053393617272377014, 0.7311164736747742, 0.04566878825426102], "Rt. Trochanterion": [-0.1747884303331375, 0.005360793322324753, -0.0402083583176136], "Rt. Ulnar Styloid": [-0.3959750831127167, 0.15081624686717987, 0.019566291943192482], "Sellion": [0.023667532950639725, 0.767207145690918, 0.13878066837787628], "Substernale": [0.0212426595389843, 0.2995530664920807, 0.06461336463689804], "Supramenton": [0.027713028714060783, 0.6678019165992737, 0.15518444776535034], "Suprasternale": [0.01975463703274727, 0.5172243714332581, 0.07367868721485138], "Waist, Preferred, Post.": [0.010518363676965237, 0.10309261828660965, -0.16667352616786957]}