{"10th Rib Midspine": [0.029292816296219826, 0.24936392903327942, -0.1742471307516098], "Cervicale": [0.03800168260931969, 0.6334003806114197, -0.10027256608009338], "Lt. 10th Rib": [0.16112905740737915, 0.19305871427059174, -0.006614919751882553], "Lt. ASIS": [0.16391421854496002, 0.07500088959932327, -0.03896526247262955], "Lt. Acromion": [0.2016489952802658, 0.662919282913208, -0.09708155691623688], "Lt. Axilla, Ant.": [0.2290329933166504, 0.5669835209846497, -0.027668196707963943], "Lt. Axilla, Post.": [0.3249604403972626, 0.5607607364654541, -0.07249172031879425], "Lt. Calcaneous, Post.": [0.187591090798378, -0.866891086101532, -0.3547672629356384], "Lt. Clavicale": [0.07215092331171036, 0.5431562066078186, 0.031072089448571205], "Lt. Dactylion": [0.38793569803237915, 1.1594655513763428, 0.16485290229320526], "Lt. Digit II": [0.22650593519210815, -0.9029836058616638, -0.11797728389501572], "Lt. Femoral Lateral Epicn": [0.21199581027030945, -0.435763418674469, -0.22088250517845154], "Lt. Femoral Medial Epicn": [0.10441844165325165, -0.44112488627433777, -0.23043280839920044], "Lt. Gonion": [0.11875403672456741, 0.6843830943107605, 0.01518689002841711], "Lt. Humeral Lateral Epicn": [0.4090849757194519, 0.7787872552871704, -0.034590382128953934], "Lt. Humeral Medial Epicn": [0.4525403380393982, 0.7398056983947754, 0.03614351153373718], "Lt. Iliocristale": [0.18955011665821075, 0.1669279932975769, -0.05904125049710274], "Lt. Infraorbitale": [0.0894675999879837, 0.7203211784362793, 0.09497936815023422], "Lt. Knee Crease": [0.15526095032691956, -0.4187568426132202, -0.2696508765220642], "Lt. Lateral Malleolus": [0.22558416426181793, -0.822687566280365, -0.28824231028556824], "Lt. Medial Malleolus": [0.15434302389621735, -0.8295038938522339, -0.27073749899864197], "Lt. Metacarpal Phal. II": [0.37261804938316345, 1.0759941339492798, 0.12196347117424011], "Lt. Metacarpal Phal. V": [0.43665754795074463, 1.0950629711151123, 0.13070571422576904], "Lt. Metatarsal Phal. I": [0.20113655924797058, -0.8987427949905396, -0.11733422428369522], "Lt. Metatarsal Phal. V": [0.26906195282936096, -0.9013612270355225, -0.1948653608560562], "Lt. Olecranon": [0.45875388383865356, 0.7511311769485474, 0.001686894684098661], "Lt. PSIS": [0.07441210746765137, 0.08468673378229141, -0.2252955138683319], "Lt. Radial Styloid": [0.4105841815471649, 0.9768521189689636, 0.13541129231452942], "Lt. Radiale": [0.42505553364753723, 0.792910635471344, -0.022283358499407768], "Lt. Sphyrion": [0.16170531511306763, -0.851466953754425, -0.2699916958808899], "Lt. Thelion/Bustpoint": [0.15573659539222717, 0.37012675404548645, 0.062133438885211945], "Lt. Tragion": [0.12719832360744476, 0.7359671592712402, 0.01102712657302618], "Lt. Trochanterion": [0.2054971307516098, -0.024081379175186157, -0.11162491887807846], "Lt. Ulnar Styloid": [0.454527884721756, 0.9939544796943665, 0.10700614750385284], "Nuchale": [0.046348750591278076, 0.7410902380943298, -0.08542782068252563], "Rt. 10th Rib": [-0.07466551661491394, 0.19429601728916168, 0.020963238552212715], "Rt. ASIS": [-0.10713265836238861, 0.06495246291160583, -0.017598174512386322], "Rt. Acromion": [-0.13181933760643005, 0.664601743221283, -0.09088980406522751], "Rt. Axilla, Ant.": [-0.1469404548406601, 0.5694775581359863, -0.014039087109267712], "Rt. Axilla, Post.": [-0.25458824634552, 0.5708432793617249, -0.04981983080506325], "Rt. Calcaneous, Post.": [-0.14702166616916656, -0.8649994134902954, -0.3544040024280548], "Rt. Clavicale": [0.009372398257255554, 0.545305073261261, 0.03409257158637047], "Rt. Dactylion": [-0.31006523966789246, 1.203547477722168, 0.1650974154472351], "Rt. Digit II": [-0.20323345065116882, -0.9022469520568848, -0.09740513563156128], "Rt. Femoral Lateral Epicn": [-0.1751069724559784, -0.43133726716041565, -0.20950719714164734], "Rt. Femoral Medial Epicn": [-0.07044201344251633, -0.4391113221645355, -0.2241837978363037], "Rt. Gonion": [-0.025076018646359444, 0.682686984539032, 0.013188551180064678], "Rt. Humeral Lateral Epicn": [-0.32245391607284546, 0.7968298196792603, -0.013796678744256496], "Rt. Humeral Medial Epicn": [-0.33913496136665344, 0.7685137987136841, 0.0747697725892067], "Rt. Iliocristale": [-0.13631771504878998, 0.14306597411632538, -0.04340677708387375], "Rt. Infraorbitale": [0.012327616102993488, 0.713701069355011, 0.09624046087265015], "Rt. Knee Crease": [-0.12370521575212479, -0.4146330654621124, -0.2531290054321289], "Rt. Lateral Malleolus": [-0.18684710562229156, -0.823037326335907, -0.28861311078071594], "Rt. Medial Malleolus": [-0.11689338833093643, -0.8282133936882019, -0.2664133906364441], "Rt. Metacarpal Phal. II": [-0.2786000669002533, 1.1126892566680908, 0.12614542245864868], "Rt. Metacarpal Phal. V": [-0.3554518520832062, 1.097003698348999, 0.1419256031513214], "Rt. Metatarsal Phal. I": [-0.16678975522518158, -0.8942908644676208, -0.10938222706317902], "Rt. Metatarsal Phal. V": [-0.23647983372211456, -0.8922191262245178, -0.1578410118818283], "Rt. Olecranon": [-0.36462393403053284, 0.7791207432746887, 0.02469519153237343], "Rt. PSIS": [-0.028700122609734535, 0.08511313050985336, -0.2248508632183075], "Rt. Radial Styloid": [-0.2814057469367981, 1.016788125038147, 0.1353691667318344], "Rt. Radiale": [-0.3358730375766754, 0.8104007840156555, 0.0011034432100132108], "Rt. Sphyrion": [-0.12231262773275375, -0.8533589243888855, -0.26551055908203125], "Rt. Thelion/Bustpoint": [-0.08158782869577408, 0.36958178877830505, 0.07115376740694046], "Rt. Tragion": [-0.030446045100688934, 0.7305044531822205, 0.0068425931967794895], "Rt. Trochanterion": [-0.16653794050216675, -0.018573861569166183, -0.09767261147499084], "Rt. Ulnar Styloid": [-0.34512633085250854, 1.020949125289917, 0.115848608314991], "Sellion": [0.045897964388132095, 0.7442286610603333, 0.11439303308725357], "Substernale": [0.03384259715676308, 0.27449122071266174, 0.08119283616542816], "Supramenton": [0.047905128449201584, 0.6428964734077454, 0.09910514950752258], "Suprasternale": [0.037785980850458145, 0.5198395252227783, 0.045250579714775085], "Waist, Preferred, Post.": [0.022445635870099068, 0.08593272417783737, -0.22542685270309448]}