{"10th Rib Midspine": [0.05768716335296631, 0.3369081914424896, -0.3423764109611511], "Cervicale": [0.06304119527339935, 0.7060049772262573, -0.29157572984695435], "Lt. 10th Rib": [0.22723105549812317, 0.28264641761779785, -0.15954266488552094], "Lt. ASIS": [0.22949229180812836, 0.18479791283607483, -0.16173364222049713], "Lt. Acromion": [0.3091190755367279, 0.6117082238197327, -0.24216336011886597], "Lt. Axilla, Ant.": [0.2926168441772461, 0.5437876582145691, -0.2087041586637497], "Lt. Axilla, Post.": [0.2699420154094696, 0.4835398197174072, -0.32019132375717163], "Lt. Calcaneous, Post.": [0.040514711290597916, -0.7921942472457886, -0.37794941663742065], "Lt. Clavicale": [0.11684511601924896, 0.6103861927986145, -0.14744147658348083], "Lt. Dactylion": [0.6048222780227661, -0.03482583910226822, -0.28417059779167175], "Lt. Digit II": [0.10310778766870499, -0.8417524695396423, -0.13431335985660553], "Lt. Femoral Lateral Epicn": [0.1643103063106537, -0.360831081867218, -0.2833790183067322], "Lt. Femoral Medial Epicn": [0.05560719221830368, -0.34255096316337585, -0.2930821478366852], "Lt. Gonion": [0.13784004747867584, 0.7647311687469482, -0.15759187936782837], "Lt. Humeral Lateral Epicn": [0.4458693563938141, 0.3730677366256714, -0.30135804414749146], "Lt. Humeral Medial Epicn": [0.3869740664958954, 0.3295292258262634, -0.3098682761192322], "Lt. Iliocristale": [0.2564011812210083, 0.2550903856754303, -0.2088841050863266], "Lt. Infraorbitale": [0.10412485897541046, 0.7935858368873596, -0.07909931987524033], "Lt. Knee Crease": [0.11302471905946732, -0.3344995081424713, -0.3325435221195221], "Lt. Lateral Malleolus": [0.09266234934329987, -0.7620096802711487, -0.3200489580631256], "Lt. Medial Malleolus": [0.022357504814863205, -0.7525314688682556, -0.3038906157016754], "Lt. Metacarpal Phal. II": [0.5833022594451904, 0.05798071250319481, -0.23157213628292084], "Lt. Metacarpal Phal. V": [0.5653738975524902, 0.06348653137683868, -0.3177250921726227], "Lt. Metatarsal Phal. I": [0.061823632568120956, -0.8300729990005493, -0.1498100906610489], "Lt. Metatarsal Phal. V": [0.1334623396396637, -0.8223761320114136, -0.19994036853313446], "Lt. Olecranon": [0.4097203314304352, 0.3472200930118561, -0.3250133693218231], "Lt. PSIS": [0.12817507982254028, 0.16269278526306152, -0.35085973143577576], "Lt. Radial Styloid": [0.54116290807724, 0.1546620875597, -0.2527834177017212], "Lt. Radiale": [0.44921401143074036, 0.3518410921096802, -0.30675995349884033], "Lt. Sphyrion": [0.02298114076256752, -0.777273416519165, -0.30124154686927795], "Lt. Thelion/Bustpoint": [0.22909636795520782, 0.42257028818130493, -0.11327403038740158], "Lt. Tragion": [0.15013113617897034, 0.8138751983642578, -0.15476544201374054], "Lt. Trochanterion": [0.26178619265556335, 0.06539102643728256, -0.20593133568763733], "Lt. Ulnar Styloid": [0.5627713799476624, 0.15798628330230713, -0.305051326751709], "Nuchale": [0.08043414354324341, 0.8235795497894287, -0.2501489222049713], "Rt. 10th Rib": [-0.05040816217660904, 0.28858301043510437, -0.11409211903810501], "Rt. ASIS": [-0.06724519282579422, 0.17041417956352234, -0.13049504160881042], "Rt. Acromion": [-0.16209612786769867, 0.622180700302124, -0.19050821661949158], "Rt. Axilla, Ant.": [-0.13028696179389954, 0.5476959347724915, -0.1641065776348114], "Rt. Axilla, Post.": [-0.15755639970302582, 0.49640893936157227, -0.27862295508384705], "Rt. Calcaneous, Post.": [-0.19647732377052307, -0.19039949774742126, -0.4845203757286072], "Rt. Clavicale": [0.03836199268698692, 0.6096701622009277, -0.13595673441886902], "Rt. Dactylion": [-0.5604636073112488, 0.049784865230321884, -0.2585085332393646], "Rt. Digit II": [-0.19422860443592072, -0.35332709550857544, -0.4291430115699768], "Rt. Femoral Lateral Epicn": [-0.2224196195602417, -0.24881897866725922, -0.04077582433819771], "Rt. Femoral Medial Epicn": [-0.09939295798540115, -0.29421180486679077, -0.056292176246643066], "Rt. Gonion": [-0.001823721919208765, 0.7646647691726685, -0.16755108535289764], "Rt. Humeral Lateral Epicn": [-0.32519641518592834, 0.41160711646080017, -0.23234456777572632], "Rt. Humeral Medial Epicn": [-0.2777749001979828, 0.3431771993637085, -0.2355739176273346], "Rt. Iliocristale": [-0.10857993364334106, 0.23364640772342682, -0.18069319427013397], "Rt. Infraorbitale": [0.030673282220959663, 0.7885896563529968, -0.08367113023996353], "Rt. Knee Crease": [-0.10974390804767609, -0.24833400547504425, -0.08731454610824585], "Rt. Lateral Malleolus": [-0.23925814032554626, -0.22754088044166565, -0.4180019497871399], "Rt. Medial Malleolus": [-0.17253237962722778, -0.25229987502098083, -0.4182880222797394], "Rt. Metacarpal Phal. II": [-0.5444073677062988, 0.1313255876302719, -0.21648822724819183], "Rt. Metacarpal Phal. V": [-0.5079416632652283, 0.12458132207393646, -0.28027892112731934], "Rt. Metatarsal Phal. I": [-0.1846059262752533, -0.35264232754707336, -0.4320957660675049], "Rt. Metatarsal Phal. V": [-0.24494223296642303, -0.3336324989795685, -0.4700150191783905], "Rt. Olecranon": [-0.3003070056438446, 0.3807043433189392, -0.2585289776325226], "Rt. PSIS": [0.012842562049627304, 0.15722954273223877, -0.3406118154525757], "Rt. Radial Styloid": [-0.4811514914035797, 0.20704033970832825, -0.19907626509666443], "Rt. Radiale": [-0.3322828412055969, 0.3940685987472534, -0.23861394822597504], "Rt. Sphyrion": [-0.17321862280368805, -0.2580721080303192, -0.43872031569480896], "Rt. Thelion/Bustpoint": [-0.05666130781173706, 0.42524969577789307, -0.08359947055578232], "Rt. Tragion": [-0.010931425727903843, 0.8122033476829529, -0.16664497554302216], "Rt. Trochanterion": [-0.13109035789966583, 0.09128695726394653, -0.17140686511993408], "Rt. Ulnar Styloid": [-0.4750480353832245, 0.2059297412633896, -0.26429852843284607], "Sellion": [0.05889640375971794, 0.815249502658844, -0.0616375133395195], "Substernale": [0.09125646203756332, 0.36775267124176025, -0.06710021942853928], "Supramenton": [0.06142398715019226, 0.7210120558738708, -0.08387718349695206], "Suprasternale": [0.07753872126340866, 0.5856317281723022, -0.12646827101707458], "Waist, Preferred, Post.": [0.07059413194656372, 0.15883371233940125, -0.34642282128334045]}