{"10th Rib Midspine": [0.008637811988592148, 0.2924053370952606, -0.2976225018501282], "Cervicale": [0.013436374254524708, 0.6540539264678955, -0.246138334274292], "Lt. 10th Rib": [0.13039547204971313, 0.21860000491142273, -0.06515437364578247], "Lt. ASIS": [0.1214759349822998, 0.1355312019586563, -0.10204509645700455], "Lt. Acromion": [0.18356256186962128, 0.6707074642181396, -0.15242089331150055], "Lt. Axilla, Ant.": [0.18318824470043182, 0.5837616920471191, -0.10927003622055054], "Lt. Axilla, Post.": [0.26086410880088806, 0.5558144450187683, -0.11991414427757263], "Lt. Calcaneous, Post.": [0.1526661068201065, -0.8010817766189575, -0.3665321171283722], "Lt. Clavicale": [0.016850410029292107, 0.5654504299163818, -0.1050792783498764], "Lt. Dactylion": [0.31137382984161377, 1.0859936475753784, 0.17970441281795502], "Lt. Digit II": [0.23801879584789276, -0.8345340490341187, -0.1285465657711029], "Lt. Femoral Lateral Epicn": [0.16823971271514893, -0.36411014199256897, -0.2375672608613968], "Lt. Femoral Medial Epicn": [0.05789576470851898, -0.3772600591182709, -0.23540402948856354], "Lt. Gonion": [0.061632297933101654, 0.6808156967163086, -0.11721153557300568], "Lt. Humeral Lateral Epicn": [0.3759637773036957, 0.7030811905860901, -0.027920560911297798], "Lt. Humeral Medial Epicn": [0.3985356390476227, 0.6664444804191589, 0.039869118481874466], "Lt. Iliocristale": [0.15803584456443787, 0.1913619041442871, -0.1228206604719162], "Lt. Infraorbitale": [0.03228148818016052, 0.7175211310386658, -0.04245233163237572], "Lt. Knee Crease": [0.10535039007663727, -0.35246986150741577, -0.27602848410606384], "Lt. Lateral Malleolus": [0.1983533352613449, -0.7552769184112549, -0.310990571975708], "Lt. Medial Malleolus": [0.13482636213302612, -0.7635297775268555, -0.28354451060295105], "Lt. Metacarpal Phal. II": [0.2960348427295685, 0.9904438257217407, 0.15616750717163086], "Lt. Metacarpal Phal. V": [0.36883893609046936, 1.0021559000015259, 0.14419229328632355], "Lt. Metatarsal Phal. I": [0.20401343703269958, -0.829362690448761, -0.14201396703720093], "Lt. Metatarsal Phal. V": [0.27517879009246826, -0.8197104334831238, -0.19260568916797638], "Lt. Olecranon": [0.41067904233932495, 0.6746854186058044, 0.009118946269154549], "Lt. PSIS": [0.054929040372371674, 0.14136327803134918, -0.317333459854126], "Lt. Radial Styloid": [0.33528196811676025, 0.8803902268409729, 0.15220890939235687], "Lt. Radiale": [0.38906005024909973, 0.7113170623779297, -0.01431944128125906], "Lt. Sphyrion": [0.14240968227386475, -0.7867950201034546, -0.28186047077178955], "Lt. Thelion/Bustpoint": [0.09419400244951248, 0.4022124111652374, -0.018465405330061913], "Lt. Tragion": [0.06101986765861511, 0.7324825525283813, -0.11969167739152908], "Lt. Trochanterion": [0.1621667742729187, 0.042349331080913544, -0.156256303191185], "Lt. Ulnar Styloid": [0.3745720088481903, 0.9068838953971863, 0.11684530973434448], "Nuchale": [-0.010713529773056507, 0.7329404950141907, -0.2152845859527588], "Rt. 10th Rib": [-0.16458044946193695, 0.23968978226184845, -0.07588168233633041], "Rt. ASIS": [-0.16539475321769714, 0.1339559406042099, -0.11167127639055252], "Rt. Acromion": [-0.1538185477256775, 0.6951363682746887, -0.19241636991500854], "Rt. Axilla, Ant.": [-0.16535146534442902, 0.5963165163993835, -0.1535426378250122], "Rt. Axilla, Post.": [-0.2530670762062073, 0.5883252024650574, -0.1713242530822754], "Rt. Calcaneous, Post.": [-0.1605416089296341, -0.7992861270904541, -0.39816051721572876], "Rt. Clavicale": [-0.037856459617614746, 0.5707353353500366, -0.1101868748664856], "Rt. Dactylion": [-0.33337676525115967, 1.0269691944122314, 0.24037674069404602], "Rt. Digit II": [-0.2702817916870117, -0.8291948437690735, -0.16255897283554077], "Rt. Femoral Lateral Epicn": [-0.1949627697467804, -0.35490497946739197, -0.2748337388038635], "Rt. Femoral Medial Epicn": [-0.0902693048119545, -0.368415892124176, -0.256192147731781], "Rt. Gonion": [-0.07855676114559174, 0.6676476001739502, -0.11825015395879745], "Rt. Humeral Lateral Epicn": [-0.3569023609161377, 0.7372321486473083, -0.05950941517949104], "Rt. Humeral Medial Epicn": [-0.3740657866001129, 0.6826657652854919, 0.0008529496262781322], "Rt. Iliocristale": [-0.20097306370735168, 0.20065787434577942, -0.170883446931839], "Rt. Infraorbitale": [-0.0433935783803463, 0.7056768536567688, -0.03637652099132538], "Rt. Knee Crease": [-0.13215264678001404, -0.3468872606754303, -0.3009856045246124], "Rt. Lateral Malleolus": [-0.2139395922422409, -0.7506466507911682, -0.34392839670181274], "Rt. Medial Malleolus": [-0.15340304374694824, -0.7589374780654907, -0.30689817667007446], "Rt. Metacarpal Phal. II": [-0.3118996322154999, 0.9557907581329346, 0.1887391060590744], "Rt. Metacarpal Phal. V": [-0.3802795112133026, 0.9472557902336121, 0.20215967297554016], "Rt. Metatarsal Phal. I": [-0.22715313732624054, -0.8221701383590698, -0.16548265516757965], "Rt. Metatarsal Phal. V": [-0.29033607244491577, -0.8170546889305115, -0.23183614015579224], "Rt. Olecranon": [-0.399521142244339, 0.7113705277442932, -0.03906383737921715], "Rt. PSIS": [-0.053292855620384216, 0.14838987588882446, -0.3323223888874054], "Rt. Radial Styloid": [-0.317598819732666, 0.8478824496269226, 0.18043307960033417], "Rt. Radiale": [-0.36811694502830505, 0.7419024705886841, -0.04304102435708046], "Rt. Sphyrion": [-0.16092762351036072, -0.7838675379753113, -0.30700987577438354], "Rt. Thelion/Bustpoint": [-0.13793626427650452, 0.42159411311149597, -0.04205908253788948], "Rt. Tragion": [-0.0906001552939415, 0.7213144898414612, -0.12111248821020126], "Rt. Trochanterion": [-0.20006875693798065, 0.05690768361091614, -0.19595599174499512], "Rt. Ulnar Styloid": [-0.375248521566391, 0.864274799823761, 0.165253147482872], "Sellion": [-0.013337835669517517, 0.741547703742981, -0.022198185324668884], "Substernale": [-0.02951042354106903, 0.3128693699836731, 0.013117223978042603], "Supramenton": [0.0026486206334084272, 0.6143085360527039, -0.023943791165947914], "Suprasternale": [-0.010027606971561909, 0.5483022332191467, -0.09270243346691132], "Waist, Preferred, Post.": [0.0036530722863972187, 0.14355866611003876, -0.3244554400444031]}