{"10th Rib Midspine": [0.07217048853635788, 0.019541943445801735, 0.06474385410547256], "Cervicale": [0.07353143393993378, 0.3563949465751648, 0.11525123566389084], "Lt. 10th Rib": [0.1614251732826233, -0.0326833538711071, 0.21949145197868347], "Lt. ASIS": [0.1695319265127182, -0.14429576694965363, 0.21245551109313965], "Lt. Acromion": [0.2806175649166107, 0.32285168766975403, 0.1460212618112564], "Lt. Axilla, Ant.": [0.2370418757200241, 0.23903192579746246, 0.14641569554805756], "Lt. Axilla, Post.": [0.2781215310096741, 0.21209274232387543, 0.05677076429128647], "Lt. Calcaneous, Post.": [0.14609502255916595, -1.11769700050354, -0.019393768161535263], "Lt. Clavicale": [0.09252134710550308, 0.2915097773075104, 0.2316957712173462], "Lt. Dactylion": [0.5074085593223572, -0.3158870339393616, 0.20622216165065765], "Lt. Digit II": [0.22638434171676636, -1.1439573764801025, 0.20524078607559204], "Lt. Femoral Lateral Epicn": [0.2263982892036438, -0.6672104597091675, 0.031127281486988068], "Lt. Femoral Medial Epicn": [0.12810061872005463, -0.6628111600875854, 0.023925498127937317], "Lt. Gonion": [0.13398118317127228, 0.43753448128700256, 0.22921624779701233], "Lt. Humeral Lateral Epicn": [0.4649750590324402, 0.10941097885370255, 0.08597097545862198], "Lt. Humeral Medial Epicn": [0.44083788990974426, 0.08054270595312119, 0.023972423747181892], "Lt. Iliocristale": [0.1891307383775711, -0.059923119843006134, 0.19655801355838776], "Lt. Infraorbitale": [0.10735258460044861, 0.46818163990974426, 0.2967532277107239], "Lt. Knee Crease": [0.17092177271842957, -0.6481598615646362, -0.007156594656407833], "Lt. Lateral Malleolus": [0.19639703631401062, -1.071590542793274, 0.028129978105425835], "Lt. Medial Malleolus": [0.1362808644771576, -1.0693107843399048, 0.05237399414181709], "Lt. Metacarpal Phal. II": [0.49371951818466187, -0.22069354355335236, 0.20182733237743378], "Lt. Metacarpal Phal. V": [0.5551455020904541, -0.22043955326080322, 0.1783834546804428], "Lt. Metatarsal Phal. I": [0.1898636817932129, -1.1333361864089966, 0.20307068526744843], "Lt. Metatarsal Phal. V": [0.2528878450393677, -1.140342354774475, 0.15353326499462128], "Lt. Olecranon": [0.4680855870246887, 0.10095848143100739, 0.032114770263433456], "Lt. PSIS": [0.12651191651821136, -0.14469440281391144, 0.027464520186185837], "Lt. Radial Styloid": [0.48096469044685364, -0.13388192653656006, 0.14858166873455048], "Lt. Radiale": [0.4754302501678467, 0.09382829815149307, 0.0826801061630249], "Lt. Sphyrion": [0.13968466222286224, -1.0926764011383057, 0.05727102607488632], "Lt. Thelion/Bustpoint": [0.16106976568698883, 0.1334649622440338, 0.24728631973266602], "Lt. Tragion": [0.14194366335868835, 0.4851311445236206, 0.22067461907863617], "Lt. Trochanterion": [0.21777842938899994, -0.25579148530960083, 0.15292812883853912], "Lt. Ulnar Styloid": [0.5333755016326904, -0.12332432717084885, 0.15659479796886444], "Nuchale": [0.07768804579973221, 0.4839429259300232, 0.12470291554927826], "Rt. 10th Rib": [-0.041837599128484726, -0.024254467338323593, 0.2049667090177536], "Rt. ASIS": [-0.06747883558273315, -0.14909487962722778, 0.1814912110567093], "Rt. Acromion": [-0.1315818727016449, 0.3593096435070038, 0.12465157359838486], "Rt. Axilla, Ant.": [-0.10180042684078217, 0.2575620710849762, 0.14849331974983215], "Rt. Axilla, Post.": [-0.12875612080097198, 0.2341611534357071, 0.041426945477724075], "Rt. Calcaneous, Post.": [0.0059496257454156876, -1.1120809316635132, -0.04669404402375221], "Rt. Clavicale": [0.036492668092250824, 0.291663259267807, 0.2271050661802292], "Rt. Dactylion": [-0.3884413540363312, -0.31129348278045654, 0.11921725422143936], "Rt. Digit II": [-0.14203372597694397, -1.1448237895965576, 0.15939578413963318], "Rt. Femoral Lateral Epicn": [-0.07965409755706787, -0.6638954877853394, 0.005408793222159147], "Rt. Femoral Medial Epicn": [0.017087619751691818, -0.6646171808242798, 0.019886203110218048], "Rt. Gonion": [0.006434552371501923, 0.43690985441207886, 0.22020883858203888], "Rt. Humeral Lateral Epicn": [-0.3104981780052185, 0.1272951066493988, 0.058583617210388184], "Rt. Humeral Medial Epicn": [-0.2637138366699219, 0.0841289833188057, 0.013737291097640991], "Rt. Iliocristale": [-0.08628132939338684, -0.073419950902462, 0.15304525196552277], "Rt. Infraorbitale": [0.03473037853837013, 0.46476319432258606, 0.2974608838558197], "Rt. Knee Crease": [-0.021063124760985374, -0.6503417491912842, -0.01670333556830883], "Rt. Lateral Malleolus": [-0.052353356033563614, -1.063127875328064, -0.012284778989851475], "Rt. Medial Malleolus": [-0.004383476916700602, -1.0704270601272583, 0.03244281932711601], "Rt. Metacarpal Phal. II": [-0.36970552802085876, -0.21774935722351074, 0.1371188759803772], "Rt. Metacarpal Phal. V": [-0.41020649671554565, -0.2126147300004959, 0.0884418934583664], "Rt. Metatarsal Phal. I": [-0.09373513609170914, -1.134376049041748, 0.15749749541282654], "Rt. Metatarsal Phal. V": [-0.14761769771575928, -1.138704776763916, 0.09378698468208313], "Rt. Olecranon": [-0.30363598465919495, 0.11235300451517105, 0.014254499226808548], "Rt. PSIS": [0.03124546818435192, -0.13878518342971802, 0.015626726672053337], "Rt. Radial Styloid": [-0.3327198922634125, -0.1336829960346222, 0.10243245214223862], "Rt. Radiale": [-0.3209691643714905, 0.10831192880868912, 0.05016977712512016], "Rt. Sphyrion": [-0.007635942660272121, -1.089664101600647, 0.03205437213182449], "Rt. Thelion/Bustpoint": [-0.0441347137093544, 0.13594800233840942, 0.23485495150089264], "Rt. Tragion": [-0.0015606615925207734, 0.4828926920890808, 0.2096780389547348], "Rt. Trochanterion": [-0.11023126542568207, -0.24671252071857452, 0.10024644434452057], "Rt. Ulnar Styloid": [-0.3900015950202942, -0.11984807252883911, 0.0850636214017868], "Sellion": [0.06891848891973495, 0.49119654297828674, 0.31501543521881104], "Substernale": [0.055804625153541565, 0.05659586191177368, 0.24931249022483826], "Supramenton": [0.0670301541686058, 0.3933298885822296, 0.3085176348686218], "Suprasternale": [0.061824146658182144, 0.2690171003341675, 0.23277594149112701], "Waist, Preferred, Post.": [0.07867945730686188, -0.14142465591430664, 0.021536393091082573]}