{"10th Rib Midspine": [0.06878547370433807, 0.1570248156785965, -0.21297407150268555], "Cervicale": [0.05019330605864525, 0.48655766248703003, -0.1928442418575287], "Lt. 10th Rib": [0.17176330089569092, 0.09299813956022263, -0.050130825489759445], "Lt. ASIS": [0.20086884498596191, -0.01356272678822279, -0.07161355763673782], "Lt. Acromion": [0.24865414202213287, 0.423124760389328, -0.11482883244752884], "Lt. Axilla, Ant.": [0.2349875420331955, 0.3141773045063019, -0.10130835324525833], "Lt. Axilla, Post.": [0.2220018059015274, 0.30443620681762695, -0.2206788808107376], "Lt. Calcaneous, Post.": [0.17263710498809814, -0.8777316808700562, -0.3274560570716858], "Lt. Clavicale": [0.07228963077068329, 0.4178222715854645, -0.05544537305831909], "Lt. Dactylion": [0.5165499448776245, -0.1537805050611496, -0.24421489238739014], "Lt. Digit II": [0.2119920551776886, -0.9035205245018005, -0.09304438531398773], "Lt. Femoral Lateral Epicn": [0.21385040879249573, -0.4781583249568939, -0.25147274136543274], "Lt. Femoral Medial Epicn": [0.09644077718257904, -0.4877617657184601, -0.2768012285232544], "Lt. Gonion": [0.08850645273923874, 0.5626086592674255, -0.08535145968198776], "Lt. Humeral Lateral Epicn": [0.3531113564968109, 0.1876523196697235, -0.20988836884498596], "Lt. Humeral Medial Epicn": [0.2884092926979065, 0.15807244181632996, -0.23677979409694672], "Lt. Iliocristale": [0.22241659462451935, 0.05771355330944061, -0.09259277582168579], "Lt. Infraorbitale": [0.03780744969844818, 0.5901634693145752, -0.023206263780593872], "Lt. Knee Crease": [0.16102126240730286, -0.47166314721107483, -0.3031999468803406], "Lt. Lateral Malleolus": [0.21547900140285492, -0.8315078020095825, -0.2746337354183197], "Lt. Medial Malleolus": [0.14986205101013184, -0.8369159698486328, -0.2579859495162964], "Lt. Metacarpal Phal. II": [0.47225794196128845, -0.08694007992744446, -0.21613989770412445], "Lt. Metacarpal Phal. V": [0.4593541622161865, -0.0868813768029213, -0.26649096608161926], "Lt. Metatarsal Phal. I": [0.1913159340620041, -0.9006133079528809, -0.11360993981361389], "Lt. Metatarsal Phal. V": [0.2578510046005249, -0.8991363048553467, -0.16953790187835693], "Lt. Olecranon": [0.318177729845047, 0.17100907862186432, -0.24638842046260834], "Lt. PSIS": [0.12375149875879288, 0.024682143703103065, -0.27936434745788574], "Lt. Radial Styloid": [0.3836499750614166, -0.03955455869436264, -0.20987293124198914], "Lt. Radiale": [0.3563160300254822, 0.16820171475410461, -0.218033105134964], "Lt. Sphyrion": [0.15226012468338013, -0.8583540320396423, -0.2539430260658264], "Lt. Thelion/Bustpoint": [0.16098131239414215, 0.2374265342950821, 0.02373947575688362], "Lt. Tragion": [0.08070146292448044, 0.6051647663116455, -0.0986405462026596], "Lt. Trochanterion": [0.24178527295589447, -0.09767279028892517, -0.13894177973270416], "Lt. Ulnar Styloid": [0.4078766107559204, -0.03370625898241997, -0.25059741735458374], "Nuchale": [0.035891126841306686, 0.5544508099555969, -0.1986602246761322], "Rt. 10th Rib": [-0.056348733603954315, 0.0966452807188034, -0.034034233540296555], "Rt. ASIS": [-0.10005009174346924, -0.008243533782660961, -0.06921323388814926], "Rt. Acromion": [-0.13837331533432007, 0.38138341903686523, -0.1663602590560913], "Rt. Axilla, Ant.": [-0.119631327688694, 0.2934209108352661, -0.12313719093799591], "Rt. Axilla, Post.": [-0.09923486411571503, 0.24284185469150543, -0.237168088555336], "Rt. Calcaneous, Post.": [-0.13197514414787292, -0.8737125396728516, -0.33915475010871887], "Rt. Clavicale": [0.01655362732708454, 0.4117593467235565, -0.0626789927482605], "Rt. Dactylion": [-0.44322967529296875, -0.19705481827259064, -0.22791776061058044], "Rt. Digit II": [-0.18418680131435394, -0.9007503986358643, -0.1105617955327034], "Rt. Femoral Lateral Epicn": [-0.15671899914741516, -0.4678206145763397, -0.267528772354126], "Rt. Femoral Medial Epicn": [-0.036168184131383896, -0.4835515320301056, -0.28144362568855286], "Rt. Gonion": [-0.03277537226676941, 0.5053909420967102, -0.10482373088598251], "Rt. Humeral Lateral Epicn": [-0.24464760720729828, 0.1356663554906845, -0.23168408870697021], "Rt. Humeral Medial Epicn": [-0.17653663456439972, 0.09077560156583786, -0.2067573070526123], "Rt. Iliocristale": [-0.1329326033592224, 0.064027339220047, -0.10753840953111649], "Rt. Infraorbitale": [-0.0307612344622612, 0.5528495907783508, -0.03434944897890091], "Rt. Knee Crease": [-0.09889943152666092, -0.46165937185287476, -0.31435316801071167], "Rt. Lateral Malleolus": [-0.17701062560081482, -0.8276571035385132, -0.28331318497657776], "Rt. Medial Malleolus": [-0.11203860491514206, -0.8336818814277649, -0.26469770073890686], "Rt. Metacarpal Phal. II": [-0.4117587208747864, -0.12018634378910065, -0.19818538427352905], "Rt. Metacarpal Phal. V": [-0.3885493874549866, -0.12642602622509003, -0.255641371011734], "Rt. Metatarsal Phal. I": [-0.15255826711654663, -0.8962143063545227, -0.11808788776397705], "Rt. Metatarsal Phal. V": [-0.2108278125524521, -0.8908905982971191, -0.16029109060764313], "Rt. Olecranon": [-0.20277336239814758, 0.10853113979101181, -0.24203476309776306], "Rt. PSIS": [-0.0047603147104382515, 0.03571254014968872, -0.28880825638771057], "Rt. Radial Styloid": [-0.33679941296577454, -0.07359053939580917, -0.17580358684062958], "Rt. Radiale": [-0.2456907033920288, 0.11676140874624252, -0.23572854697704315], "Rt. Sphyrion": [-0.11605389416217804, -0.8509155511856079, -0.25994426012039185], "Rt. Thelion/Bustpoint": [-0.0663876011967659, 0.21608947217464447, -0.004109618254005909], "Rt. Tragion": [-0.05557425692677498, 0.5455547571182251, -0.12228367477655411], "Rt. Trochanterion": [-0.16793857514858246, -0.08156976103782654, -0.16545648872852325], "Rt. Ulnar Styloid": [-0.3360980153083801, -0.06961968541145325, -0.2393161505460739], "Sellion": [-0.011920741759240627, 0.5933734774589539, -0.02349288947880268], "Substernale": [0.046575240790843964, 0.17921438813209534, 0.02666693739593029], "Supramenton": [0.02630346640944481, 0.509026288986206, -0.01901833713054657], "Suprasternale": [0.042636290192604065, 0.39059925079345703, -0.03886738419532776], "Waist, Preferred, Post.": [0.06017575040459633, 0.028960051015019417, -0.2856898605823517]}