{"10th Rib Midspine": [0.1377672404050827, 0.0255728829652071, -0.03383949398994446], "Cervicale": [0.157526433467865, 0.3691607117652893, 0.029730094596743584], "Lt. 10th Rib": [0.22762088477611542, -0.02951551415026188, 0.12501393258571625], "Lt. ASIS": [0.22669899463653564, -0.1347765177488327, 0.12905801832675934], "Lt. Acromion": [0.3716064691543579, 0.24360854923725128, 0.13472744822502136], "Lt. Axilla, Ant.": [0.3041854202747345, 0.18249475955963135, 0.11455627530813217], "Lt. Axilla, Post.": [0.335917204618454, 0.14385294914245605, 0.03555061295628548], "Lt. Calcaneous, Post.": [0.10841406136751175, -1.1190240383148193, -0.04146496579051018], "Lt. Clavicale": [0.17383821308612823, 0.28501519560813904, 0.1415039300918579], "Lt. Dactylion": [0.5193449258804321, -0.4745408594608307, 0.1169406846165657], "Lt. Digit II": [0.13894635438919067, -1.1511706113815308, 0.2145651876926422], "Lt. Femoral Lateral Epicn": [0.2175629585981369, -0.6768583059310913, 0.030592795461416245], "Lt. Femoral Medial Epicn": [0.12271028012037277, -0.6627581119537354, 0.0053006866946816444], "Lt. Gonion": [0.21314279735088348, 0.44077977538108826, 0.15634781122207642], "Lt. Humeral Lateral Epicn": [0.4592801332473755, -0.034770186990499496, 0.0702638253569603], "Lt. Humeral Medial Epicn": [0.3973604142665863, -0.05578523129224777, 0.04144351929426193], "Lt. Iliocristale": [0.2541278600692749, -0.0587148442864418, 0.10294944047927856], "Lt. Infraorbitale": [0.18177084624767303, 0.46381300687789917, 0.22865694761276245], "Lt. Knee Crease": [0.17289364337921143, -0.656800389289856, -0.01918310858309269], "Lt. Lateral Malleolus": [0.14983421564102173, -1.0712363719940186, 0.0182512104511261], "Lt. Medial Malleolus": [0.08429285883903503, -1.0690675973892212, 0.030531905591487885], "Lt. Metacarpal Phal. II": [0.5019270777702332, -0.38293591141700745, 0.13144640624523163], "Lt. Metacarpal Phal. V": [0.5108544826507568, -0.3811408281326294, 0.07076076418161392], "Lt. Metatarsal Phal. I": [0.10664930194616318, -1.1349314451217651, 0.18673647940158844], "Lt. Metatarsal Phal. V": [0.18007969856262207, -1.1404008865356445, 0.15094375610351562], "Lt. Olecranon": [0.4301629364490509, -0.04678476229310036, 0.03172679618000984], "Lt. PSIS": [0.16903585195541382, -0.15391820669174194, -0.05328129231929779], "Lt. Radial Styloid": [0.4610515534877777, -0.2863087058067322, 0.11767304688692093], "Lt. Radiale": [0.46208295226097107, -0.05471070855855942, 0.06388837844133377], "Lt. Sphyrion": [0.08560837060213089, -1.0899240970611572, 0.031738102436065674], "Lt. Thelion/Bustpoint": [0.22850483655929565, 0.11995148658752441, 0.15419837832450867], "Lt. Tragion": [0.22153152525424957, 0.48893365263938904, 0.15676788985729218], "Lt. Trochanterion": [0.2584248483181, -0.25197896361351013, 0.08693547546863556], "Lt. Ulnar Styloid": [0.4975072741508484, -0.28659796714782715, 0.08063928037881851], "Nuchale": [0.16057853400707245, 0.5005154609680176, 0.057633157819509506], "Rt. 10th Rib": [0.021978195756673813, -0.006345093250274658, 0.11563729494810104], "Rt. ASIS": [-0.010108445771038532, -0.1106947809457779, 0.10814279317855835], "Rt. Acromion": [-0.08845984935760498, 0.2688657343387604, 0.09208736568689346], "Rt. Axilla, Ant.": [-0.03170613944530487, 0.19964361190795898, 0.09534414857625961], "Rt. Axilla, Post.": [-0.04679560288786888, 0.16602148115634918, -0.009611516259610653], "Rt. Calcaneous, Post.": [-0.08306632936000824, -0.523006796836853, -0.1815645843744278], "Rt. Clavicale": [0.11449803411960602, 0.2836701273918152, 0.13494883477687836], "Rt. Dactylion": [-0.31388288736343384, -0.4180929660797119, 0.04216368496417999], "Rt. Digit II": [-0.06185251101851463, -0.6680787801742554, -0.14897508919239044], "Rt. Femoral Lateral Epicn": [-0.10771511495113373, -0.5248486399650574, 0.2630501091480255], "Rt. Femoral Medial Epicn": [-0.003167513059452176, -0.5386014580726624, 0.2502393126487732], "Rt. Gonion": [0.08716340363025665, 0.443229079246521, 0.14285379648208618], "Rt. Humeral Lateral Epicn": [-0.18761150538921356, 0.009171753190457821, -0.02021768130362034], "Rt. Humeral Medial Epicn": [-0.12347061187028885, -0.03772597387433052, -0.008659551851451397], "Rt. Iliocristale": [-0.028986670076847076, -0.04867946729063988, 0.06903115659952164], "Rt. Infraorbitale": [0.10865454375743866, 0.45901355147361755, 0.22417297959327698], "Rt. Knee Crease": [-0.017747383564710617, -0.5147777199745178, 0.22288519144058228], "Rt. Lateral Malleolus": [-0.12049472332000732, -0.5598551034927368, -0.1183105930685997], "Rt. Medial Malleolus": [-0.06338084489107132, -0.5752024054527283, -0.1123751848936081], "Rt. Metacarpal Phal. II": [-0.3059712052345276, -0.31599822640419006, 0.06222149729728699], "Rt. Metacarpal Phal. V": [-0.2833911180496216, -0.32359015941619873, -0.007233836222440004], "Rt. Metatarsal Phal. I": [-0.044309381395578384, -0.6718193888664246, -0.14890432357788086], "Rt. Metatarsal Phal. V": [-0.12474862486124039, -0.6560965776443481, -0.15996386110782623], "Rt. Olecranon": [-0.1537693440914154, -0.015741536393761635, -0.04232419654726982], "Rt. PSIS": [0.07053929567337036, -0.1486026644706726, -0.05660248547792435], "Rt. Radial Styloid": [-0.26104554533958435, -0.23585766553878784, 0.06367235630750656], "Rt. Radiale": [-0.1896398961544037, -0.012855005450546741, -0.02825954556465149], "Rt. Sphyrion": [-0.06388574838638306, -0.5822237730026245, -0.13220524787902832], "Rt. Thelion/Bustpoint": [0.03461671248078346, 0.1268141269683838, 0.14362119138240814], "Rt. Tragion": [0.0773421972990036, 0.4909319579601288, 0.14058330655097961], "Rt. Trochanterion": [-0.07213394343852997, -0.21096207201480865, 0.07775793224573135], "Rt. Ulnar Styloid": [-0.2682114839553833, -0.23260797560214996, 0.002929373411461711], "Sellion": [0.14114201068878174, 0.4843555688858032, 0.24574634432792664], "Substernale": [0.1280759572982788, 0.05882325395941734, 0.15763771533966064], "Supramenton": [0.1417936235666275, 0.3868143558502197, 0.2283487617969513], "Suprasternale": [0.1385888159275055, 0.2619534134864807, 0.14412236213684082], "Waist, Preferred, Post.": [0.11765711009502411, -0.1525193154811859, -0.0575803741812706]}