{"10th Rib Midspine": [-0.01266113854944706, 0.2815786600112915, -0.11082132160663605], "Cervicale": [-0.0034540663473308086, 0.5898520350456238, 0.022310877218842506], "Lt. 10th Rib": [0.10600455105304718, 0.18314096331596375, 0.03304300829768181], "Lt. ASIS": [0.1306968629360199, 0.08952707052230835, 0.003968530334532261], "Lt. Acromion": [0.18550974130630493, 0.4634144902229309, 0.10129562020301819], "Lt. Axilla, Ant.": [0.15563617646694183, 0.372382253408432, 0.07030380517244339], "Lt. Axilla, Post.": [0.22880946099758148, 0.3607868552207947, 0.023149391636252403], "Lt. Calcaneous, Post.": [0.13270406424999237, -0.7765350937843323, -0.2769954204559326], "Lt. Clavicale": [0.02276642993092537, 0.4671410024166107, 0.09599717706441879], "Lt. Dactylion": [0.030139457434415817, -0.006421771831810474, 0.1764041930437088], "Lt. Digit II": [0.15704837441444397, -0.8457090258598328, -0.07349635660648346], "Lt. Femoral Lateral Epicn": [0.18623360991477966, -0.37971794605255127, -0.17286445200443268], "Lt. Femoral Medial Epicn": [0.06821435689926147, -0.38582348823547363, -0.18526799976825714], "Lt. Gonion": [0.05715225636959076, 0.6161466240882874, 0.12214044481515884], "Lt. Humeral Lateral Epicn": [0.27613866329193115, 0.22908931970596313, 0.15836794674396515], "Lt. Humeral Medial Epicn": [0.3012797236442566, 0.1993788629770279, 0.09906752407550812], "Lt. Iliocristale": [0.14450152218341827, 0.16621994972229004, -0.0013733080122619867], "Lt. Infraorbitale": [0.03204651176929474, 0.6336337924003601, 0.19719402492046356], "Lt. Knee Crease": [0.12335829436779022, -0.3683193325996399, -0.2215149849653244], "Lt. Lateral Malleolus": [0.17791122198104858, -0.7428934574127197, -0.22458399832248688], "Lt. Medial Malleolus": [0.11744894087314606, -0.7423788905143738, -0.2060183584690094], "Lt. Metacarpal Phal. II": [0.10262592881917953, 0.01660146750509739, 0.1428062617778778], "Lt. Metacarpal Phal. V": [0.11539437621831894, -0.0005470202886499465, 0.20300494134426117], "Lt. Metatarsal Phal. I": [0.1342151165008545, -0.8405047059059143, -0.07071822136640549], "Lt. Metatarsal Phal. V": [0.20666654407978058, -0.8460649251937866, -0.12712529301643372], "Lt. Olecranon": [0.3171252906322479, 0.2052818238735199, 0.12928617000579834], "Lt. PSIS": [0.06178842857480049, 0.12920697033405304, -0.2052888125181198], "Lt. Radial Styloid": [0.19092513620853424, 0.021769169718027115, 0.13865752518177032], "Lt. Radiale": [0.28496426343917847, 0.20480428636074066, 0.16102518141269684], "Lt. Sphyrion": [0.11835835874080658, -0.7638757228851318, -0.2046479433774948], "Lt. Thelion/Bustpoint": [0.09838942438364029, 0.26544153690338135, 0.10176905244588852], "Lt. Tragion": [0.06178221106529236, 0.6613156795501709, 0.12157755345106125], "Lt. Trochanterion": [0.18707814812660217, 0.011989240534603596, -0.07524394243955612], "Lt. Ulnar Styloid": [0.19027894735336304, 0.02939481846988201, 0.18969564139842987], "Nuchale": [-0.0040778834372758865, 0.6675415635108948, 0.03885405883193016], "Rt. 10th Rib": [-0.11849222332239151, 0.18386738002300262, 0.04141446575522423], "Rt. ASIS": [-0.15602964162826538, 0.08215200901031494, -0.015519463457167149], "Rt. Acromion": [-0.1927105039358139, 0.4663943350315094, 0.11578705906867981], "Rt. Axilla, Ant.": [-0.1624622792005539, 0.3812802731990814, 0.08497599512338638], "Rt. Axilla, Post.": [-0.24765384197235107, 0.36923572421073914, 0.03576777130365372], "Rt. Calcaneous, Post.": [-0.15217351913452148, -0.77299964427948, -0.28949809074401855], "Rt. Clavicale": [-0.030940135940909386, 0.46907541155815125, 0.09966472536325455], "Rt. Dactylion": [-0.04027262702584267, 0.012855171225965023, 0.2065550535917282], "Rt. Digit II": [-0.2168695330619812, -0.8495145440101624, -0.0965016633272171], "Rt. Femoral Lateral Epicn": [-0.211983785033226, -0.37614259123802185, -0.207327738404274], "Rt. Femoral Medial Epicn": [-0.09797237068414688, -0.38842737674713135, -0.20054210722446442], "Rt. Gonion": [-0.06496696174144745, 0.6092537641525269, 0.11533533036708832], "Rt. Humeral Lateral Epicn": [-0.29299822449684143, 0.2281009703874588, 0.16962659358978271], "Rt. Humeral Medial Epicn": [-0.299296498298645, 0.20468387007713318, 0.09974808990955353], "Rt. Iliocristale": [-0.17714770138263702, 0.15435372292995453, -0.023959031328558922], "Rt. Infraorbitale": [-0.0392506867647171, 0.6220906972885132, 0.19416095316410065], "Rt. Knee Crease": [-0.1479673683643341, -0.36744946241378784, -0.2417876422405243], "Rt. Lateral Malleolus": [-0.2081805318593979, -0.7388510704040527, -0.24726919829845428], "Rt. Medial Malleolus": [-0.15572191774845123, -0.7386213541030884, -0.21593347191810608], "Rt. Metacarpal Phal. II": [-0.10437985509634018, 0.02700931206345558, 0.17897820472717285], "Rt. Metacarpal Phal. V": [-0.12413781136274338, 0.0097895422950387, 0.23558828234672546], "Rt. Metatarsal Phal. I": [-0.18749788403511047, -0.8346337676048279, -0.08820290863513947], "Rt. Metatarsal Phal. V": [-0.24751266837120056, -0.8377523422241211, -0.13479867577552795], "Rt. Olecranon": [-0.3250051438808441, 0.20699889957904816, 0.1375541090965271], "Rt. PSIS": [-0.06373492628335953, 0.13459298014640808, -0.21227239072322845], "Rt. Radial Styloid": [-0.1847739964723587, 0.02407761849462986, 0.1569899022579193], "Rt. Radiale": [-0.30064117908477783, 0.20559972524642944, 0.1706458479166031], "Rt. Sphyrion": [-0.1539851427078247, -0.7608193159103394, -0.21627917885780334], "Rt. Thelion/Bustpoint": [-0.1122271940112114, 0.2742846608161926, 0.09784893691539764], "Rt. Tragion": [-0.07722530514001846, 0.6536815762519836, 0.11675366759300232], "Rt. Trochanterion": [-0.2160651534795761, 0.014178125187754631, -0.11009606719017029], "Rt. Ulnar Styloid": [-0.2006879448890686, 0.02964797243475914, 0.21082192659378052], "Sellion": [-0.009377389214932919, 0.6462721228599548, 0.2139822095632553], "Substernale": [-0.012107289396226406, 0.23349663615226746, 0.07738438993692398], "Supramenton": [-0.0019638133235275745, 0.5663992166519165, 0.18775209784507751], "Suprasternale": [-0.005311012268066406, 0.4359789788722992, 0.10202527046203613], "Waist, Preferred, Post.": [0.001139230327680707, 0.13205334544181824, -0.20868773758411407]}