{"10th Rib Midspine": [0.020479725673794746, 0.3303799033164978, -0.2794940173625946], "Cervicale": [0.010368767194449902, 0.6855714321136475, -0.3013933002948761], "Lt. 10th Rib": [0.1782122552394867, 0.3075351119041443, -0.09156119078397751], "Lt. ASIS": [0.18428866565227509, 0.18631292879581451, -0.09844682365655899], "Lt. Acromion": [0.21757113933563232, 0.6505367159843445, -0.12693731486797333], "Lt. Axilla, Ant.": [0.16886264085769653, 0.6424686312675476, -0.10477644205093384], "Lt. Axilla, Post.": [0.21304979920387268, 0.5095986127853394, -0.122969850897789], "Lt. Calcaneous, Post.": [0.16125667095184326, -0.8019949793815613, -0.3533884584903717], "Lt. Clavicale": [0.04407330974936485, 0.6399508118629456, -0.1382860392332077], "Lt. Dactylion": [0.20725448429584503, 0.8997178673744202, 0.0375174917280674], "Lt. Digit II": [0.264762818813324, -0.838026762008667, -0.1248374655842781], "Lt. Femoral Lateral Epicn": [0.20014610886573792, -0.3470267355442047, -0.27317509055137634], "Lt. Femoral Medial Epicn": [0.09050692617893219, -0.3534785211086273, -0.26401305198669434], "Lt. Gonion": [0.0875151976943016, 0.7768136262893677, -0.20098452270030975], "Lt. Humeral Lateral Epicn": [0.19796301424503326, 0.5062807202339172, 0.06930632144212723], "Lt. Humeral Medial Epicn": [0.1346597522497177, 0.46277153491973877, 0.09622856229543686], "Lt. Iliocristale": [0.20649367570877075, 0.26593297719955444, -0.14029739797115326], "Lt. Infraorbitale": [0.05697092041373253, 0.816736102104187, -0.12568198144435883], "Lt. Knee Crease": [0.1386691927909851, -0.3318949043750763, -0.30993786454200745], "Lt. Lateral Malleolus": [0.2162569910287857, -0.7579737305641174, -0.30494654178619385], "Lt. Medial Malleolus": [0.15195925533771515, -0.7605783343315125, -0.275104284286499], "Lt. Metacarpal Phal. II": [0.16170507669448853, 0.8111794590950012, 0.02831820212304592], "Lt. Metacarpal Phal. V": [0.1539047360420227, 0.819452166557312, 0.09852921962738037], "Lt. Metatarsal Phal. I": [0.23020894825458527, -0.8295459151268005, -0.13145947456359863], "Lt. Metatarsal Phal. V": [0.2887989580631256, -0.8249712586402893, -0.18805895745754242], "Lt. Olecranon": [0.16836212575435638, 0.46472084522247314, 0.1038978174328804], "Lt. PSIS": [0.08794198930263519, 0.16708782315254211, -0.2850649952888489], "Lt. Radial Styloid": [0.09482827037572861, 0.7194563150405884, 0.06045294180512428], "Lt. Radiale": [0.1911863535642624, 0.5091175436973572, 0.08238105475902557], "Lt. Sphyrion": [0.15786868333816528, -0.7828072905540466, -0.2707550823688507], "Lt. Thelion/Bustpoint": [0.1373457908630371, 0.46930184960365295, -0.043978363275527954], "Lt. Tragion": [0.0954827219247818, 0.8239344358444214, -0.20561446249485016], "Lt. Trochanterion": [0.2308400273323059, 0.07003843784332275, -0.15589523315429688], "Lt. Ulnar Styloid": [0.1253238320350647, 0.7316303849220276, 0.10441427677869797], "Nuchale": [0.017859211191534996, 0.8249211311340332, -0.2925296127796173], "Rt. 10th Rib": [-0.09653164446353912, 0.3003043234348297, -0.06258396059274673], "Rt. ASIS": [-0.10787025094032288, 0.16907410323619843, -0.07267376035451889], "Rt. Acromion": [-0.1789269745349884, 0.6458305716514587, -0.13969451189041138], "Rt. Axilla, Ant.": [-0.11632439494132996, 0.6436142325401306, -0.13822945952415466], "Rt. Axilla, Post.": [-0.17064617574214935, 0.5076273679733276, -0.13110823929309845], "Rt. Calcaneous, Post.": [-0.11065521091222763, -0.7992753982543945, -0.3671426475048065], "Rt. Clavicale": [-0.01623869314789772, 0.6377500295639038, -0.13424944877624512], "Rt. Dactylion": [-0.16912461817264557, 0.9299875497817993, 0.005082959309220314], "Rt. Digit II": [-0.23152893781661987, -0.8368379473686218, -0.13352301716804504], "Rt. Femoral Lateral Epicn": [-0.1365589052438736, -0.3452514111995697, -0.28977444767951965], "Rt. Femoral Medial Epicn": [-0.027339939028024673, -0.35491156578063965, -0.27324700355529785], "Rt. Gonion": [-0.06004969775676727, 0.7807547450065613, -0.19709157943725586], "Rt. Humeral Lateral Epicn": [-0.14530733227729797, 0.5111604332923889, 0.06139308959245682], "Rt. Humeral Medial Epicn": [-0.0680563673377037, 0.5015658736228943, 0.07461460679769516], "Rt. Iliocristale": [-0.15334521234035492, 0.23457574844360352, -0.12474087625741959], "Rt. Infraorbitale": [-0.02013443410396576, 0.8139034509658813, -0.12229295074939728], "Rt. Knee Crease": [-0.0713430643081665, -0.3311116397380829, -0.32032814621925354], "Rt. Lateral Malleolus": [-0.1664808690547943, -0.7528754472732544, -0.3192940056324005], "Rt. Medial Malleolus": [-0.10438243299722672, -0.7570615410804749, -0.280344158411026], "Rt. Metacarpal Phal. II": [-0.1351393163204193, 0.8267557621002197, -0.0036213763523846865], "Rt. Metacarpal Phal. V": [-0.12601715326309204, 0.8439502120018005, 0.06910300254821777], "Rt. Metatarsal Phal. I": [-0.19366808235645294, -0.8271912932395935, -0.1365375518798828], "Rt. Metatarsal Phal. V": [-0.24725763499736786, -0.8245620131492615, -0.19542327523231506], "Rt. Olecranon": [-0.11122401058673859, 0.4856848418712616, 0.09964843839406967], "Rt. PSIS": [-0.02713782712817192, 0.16675126552581787, -0.27750444412231445], "Rt. Radial Styloid": [-0.07620532065629959, 0.7505716681480408, 0.01660311035811901], "Rt. Radiale": [-0.13919536769390106, 0.5154725909233093, 0.07766582071781158], "Rt. Sphyrion": [-0.11230996996164322, -0.7832285165786743, -0.27856606245040894], "Rt. Thelion/Bustpoint": [-0.08907618373632431, 0.4563876986503601, -0.0411747582256794], "Rt. Tragion": [-0.06591533124446869, 0.8326409459114075, -0.2011212706565857], "Rt. Trochanterion": [-0.16810725629329681, 0.0682358518242836, -0.1528574526309967], "Rt. Ulnar Styloid": [-0.09544987231492996, 0.7588114142417908, 0.07986240833997726], "Sellion": [0.018541021272540092, 0.8335837721824646, -0.10654798895120621], "Substernale": [0.03281785547733307, 0.3975217342376709, -0.024598248302936554], "Supramenton": [0.011422594077885151, 0.743837296962738, -0.11921195685863495], "Suprasternale": [0.008496892638504505, 0.6207408308982849, -0.12093951553106308], "Waist, Preferred, Post.": [0.02902512438595295, 0.1653989553451538, -0.28145116567611694]}