{"10th Rib Midspine": [0.06260476261377335, 0.015571437776088715, 0.017466166988015175], "Cervicale": [0.08480057120323181, 0.3569882810115814, 0.05285937711596489], "Lt. 10th Rib": [0.17307928204536438, -0.03657379001379013, 0.1572333723306656], "Lt. ASIS": [0.18007351458072662, -0.14443252980709076, 0.15378552675247192], "Lt. Acromion": [0.31403693556785583, 0.237348273396492, 0.13954757153987885], "Lt. Axilla, Ant.": [0.2429426610469818, 0.17796528339385986, 0.1201435849070549], "Lt. Axilla, Post.": [0.2636597752571106, 0.1450844407081604, 0.03875124827027321], "Lt. Calcaneous, Post.": [0.20989978313446045, -1.1167162656784058, -0.05513512343168259], "Lt. Clavicale": [0.11022945493459702, 0.28161120414733887, 0.16432197391986847], "Lt. Dactylion": [0.4764290153980255, -0.4608968496322632, 0.12445005029439926], "Lt. Digit II": [0.25689592957496643, -1.1445473432540894, 0.19337067008018494], "Lt. Femoral Lateral Epicn": [0.25730645656585693, -0.6615149974822998, -0.0060258894227445126], "Lt. Femoral Medial Epicn": [0.16069070994853973, -0.6662338972091675, -0.018980367109179497], "Lt. Gonion": [0.1174481213092804, 0.4607008695602417, 0.18839111924171448], "Lt. Humeral Lateral Epicn": [0.3949563503265381, -0.02810678258538246, 0.03886861354112625], "Lt. Humeral Medial Epicn": [0.33231213688850403, -0.056973427534103394, 0.018356753513216972], "Lt. Iliocristale": [0.20098036527633667, -0.06278853863477707, 0.1338149756193161], "Lt. Infraorbitale": [0.0705055221915245, 0.4631201922893524, 0.2553149461746216], "Lt. Knee Crease": [0.20346878468990326, -0.6501683592796326, -0.04887038469314575], "Lt. Lateral Malleolus": [0.2510012090206146, -1.0675207376480103, -0.002083094557747245], "Lt. Medial Malleolus": [0.1910049021244049, -1.0669668912887573, 0.01770598068833351], "Lt. Metacarpal Phal. II": [0.4710021913051605, -0.3685838580131531, 0.13046643137931824], "Lt. Metacarpal Phal. V": [0.4685130715370178, -0.3759511709213257, 0.06712348014116287], "Lt. Metatarsal Phal. I": [0.2293221652507782, -1.1319892406463623, 0.1748511642217636], "Lt. Metatarsal Phal. V": [0.29763248562812805, -1.1369001865386963, 0.1243528425693512], "Lt. Olecranon": [0.3605203330516815, -0.0446445606648922, 0.002490554703399539], "Lt. PSIS": [0.1138128936290741, -0.14167919754981995, -0.019748348742723465], "Lt. Radial Styloid": [0.41415464878082275, -0.28073927760124207, 0.10077022761106491], "Lt. Radiale": [0.3982064723968506, -0.051405906677246094, 0.03093804232776165], "Lt. Sphyrion": [0.19530361890792847, -1.0906141996383667, 0.01837247796356678], "Lt. Thelion/Bustpoint": [0.1737654209136963, 0.1157064363360405, 0.17709851264953613], "Lt. Tragion": [0.10396365076303482, 0.5055078268051147, 0.1901305913925171], "Lt. Trochanterion": [0.22605328261852264, -0.2512083649635315, 0.09153982251882553], "Lt. Ulnar Styloid": [0.4470999538898468, -0.28055113554000854, 0.05866261199116707], "Nuchale": [0.059419408440589905, 0.4912075698375702, 0.08247068524360657], "Rt. 10th Rib": [-0.028927622362971306, -0.027241040021181107, 0.16828708350658417], "Rt. ASIS": [-0.06266796588897705, -0.14937438070774078, 0.15424761176109314], "Rt. Acromion": [-0.15508954226970673, 0.2534745931625366, 0.1198405772447586], "Rt. Axilla, Ant.": [-0.09502705931663513, 0.18606624007225037, 0.12647747993469238], "Rt. Axilla, Post.": [-0.11133793741464615, 0.14761923253536224, 0.024401336908340454], "Rt. Calcaneous, Post.": [-0.07152660936117172, -1.11329984664917, -0.07502485811710358], "Rt. Clavicale": [0.05126049742102623, 0.27387022972106934, 0.16276977956295013], "Rt. Dactylion": [-0.33759772777557373, -0.4316423237323761, 0.09141740202903748], "Rt. Digit II": [-0.14555491507053375, -1.1453791856765747, 0.16590650379657745], "Rt. Femoral Lateral Epicn": [-0.12041905522346497, -0.6601316332817078, -0.012145872227847576], "Rt. Femoral Medial Epicn": [-0.021900231018662453, -0.664040207862854, -0.01272820308804512], "Rt. Gonion": [0.008695180527865887, 0.4033758044242859, 0.15648801624774933], "Rt. Humeral Lateral Epicn": [-0.25227874517440796, -0.009469459764659405, 0.02075386978685856], "Rt. Humeral Medial Epicn": [-0.1893412470817566, -0.057424064725637436, 0.03449840098619461], "Rt. Iliocristale": [-0.08449149876832962, -0.07282386720180511, 0.1283910870552063], "Rt. Infraorbitale": [0.009966595098376274, 0.42427653074264526, 0.2402837574481964], "Rt. Knee Crease": [-0.06285140663385391, -0.6489980220794678, -0.044341836124658585], "Rt. Lateral Malleolus": [-0.11655937135219574, -1.0652493238449097, -0.027416393160820007], "Rt. Medial Malleolus": [-0.061275847256183624, -1.0636175870895386, 0.004704383201897144], "Rt. Metacarpal Phal. II": [-0.3676130473613739, -0.34034600853919983, 0.10402403026819229], "Rt. Metacarpal Phal. V": [-0.34976819157600403, -0.3430321216583252, 0.04155275970697403], "Rt. Metatarsal Phal. I": [-0.10777594149112701, -1.1271880865097046, 0.1502198427915573], "Rt. Metatarsal Phal. V": [-0.17143604159355164, -1.1378835439682007, 0.1037377342581749], "Rt. Olecranon": [-0.21462759375572205, -0.035524848848581314, 0.0018656285246834159], "Rt. PSIS": [0.012284310534596443, -0.13812553882598877, -0.024347130209207535], "Rt. Radial Styloid": [-0.3213306963443756, -0.255326509475708, 0.10157124698162079], "Rt. Radiale": [-0.25315502285957336, -0.03363494202494621, 0.011489199474453926], "Rt. Sphyrion": [-0.06318560242652893, -1.0852446556091309, 0.004796125926077366], "Rt. Thelion/Bustpoint": [-0.02166224829852581, 0.11740638315677643, 0.1834338754415512], "Rt. Tragion": [-0.01932886801660061, 0.44199976325035095, 0.14862239360809326], "Rt. Trochanterion": [-0.11374161392450333, -0.24185040593147278, 0.08087395876646042], "Rt. Ulnar Styloid": [-0.3389020562171936, -0.251536101102829, 0.043927740305662155], "Sellion": [0.021286876872181892, 0.4596908688545227, 0.2668529152870178], "Substernale": [0.07508490979671478, 0.049993786960840225, 0.1969752013683319], "Supramenton": [0.06904711574316025, 0.3751246929168701, 0.24961653351783752], "Suprasternale": [0.07797905802726746, 0.2562357783317566, 0.17007865011692047], "Waist, Preferred, Post.": [0.062343887984752655, -0.1421012282371521, -0.025397373363375664]}