{"10th Rib Midspine": [0.03439470753073692, 0.2618078887462616, -0.1308399736881256], "Cervicale": [0.04411622881889343, 0.6270341873168945, -0.1202671155333519], "Lt. 10th Rib": [0.15360820293426514, 0.22335362434387207, 0.024215763434767723], "Lt. ASIS": [0.156797856092453, 0.10356809943914413, 0.026652846485376358], "Lt. Acromion": [0.24595604836940765, 0.5528074502944946, 0.06342989951372147], "Lt. Axilla, Ant.": [0.1591307669878006, 0.5406579971313477, 0.053326379507780075], "Lt. Axilla, Post.": [0.2123260796070099, 0.4202955365180969, 0.026660628616809845], "Lt. Calcaneous, Post.": [0.10159292817115784, -0.8807921409606934, -0.25659802556037903], "Lt. Clavicale": [0.07005174458026886, 0.5462467074394226, -0.0011030856985598803], "Lt. Dactylion": [0.21896576881408691, 0.7962445616722107, 0.2571046054363251], "Lt. Digit II": [0.15939825773239136, -0.9054568409919739, 0.022130431607365608], "Lt. Femoral Lateral Epicn": [0.17763428390026093, -0.43625888228416443, -0.1505398154258728], "Lt. Femoral Medial Epicn": [0.06894552707672119, -0.4310528039932251, -0.16014371812343597], "Lt. Gonion": [0.11859075725078583, 0.7075883150100708, -0.02666129730641842], "Lt. Humeral Lateral Epicn": [0.19156230986118317, 0.3835165500640869, 0.22773396968841553], "Lt. Humeral Medial Epicn": [0.1010361760854721, 0.3625872731208801, 0.22794915735721588], "Lt. Iliocristale": [0.18262533843517303, 0.1899547129869461, -0.00459974305704236], "Lt. Infraorbitale": [0.09212785959243774, 0.7438684105873108, 0.04588710889220238], "Lt. Knee Crease": [0.11928635835647583, -0.4135974943637848, -0.19395563006401062], "Lt. Lateral Malleolus": [0.14617255330085754, -0.8335263729095459, -0.1931484341621399], "Lt. Medial Malleolus": [0.07688115537166595, -0.8419985175132751, -0.171263188123703], "Lt. Metacarpal Phal. II": [0.21799707412719727, 0.7005190253257751, 0.25758612155914307], "Lt. Metacarpal Phal. V": [0.18302619457244873, 0.7180995345115662, 0.31299760937690735], "Lt. Metatarsal Phal. I": [0.13291442394256592, -0.9060371518135071, -0.014433725737035275], "Lt. Metatarsal Phal. V": [0.20327438414096832, -0.9013465642929077, -0.06780032068490982], "Lt. Olecranon": [0.13510745763778687, 0.3454185724258423, 0.24555645883083344], "Lt. PSIS": [0.08716302365064621, 0.10130282491445541, -0.15977437794208527], "Lt. Radial Styloid": [0.12934960424900055, 0.6265626549720764, 0.25319376587867737], "Lt. Radiale": [0.17675694823265076, 0.3867015242576599, 0.2433951050043106], "Lt. Sphyrion": [0.07916337996721268, -0.8629275560379028, -0.1694159209728241], "Lt. Thelion/Bustpoint": [0.1329018622636795, 0.3796578645706177, 0.0323316790163517], "Lt. Tragion": [0.12752194702625275, 0.7558596134185791, -0.03486545383930206], "Lt. Trochanterion": [0.19913102686405182, -0.015773173421621323, -0.03601885959506035], "Lt. Ulnar Styloid": [0.14374475181102753, 0.6222921013832092, 0.3034950792789459], "Nuchale": [0.05349674075841904, 0.7469640374183655, -0.13318689167499542], "Rt. 10th Rib": [-0.06866300851106644, 0.23389486968517303, 0.032627806067466736], "Rt. ASIS": [-0.09426135569810867, 0.10508056730031967, 0.02786865457892418], "Rt. Acromion": [-0.15093794465065002, 0.5808327794075012, 0.05988236516714096], "Rt. Axilla, Ant.": [-0.06021048128604889, 0.5266203880310059, 0.0684218779206276], "Rt. Axilla, Post.": [-0.12614139914512634, 0.43550652265548706, 0.035720400512218475], "Rt. Calcaneous, Post.": [-0.08909835666418076, -0.8779795169830322, -0.25533387064933777], "Rt. Clavicale": [0.01819264143705368, 0.5508505702018738, 0.001943684765137732], "Rt. Dactylion": [-0.11226581037044525, 0.8044810891151428, 0.27490752935409546], "Rt. Digit II": [-0.18568073213100433, -0.9096358418464661, 0.005388427525758743], "Rt. Femoral Lateral Epicn": [-0.16009798645973206, -0.42335304617881775, -0.17126460373401642], "Rt. Femoral Medial Epicn": [-0.0497734360396862, -0.426571786403656, -0.16731226444244385], "Rt. Gonion": [-0.015457510016858578, 0.7085891366004944, -0.027305804193019867], "Rt. Humeral Lateral Epicn": [-0.10757548362016678, 0.4041876196861267, 0.23097914457321167], "Rt. Humeral Medial Epicn": [-0.013559889979660511, 0.39597320556640625, 0.22548018395900726], "Rt. Iliocristale": [-0.12227489054203033, 0.18140248954296112, -0.00849914737045765], "Rt. Infraorbitale": [0.016678158193826675, 0.7416195273399353, 0.04997151345014572], "Rt. Knee Crease": [-0.09705260396003723, -0.4104887843132019, -0.20513522624969482], "Rt. Lateral Malleolus": [-0.14298571646213531, -0.8310451507568359, -0.19499580562114716], "Rt. Medial Malleolus": [-0.07617181539535522, -0.8353525996208191, -0.16723863780498505], "Rt. Metacarpal Phal. II": [-0.11329976469278336, 0.7084590792655945, 0.265116810798645], "Rt. Metacarpal Phal. V": [-0.09355531632900238, 0.7199962139129639, 0.33602818846702576], "Rt. Metatarsal Phal. I": [-0.1415068656206131, -0.8980575203895569, -0.008407236076891422], "Rt. Metatarsal Phal. V": [-0.20644338428974152, -0.8983454704284668, -0.06255068629980087], "Rt. Olecranon": [-0.05997519567608833, 0.36500129103660583, 0.250154048204422], "Rt. PSIS": [-0.018988395109772682, 0.10563874989748001, -0.1614057719707489], "Rt. Radial Styloid": [-0.03654022887349129, 0.6530625224113464, 0.2602999806404114], "Rt. Radiale": [-0.09591212123632431, 0.4050756096839905, 0.2455197125673294], "Rt. Sphyrion": [-0.07734427601099014, -0.856507420539856, -0.16374719142913818], "Rt. Thelion/Bustpoint": [-0.05400070175528526, 0.3839509189128876, 0.03008241578936577], "Rt. Tragion": [-0.023247716948390007, 0.7557212710380554, -0.03813876211643219], "Rt. Trochanterion": [-0.15598681569099426, 0.008378983475267887, -0.047090642154216766], "Rt. Ulnar Styloid": [-0.056512147188186646, 0.6351709365844727, 0.32374078035354614], "Sellion": [0.0477742925286293, 0.7740411758422852, 0.06489715725183487], "Substernale": [0.0393349714577198, 0.31195369362831116, 0.05096578225493431], "Supramenton": [0.049428462982177734, 0.6721142530441284, 0.06042004004120827], "Suprasternale": [0.04176723584532738, 0.5209985971450806, 0.0101664112880826], "Waist, Preferred, Post.": [0.034110769629478455, 0.10584967583417892, -0.15940609574317932]}