{"10th Rib Midspine": [0.1206848993897438, 0.18741346895694733, -0.10300523042678833], "Cervicale": [0.13081011176109314, 0.513340413570404, 0.008736415766179562], "Lt. 10th Rib": [0.23253871500492096, 0.0942574143409729, 0.05189964175224304], "Lt. ASIS": [0.2538945972919464, 0.004798673093318939, 0.029870525002479553], "Lt. Acromion": [0.30069878697395325, 0.42925795912742615, 0.11594919860363007], "Lt. Axilla, Ant.": [0.296143501996994, 0.3365042209625244, 0.11030290275812149], "Lt. Axilla, Post.": [0.370673805475235, 0.309201717376709, 0.07053271681070328], "Lt. Calcaneous, Post.": [0.26692235469818115, -0.8296005725860596, -0.25180187821388245], "Lt. Clavicale": [0.13844001293182373, 0.39934781193733215, 0.11322455108165741], "Lt. Dactylion": [0.12164831906557083, 0.11343501508235931, 0.2767062485218048], "Lt. Digit II": [0.2676469683647156, -0.9133886694908142, -0.03448863327503204], "Lt. Femoral Lateral Epicn": [0.28482508659362793, -0.4486841857433319, -0.1334904134273529], "Lt. Femoral Medial Epicn": [0.16679662466049194, -0.4602137506008148, -0.1665140688419342], "Lt. Gonion": [0.19051478803157806, 0.5312102437019348, 0.12015175074338913], "Lt. Humeral Lateral Epicn": [0.4452471435070038, 0.29291650652885437, 0.22867092490196228], "Lt. Humeral Medial Epicn": [0.4801620543003082, 0.23114506900310516, 0.19447270035743713], "Lt. Iliocristale": [0.28605133295059204, 0.07649663835763931, 0.009210375137627125], "Lt. Infraorbitale": [0.15324582159519196, 0.5523651242256165, 0.1941211074590683], "Lt. Knee Crease": [0.23377405107021332, -0.4414091110229492, -0.1908065378665924], "Lt. Lateral Malleolus": [0.30161887407302856, -0.8007819652557373, -0.1846112161874771], "Lt. Medial Malleolus": [0.23564355075359344, -0.8077143430709839, -0.17922504246234894], "Lt. Metacarpal Phal. II": [0.2002011090517044, 0.13635379076004028, 0.24802948534488678], "Lt. Metacarpal Phal. V": [0.20931488275527954, 0.1329251378774643, 0.30927222967147827], "Lt. Metatarsal Phal. I": [0.24642492830753326, -0.9102879762649536, -0.054428450763225555], "Lt. Metatarsal Phal. V": [0.3039934039115906, -0.9050199389457703, -0.09975548088550568], "Lt. Olecranon": [0.49163681268692017, 0.25376981496810913, 0.22213968634605408], "Lt. PSIS": [0.1905062347650528, 0.0547676607966423, -0.1832430362701416], "Lt. Radial Styloid": [0.2983637750148773, 0.13132457435131073, 0.25530117750167847], "Lt. Radiale": [0.44610804319381714, 0.27349165081977844, 0.2399495244026184], "Lt. Sphyrion": [0.2367321401834488, -0.825307309627533, -0.1769593358039856], "Lt. Thelion/Bustpoint": [0.21368740499019623, 0.18726080656051636, 0.12392968684434891], "Lt. Tragion": [0.19685016572475433, 0.5799509286880493, 0.11766188591718674], "Lt. Trochanterion": [0.30112987756729126, -0.06493246555328369, -0.041226234287023544], "Lt. Ulnar Styloid": [0.2896202504634857, 0.15350143611431122, 0.30304667353630066], "Nuchale": [0.13615211844444275, 0.5824667811393738, 0.018570194020867348], "Rt. 10th Rib": [-0.01368196401745081, 0.10320936888456345, 0.04828770458698273], "Rt. ASIS": [-0.04869120940566063, 0.016968173906207085, 0.013961522839963436], "Rt. Acromion": [-0.07164595276117325, 0.4338785409927368, 0.0823403149843216], "Rt. Axilla, Ant.": [-0.055044617503881454, 0.3408568203449249, 0.06062664836645126], "Rt. Axilla, Post.": [-0.14221927523612976, 0.31270715594291687, 0.01947975903749466], "Rt. Calcaneous, Post.": [-0.06570018082857132, -0.8249356746673584, -0.28088104724884033], "Rt. Clavicale": [0.0825754925608635, 0.40191495418548584, 0.10760755836963654], "Rt. Dactylion": [0.05600305274128914, 0.10828491300344467, 0.2895665764808655], "Rt. Digit II": [-0.12996923923492432, -0.9131767153739929, -0.0831197053194046], "Rt. Femoral Lateral Epicn": [-0.09425602853298187, -0.43393072485923767, -0.19196951389312744], "Rt. Femoral Medial Epicn": [0.028007179498672485, -0.4505186676979065, -0.18541094660758972], "Rt. Gonion": [0.05446065589785576, 0.5361075401306152, 0.10040408372879028], "Rt. Humeral Lateral Epicn": [-0.24811163544654846, 0.29843029379844666, 0.16306103765964508], "Rt. Humeral Medial Epicn": [-0.25922080874443054, 0.23038285970687866, 0.11183466762304306], "Rt. Iliocristale": [-0.07800523191690445, 0.0910353884100914, -0.023433474823832512], "Rt. Infraorbitale": [0.07576411217451096, 0.5501182675361633, 0.1831362247467041], "Rt. Knee Crease": [-0.027293076738715172, -0.42739495635032654, -0.22767354547977448], "Rt. Lateral Malleolus": [-0.11753233522176743, -0.790136456489563, -0.2267242968082428], "Rt. Medial Malleolus": [-0.05729631707072258, -0.798170804977417, -0.19937945902347565], "Rt. Metacarpal Phal. II": [-0.0115751838311553, 0.13913866877555847, 0.24264806509017944], "Rt. Metacarpal Phal. V": [-0.03408303111791611, 0.13303722441196442, 0.2955549359321594], "Rt. Metatarsal Phal. I": [-0.09673841297626495, -0.9008260369300842, -0.08009537309408188], "Rt. Metatarsal Phal. V": [-0.1459420770406723, -0.8973621129989624, -0.12629660964012146], "Rt. Olecranon": [-0.28749969601631165, 0.2648542523384094, 0.14689205586910248], "Rt. PSIS": [0.05917605385184288, 0.0665636733174324, -0.2006993293762207], "Rt. Radial Styloid": [-0.10014814883470535, 0.1476982682943344, 0.21295934915542603], "Rt. Radiale": [-0.2508040964603424, 0.28150835633277893, 0.17327731847763062], "Rt. Sphyrion": [-0.05878004431724548, -0.8194096088409424, -0.20066967606544495], "Rt. Thelion/Bustpoint": [-0.01138779055327177, 0.19263844192028046, 0.0948372632265091], "Rt. Tragion": [0.04939287528395653, 0.5853626132011414, 0.0981944128870964], "Rt. Trochanterion": [-0.11049861460924149, -0.041709303855895996, -0.09380105882883072], "Rt. Ulnar Styloid": [-0.11126843094825745, 0.1590735763311386, 0.2693253755569458], "Sellion": [0.11175991594791412, 0.5745924115180969, 0.20123398303985596], "Substernale": [0.09894909709692001, 0.1710798293352127, 0.11849566549062729], "Supramenton": [0.11219123005867004, 0.4852820336818695, 0.17302744090557098], "Suprasternale": [0.10687541961669922, 0.3687286376953125, 0.1197608932852745], "Waist, Preferred, Post.": [0.12509194016456604, 0.06083441898226738, -0.19336281716823578]}