{"10th Rib Midspine": [-0.015499526634812355, 0.18869531154632568, -0.1067589744925499], "Cervicale": [-0.014055948704481125, 0.5238698720932007, -0.09688253700733185], "Lt. 10th Rib": [0.08504001051187515, 0.12965166568756104, 0.020657405257225037], "Lt. ASIS": [0.1033870056271553, 0.022270413115620613, 0.020043158903717995], "Lt. Acromion": [0.1542905569076538, 0.5186872482299805, -0.04664994776248932], "Lt. Axilla, Ant.": [0.1280723661184311, 0.41649338603019714, -0.058177150785923004], "Lt. Axilla, Post.": [0.15931275486946106, 0.3974686861038208, -0.13007792830467224], "Lt. Calcaneous, Post.": [0.046415261924266815, -0.8818448781967163, -0.25912004709243774], "Lt. Clavicale": [0.01590796746313572, 0.4431154131889343, 0.004230341874063015], "Lt. Dactylion": [0.35345664620399475, -0.1372869312763214, -0.018802648410201073], "Lt. Digit II": [0.09141131490468979, -0.9143655300140381, -0.006038757506757975], "Lt. Femoral Lateral Epicn": [0.12487799674272537, -0.47890084981918335, -0.15128736197948456], "Lt. Femoral Medial Epicn": [0.022155892103910446, -0.47270384430885315, -0.16870230436325073], "Lt. Gonion": [0.06182778626680374, 0.5867598056793213, 0.0025560620706528425], "Lt. Humeral Lateral Epicn": [0.2729719579219818, 0.2664681077003479, -0.07326474040746689], "Lt. Humeral Medial Epicn": [0.2558058500289917, 0.24213342368602753, -0.13704684376716614], "Lt. Iliocristale": [0.11336386203765869, 0.09666687250137329, -0.0062042647041380405], "Lt. Infraorbitale": [0.04392705857753754, 0.6247093677520752, 0.07553190737962723], "Lt. Knee Crease": [0.07560469210147858, -0.4638802409172058, -0.19387033581733704], "Lt. Lateral Malleolus": [0.08404985070228577, -0.8432944416999817, -0.2040564864873886], "Lt. Medial Malleolus": [0.021365951746702194, -0.8447511196136475, -0.18884940445423126], "Lt. Metacarpal Phal. II": [0.31739383935928345, -0.05336909368634224, -0.02938995696604252], "Lt. Metacarpal Phal. V": [0.36743417382240295, -0.04053260758519173, -0.04500836879014969], "Lt. Metatarsal Phal. I": [0.06379076838493347, -0.9029822945594788, -0.03674405813217163], "Lt. Metatarsal Phal. V": [0.13097763061523438, -0.9023095369338989, -0.08387415111064911], "Lt. Olecranon": [0.2802833914756775, 0.2525401711463928, -0.11981718242168427], "Lt. PSIS": [0.022536231204867363, 0.023529795929789543, -0.1441315859556198], "Lt. Radial Styloid": [0.3001985251903534, 0.03304748237133026, -0.0691259577870369], "Lt. Radiale": [0.2831904888153076, 0.24682526290416718, -0.079511359333992], "Lt. Sphyrion": [0.021437520161271095, -0.8621752262115479, -0.18337103724479675], "Lt. Thelion/Bustpoint": [0.10446342825889587, 0.26120615005493164, 0.06443709135055542], "Lt. Tragion": [0.07496754825115204, 0.6322426199913025, -0.007546232081949711], "Lt. Trochanterion": [0.14524532854557037, -0.08008494228124619, -0.041734449565410614], "Lt. Ulnar Styloid": [0.33919933438301086, 0.04624684527516365, -0.051668036729097366], "Nuchale": [0.000677577976603061, 0.6298438310623169, -0.09129209816455841], "Rt. 10th Rib": [-0.10093490779399872, 0.13335943222045898, 0.03916912525892258], "Rt. ASIS": [-0.12912188470363617, 0.020995384082198143, 0.04046390578150749], "Rt. Acromion": [-0.1812104433774948, 0.5045656561851501, -0.0430670790374279], "Rt. Axilla, Ant.": [-0.14754891395568848, 0.4014478027820587, -0.041625626385211945], "Rt. Axilla, Post.": [-0.19559121131896973, 0.3858869969844818, -0.12511800229549408], "Rt. Calcaneous, Post.": [-0.14071989059448242, -0.8812559843063354, -0.25897496938705444], "Rt. Clavicale": [-0.032850053161382675, 0.44212743639945984, 0.004789174068719149], "Rt. Dactylion": [-0.3638356328010559, -0.1332617998123169, -0.028402384370565414], "Rt. Digit II": [-0.18247473239898682, -0.9126613736152649, -0.019529419019818306], "Rt. Femoral Lateral Epicn": [-0.19461169838905334, -0.4708608388900757, -0.15017956495285034], "Rt. Femoral Medial Epicn": [-0.09118185192346573, -0.46566644310951233, -0.17027731239795685], "Rt. Gonion": [-0.056142378598451614, 0.5896630883216858, 0.0038293544203042984], "Rt. Humeral Lateral Epicn": [-0.3106691241264343, 0.26317188143730164, -0.06219390407204628], "Rt. Humeral Medial Epicn": [-0.29138800501823425, 0.23707915842533112, -0.13019885122776031], "Rt. Iliocristale": [-0.15532323718070984, 0.08854159712791443, 0.00879132840782404], "Rt. Infraorbitale": [-0.03344303369522095, 0.6176155805587769, 0.07822377234697342], "Rt. Knee Crease": [-0.1455221325159073, -0.4552772343158722, -0.19598308205604553], "Rt. Lateral Malleolus": [-0.17857488989830017, -0.839865505695343, -0.1986941546201706], "Rt. Medial Malleolus": [-0.1137145608663559, -0.8439134955406189, -0.18407943844795227], "Rt. Metacarpal Phal. II": [-0.3506300151348114, -0.04803111031651497, -0.023542089387774467], "Rt. Metacarpal Phal. V": [-0.39925655722618103, -0.047792259603738785, -0.051141198724508286], "Rt. Metatarsal Phal. I": [-0.1422376036643982, -0.8974089026451111, -0.04208331182599068], "Rt. Metatarsal Phal. V": [-0.21408215165138245, -0.8991134166717529, -0.06925106793642044], "Rt. Olecranon": [-0.32487645745277405, 0.2557952105998993, -0.10846177488565445], "Rt. PSIS": [-0.07855021953582764, 0.027374519035220146, -0.14206179976463318], "Rt. Radial Styloid": [-0.3368341624736786, 0.033153459429740906, -0.06053129956126213], "Rt. Radiale": [-0.32206711173057556, 0.2471015900373459, -0.0690082535147667], "Rt. Sphyrion": [-0.11473223567008972, -0.8619035482406616, -0.18117201328277588], "Rt. Thelion/Bustpoint": [-0.10587047040462494, 0.2618958652019501, 0.07142779976129532], "Rt. Tragion": [-0.07028961181640625, 0.6309526562690735, -0.005013621412217617], "Rt. Trochanterion": [-0.19976571202278137, -0.07129079848527908, -0.029505301266908646], "Rt. Ulnar Styloid": [-0.3892025649547577, 0.03965535759925842, -0.04923055320978165], "Sellion": [0.0018531534587964416, 0.6438659429550171, 0.09105216711759567], "Substernale": [-0.011492092162370682, 0.20179487764835358, 0.05166484788060188], "Supramenton": [0.003095224965363741, 0.5556098818778992, 0.07572120428085327], "Suprasternale": [-0.0065571921877563, 0.406838059425354, 0.018277673050761223], "Waist, Preferred, Post.": [-0.025086956098675728, 0.024197926744818687, -0.14892978966236115]}