{"10th Rib Midspine": [0.148983433842659, -0.013937165029346943, 0.29784834384918213], "Cervicale": [0.11989086866378784, 0.32835137844085693, 0.3129366338253021], "Lt. 10th Rib": [-0.03477971628308296, -0.052778489887714386, 0.2837952971458435], "Lt. ASIS": [-0.04972219839692116, -0.1581997126340866, 0.2798793315887451], "Lt. Acromion": [-0.07018397748470306, 0.210666224360466, 0.4497290253639221], "Lt. Axilla, Ant.": [-0.020563850179314613, 0.148116335272789, 0.39648088812828064], "Lt. Axilla, Post.": [0.05766953155398369, 0.14440613985061646, 0.4687459468841553], "Lt. Calcaneous, Post.": [-0.049963753670454025, -1.126060128211975, 0.1350940465927124], "Lt. Clavicale": [0.010278032161295414, 0.25668126344680786, 0.26116254925727844], "Lt. Dactylion": [0.08190464973449707, -0.4821206331253052, 0.4418749511241913], "Lt. Digit II": [-0.2233080118894577, -1.1358940601348877, -0.04358496144413948], "Lt. Femoral Lateral Epicn": [-0.06128635257482529, -0.70146644115448, 0.2840774953365326], "Lt. Femoral Medial Epicn": [0.01863323152065277, -0.6966055631637573, 0.22560672461986542], "Lt. Gonion": [-0.0194839034229517, 0.4108281135559082, 0.28969427943229675], "Lt. Humeral Lateral Epicn": [0.032702814787626266, -0.049222998321056366, 0.5526261925697327], "Lt. Humeral Medial Epicn": [0.10116936266422272, -0.047621358186006546, 0.5422496199607849], "Lt. Iliocristale": [-0.040170084685087204, -0.08283651620149612, 0.3167271614074707], "Lt. Infraorbitale": [-0.05512440204620361, 0.43837809562683105, 0.22145207226276398], "Lt. Knee Crease": [0.008230523206293583, -0.6977558135986328, 0.28239989280700684], "Lt. Lateral Malleolus": [-0.11533217877149582, -1.0766559839248657, 0.13565567135810852], "Lt. Medial Malleolus": [-0.07542698830366135, -1.067021369934082, 0.08985135704278946], "Lt. Metacarpal Phal. II": [0.053765006363391876, -0.39664459228515625, 0.47543519735336304], "Lt. Metacarpal Phal. V": [0.11419766396284103, -0.3987075686454773, 0.5047489404678345], "Lt. Metatarsal Phal. I": [-0.18386641144752502, -1.1186659336090088, -0.03820332512259483], "Lt. Metatarsal Phal. V": [-0.22016943991184235, -1.1337153911590576, 0.027516674250364304], "Lt. Olecranon": [0.0790942832827568, -0.04810204356908798, 0.5678332448005676], "Lt. PSIS": [0.12382438033819199, -0.17774750292301178, 0.3466661274433136], "Lt. Radial Styloid": [0.07586073130369186, -0.2911357283592224, 0.47896265983581543], "Lt. Radiale": [0.04182589799165726, -0.07367513328790665, 0.5571829676628113], "Lt. Sphyrion": [-0.08041848987340927, -1.0871622562408447, 0.08097238093614578], "Lt. Thelion/Bustpoint": [-0.03805726766586304, 0.09292085468769073, 0.28940021991729736], "Lt. Tragion": [-0.0244867205619812, 0.4584979712963104, 0.30062904953956604], "Lt. Trochanterion": [-0.04744003340601921, -0.27733367681503296, 0.33150556683540344], "Lt. Ulnar Styloid": [0.09575299173593521, -0.3012310862541199, 0.5264551639556885], "Nuchale": [0.09175552427768707, 0.4636927843093872, 0.31318509578704834], "Rt. 10th Rib": [0.09161099046468735, -0.03928481414914131, 0.12956790626049042], "Rt. ASIS": [0.1127576157450676, -0.16458584368228912, 0.09839700162410736], "Rt. Acromion": [0.14939099550247192, 0.3206019699573517, 0.07759435474872589], "Rt. Axilla, Ant.": [0.12607555091381073, 0.2223048061132431, 0.10911501944065094], "Rt. Axilla, Post.": [0.14495354890823364, 0.18347488343715668, 0.05299247056245804], "Rt. Calcaneous, Post.": [0.21617716550827026, -1.1292853355407715, 0.36116424202919006], "Rt. Clavicale": [0.04829839989542961, 0.25779932737350464, 0.2195403128862381], "Rt. Dactylion": [-0.36578169465065, 0.25959503650665283, -0.35792362689971924], "Rt. Digit II": [0.1629282832145691, -1.1430621147155762, 0.10517492890357971], "Rt. Femoral Lateral Epicn": [0.24159768223762512, -0.6857331395149231, 0.2204171121120453], "Rt. Femoral Medial Epicn": [0.17379948496818542, -0.6753056645393372, 0.29301074147224426], "Rt. Gonion": [0.07129506021738052, 0.4156058728694916, 0.20015259087085724], "Rt. Humeral Lateral Epicn": [0.01789681613445282, 0.18280945718288422, -0.14088140428066254], "Rt. Humeral Medial Epicn": [-0.03598213195800781, 0.14346632361412048, -0.09952592104673386], "Rt. Iliocristale": [0.15135568380355835, -0.08903945982456207, 0.10455092042684555], "Rt. Infraorbitale": [-0.005105108488351107, 0.4367009997367859, 0.16754217445850372], "Rt. Knee Crease": [0.2262057662010193, -0.6664522290229797, 0.2836027145385742], "Rt. Lateral Malleolus": [0.2298905998468399, -1.0811495780944824, 0.2954825758934021], "Rt. Medial Malleolus": [0.16050602495670319, -1.0831377506256104, 0.30663180351257324], "Rt. Metacarpal Phal. II": [-0.29007667303085327, 0.2751818895339966, -0.31863492727279663], "Rt. Metacarpal Phal. V": [-0.2824130952358246, 0.20780110359191895, -0.32105985283851624], "Rt. Metatarsal Phal. I": [0.13527332246303558, -1.1356689929962158, 0.14326602220535278], "Rt. Metatarsal Phal. V": [0.22923436760902405, -1.1392961740493774, 0.16535095870494843], "Rt. Olecranon": [-0.00013770924124401063, 0.13960067927837372, -0.13332287967205048], "Rt. PSIS": [0.19439612329006195, -0.16737665235996246, 0.27630022168159485], "Rt. Radial Styloid": [-0.2294916957616806, 0.25428342819213867, -0.23219294846057892], "Rt. Radiale": [0.0022845694329589605, 0.17035837471485138, -0.15206491947174072], "Rt. Sphyrion": [0.16104723513126373, -1.1074838638305664, 0.2986658811569214], "Rt. Thelion/Bustpoint": [0.08027813583612442, 0.10470017790794373, 0.13777224719524384], "Rt. Tragion": [0.07987574487924576, 0.4637194871902466, 0.19836749136447906], "Rt. Trochanterion": [0.19726954400539398, -0.2675919234752655, 0.11174081265926361], "Rt. Ulnar Styloid": [-0.21245674788951874, 0.2048576921224594, -0.2646189033985138], "Sellion": [-0.04097792133688927, 0.4604513943195343, 0.17837513983249664], "Substernale": [0.0014188499189913273, 0.03798714280128479, 0.18973882496356964], "Supramenton": [-0.0286681167781353, 0.362571120262146, 0.18546339869499207], "Suprasternale": [0.02595463953912258, 0.23780862987041473, 0.2326403558254242], "Waist, Preferred, Post.": [0.1599355787038803, -0.17551946640014648, 0.31502944231033325]}