{"10th Rib Midspine": [0.013114308007061481, 0.33483996987342834, -0.2574238181114197], "Cervicale": [0.008017295971512794, 0.6772364377975464, -0.11124113202095032], "Lt. 10th Rib": [0.15128342807292938, 0.21401675045490265, -0.05960521474480629], "Lt. ASIS": [0.1428246647119522, 0.14040519297122955, -0.10336892306804657], "Lt. Acromion": [0.2360910028219223, 0.5691162347793579, -0.019603654742240906], "Lt. Axilla, Ant.": [0.20725177228450775, 0.4834376573562622, -0.03532562777400017], "Lt. Axilla, Post.": [0.26673200726509094, 0.4699205756187439, -0.11711445450782776], "Lt. Calcaneous, Post.": [0.14978134632110596, -0.7786205410957336, -0.376518189907074], "Lt. Clavicale": [0.03650479391217232, 0.5322714447975159, -0.011112039908766747], "Lt. Dactylion": [0.10158604383468628, 0.16131888329982758, 0.16757480800151825], "Lt. Digit II": [0.2376963496208191, -0.8338569402694702, -0.1367609202861786], "Lt. Femoral Lateral Epicn": [0.18032705783843994, -0.3470943570137024, -0.25192439556121826], "Lt. Femoral Medial Epicn": [0.07010453939437866, -0.35921144485473633, -0.2376382201910019], "Lt. Gonion": [0.07551730424165726, 0.6609613299369812, 0.009980924427509308], "Lt. Humeral Lateral Epicn": [0.39316174387931824, 0.39056065678596497, -0.017713703215122223], "Lt. Humeral Medial Epicn": [0.41217872500419617, 0.3351666331291199, -0.06667042523622513], "Lt. Iliocristale": [0.17664431035518646, 0.19971728324890137, -0.11984069645404816], "Lt. Infraorbitale": [0.047564081847667694, 0.6705253720283508, 0.08898298442363739], "Lt. Knee Crease": [0.1132592260837555, -0.33385661244392395, -0.282746285200119], "Lt. Lateral Malleolus": [0.20235037803649902, -0.7365931868553162, -0.3195987939834595], "Lt. Medial Malleolus": [0.1393810659646988, -0.7432927489280701, -0.29223936796188354], "Lt. Metacarpal Phal. II": [0.16805654764175415, 0.18653878569602966, 0.10649167746305466], "Lt. Metacarpal Phal. V": [0.20694416761398315, 0.17353981733322144, 0.16252313554286957], "Lt. Metatarsal Phal. I": [0.2077644169330597, -0.8269080519676208, -0.15573540329933167], "Lt. Metatarsal Phal. V": [0.2747311294078827, -0.8194898366928101, -0.21982157230377197], "Lt. Olecranon": [0.4317817687988281, 0.3596287965774536, -0.049229979515075684], "Lt. PSIS": [0.06203235685825348, 0.18256732821464539, -0.30895763635635376], "Lt. Radial Styloid": [0.2687062919139862, 0.18962456285953522, 0.05602845177054405], "Lt. Radiale": [0.3997119963169098, 0.3713890612125397, -0.011572706513106823], "Lt. Sphyrion": [0.1452169567346573, -0.766804575920105, -0.293000191450119], "Lt. Thelion/Bustpoint": [0.12556178867816925, 0.3423343002796173, 0.036963120102882385], "Lt. Tragion": [0.07588892430067062, 0.7124713659286499, 0.015227066352963448], "Lt. Trochanterion": [0.1792130470275879, 0.060128770768642426, -0.16983981430530548], "Lt. Ulnar Styloid": [0.2839341461658478, 0.21201874315738678, 0.11075771600008011], "Nuchale": [0.0029910148587077856, 0.7453934550285339, -0.06486618518829346], "Rt. 10th Rib": [-0.14051660895347595, 0.22201387584209442, -0.03691438212990761], "Rt. ASIS": [-0.14320708811283112, 0.14190472662448883, -0.08813629299402237], "Rt. Acromion": [-0.21469615399837494, 0.5954594612121582, -0.012127116322517395], "Rt. Axilla, Ant.": [-0.18677948415279388, 0.5082031488418579, -0.03351142257452011], "Rt. Axilla, Post.": [-0.24261899292469025, 0.4950129985809326, -0.1223144382238388], "Rt. Calcaneous, Post.": [-0.13113704323768616, -0.76449054479599, -0.39582163095474243], "Rt. Clavicale": [-0.026240166276693344, 0.5357414484024048, -0.006545223295688629], "Rt. Dactylion": [-0.15087120234966278, 0.1083957627415657, 0.16665253043174744], "Rt. Digit II": [-0.23092928528785706, -0.8329979777336121, -0.16678738594055176], "Rt. Femoral Lateral Epicn": [-0.17640596628189087, -0.33564794063568115, -0.2659691572189331], "Rt. Femoral Medial Epicn": [-0.07014556229114532, -0.34876513481140137, -0.2453496754169464], "Rt. Gonion": [-0.06841190904378891, 0.6512784361839294, 0.010108401998877525], "Rt. Humeral Lateral Epicn": [-0.3725983798503876, 0.4027968645095825, -0.03844881430268288], "Rt. Humeral Medial Epicn": [-0.36666613817214966, 0.3494459390640259, -0.09382626414299011], "Rt. Iliocristale": [-0.18075835704803467, 0.21097709238529205, -0.13172437250614166], "Rt. Infraorbitale": [-0.02605103887617588, 0.6598191857337952, 0.09283334016799927], "Rt. Knee Crease": [-0.11320916563272476, -0.3258008360862732, -0.28842824697494507], "Rt. Lateral Malleolus": [-0.1901310235261917, -0.7299290895462036, -0.34047120809555054], "Rt. Medial Malleolus": [-0.12905766069889069, -0.7379348874092102, -0.30492547154426575], "Rt. Metacarpal Phal. II": [-0.18873636424541473, 0.16971948742866516, 0.10462018847465515], "Rt. Metacarpal Phal. V": [-0.24686379730701447, 0.15505598485469818, 0.14501729607582092], "Rt. Metatarsal Phal. I": [-0.19039110839366913, -0.8211279511451721, -0.17233575880527496], "Rt. Metatarsal Phal. V": [-0.24969379603862762, -0.8166890144348145, -0.2343045175075531], "Rt. Olecranon": [-0.4024188816547394, 0.37643352150917053, -0.06961701810359955], "Rt. PSIS": [-0.04939732328057289, 0.19236743450164795, -0.3150504231452942], "Rt. Radial Styloid": [-0.2538023889064789, 0.2001194804906845, 0.04036969318985939], "Rt. Radiale": [-0.37984728813171387, 0.38576120138168335, -0.03556523099541664], "Rt. Sphyrion": [-0.13361628353595734, -0.759800136089325, -0.30772557854652405], "Rt. Thelion/Bustpoint": [-0.12091585993766785, 0.3627086281776428, 0.029914328828454018], "Rt. Tragion": [-0.07498828321695328, 0.7050803899765015, 0.021278731524944305], "Rt. Trochanterion": [-0.18452759087085724, 0.07831093668937683, -0.18079325556755066], "Rt. Ulnar Styloid": [-0.2962528169155121, 0.20454129576683044, 0.08869130164384842], "Sellion": [0.006885928101837635, 0.6901583671569824, 0.11812867969274521], "Substernale": [0.004372661467641592, 0.28325194120407104, 0.051958803087472916], "Supramenton": [0.006991237867623568, 0.5688594579696655, 0.07528266310691833], "Suprasternale": [0.004893847741186619, 0.5141565203666687, 0.0047615147195756435], "Waist, Preferred, Post.": [0.007546604610979557, 0.18814678490161896, -0.3113101124763489]}