{"10th Rib Midspine": [0.023652171716094017, 0.25710850954055786, -0.2134636491537094], "Cervicale": [0.03788752108812332, 0.6352857351303101, -0.1135508343577385], "Lt. 10th Rib": [0.15219292044639587, 0.18584460020065308, -0.04778129607439041], "Lt. ASIS": [0.1529354602098465, 0.08133099228143692, -0.07363460212945938], "Lt. Acromion": [0.2825518250465393, 0.5035154819488525, -0.10014964640140533], "Lt. Axilla, Ant.": [0.2246435582637787, 0.4052836298942566, -0.09216076880693436], "Lt. Axilla, Post.": [0.24512924253940582, 0.37409427762031555, -0.2099207490682602], "Lt. Calcaneous, Post.": [0.1925232857465744, -0.8766862750053406, -0.30815067887306213], "Lt. Clavicale": [0.06759335100650787, 0.5090662240982056, -0.004770903382450342], "Lt. Dactylion": [0.6388809680938721, -0.12210820615291595, -0.10651077330112457], "Lt. Digit II": [0.2170983850955963, -0.9030017256736755, -0.0642223209142685], "Lt. Femoral Lateral Epicn": [0.20957012474536896, -0.43894827365875244, -0.21283254027366638], "Lt. Femoral Medial Epicn": [0.10322590917348862, -0.4500081241130829, -0.21665218472480774], "Lt. Gonion": [0.10870742797851562, 0.6748940348625183, 0.0007908655097708106], "Lt. Humeral Lateral Epicn": [0.43158644437789917, 0.27648428082466125, -0.15532824397087097], "Lt. Humeral Medial Epicn": [0.3679613173007965, 0.21651598811149597, -0.18364940583705902], "Lt. Iliocristale": [0.18611270189285278, 0.16279393434524536, -0.09918683022260666], "Lt. Infraorbitale": [0.08025533705949783, 0.6995025873184204, 0.08421315252780914], "Lt. Knee Crease": [0.15165910124778748, -0.4284704625606537, -0.25934359431266785], "Lt. Lateral Malleolus": [0.23231825232505798, -0.8305428624153137, -0.24615268409252167], "Lt. Medial Malleolus": [0.16145877540111542, -0.8373371362686157, -0.23185858130455017], "Lt. Metacarpal Phal. II": [0.5847023129463196, -0.02940700575709343, -0.08816304057836533], "Lt. Metacarpal Phal. V": [0.6079754829406738, -0.03196319565176964, -0.1794191300868988], "Lt. Metatarsal Phal. I": [0.19887062907218933, -0.9014177322387695, -0.07156982272863388], "Lt. Metatarsal Phal. V": [0.2692599892616272, -0.8944900631904602, -0.14219173789024353], "Lt. Olecranon": [0.3926379382610321, 0.2429431676864624, -0.19095568358898163], "Lt. PSIS": [0.06664475798606873, 0.0847596600651741, -0.26268133521080017], "Lt. Radial Styloid": [0.5160990953445435, 0.03862471133470535, -0.1285170018672943], "Lt. Radiale": [0.4379335939884186, 0.2520873248577118, -0.16007445752620697], "Lt. Sphyrion": [0.16762936115264893, -0.8579156398773193, -0.22839325666427612], "Lt. Thelion/Bustpoint": [0.15278354287147522, 0.31429603695869446, 0.027195613831281662], "Lt. Tragion": [0.11712350696325302, 0.7274064421653748, 0.0027171331457793713], "Lt. Trochanterion": [0.19890736043453217, -0.02053348906338215, -0.13878066837787628], "Lt. Ulnar Styloid": [0.5589449405670166, 0.054958831518888474, -0.16751183569431305], "Nuchale": [0.03847396746277809, 0.7417978644371033, -0.09266217797994614], "Rt. 10th Rib": [-0.09132017195224762, 0.1950906664133072, -0.03612007573246956], "Rt. ASIS": [-0.11708445847034454, 0.07133247703313828, -0.055383071303367615], "Rt. Acromion": [-0.22199715673923492, 0.5054373145103455, -0.09657179564237595], "Rt. Axilla, Ant.": [-0.16532745957374573, 0.4165259897708893, -0.08132287859916687], "Rt. Axilla, Post.": [-0.19700850546360016, 0.37317097187042236, -0.20254865288734436], "Rt. Calcaneous, Post.": [-0.16601108014583588, -0.8724703192710876, -0.3290964365005493], "Rt. Clavicale": [-0.006209920160472393, 0.5096330642700195, -0.007392024155706167], "Rt. Dactylion": [-0.6092023849487305, -0.08272763341665268, -0.0606045164167881], "Rt. Digit II": [-0.2208021879196167, -0.90378737449646, -0.06814511120319366], "Rt. Femoral Lateral Epicn": [-0.19277423620224, -0.42855462431907654, -0.22961878776550293], "Rt. Femoral Medial Epicn": [-0.08840744197368622, -0.44042858481407166, -0.2422141134738922], "Rt. Gonion": [-0.03221787139773369, 0.6720045208930969, -0.0027095808181911707], "Rt. Humeral Lateral Epicn": [-0.3835788071155548, 0.28768405318260193, -0.13112981617450714], "Rt. Humeral Medial Epicn": [-0.31283873319625854, 0.21296347677707672, -0.14226876199245453], "Rt. Iliocristale": [-0.1510387510061264, 0.15079264342784882, -0.09371180087327957], "Rt. Infraorbitale": [0.0030850244220346212, 0.6923483610153198, 0.08356621116399765], "Rt. Knee Crease": [-0.141201451420784, -0.41848617792129517, -0.27487847208976746], "Rt. Lateral Malleolus": [-0.20687860250473022, -0.826510488986969, -0.26716211438179016], "Rt. Medial Malleolus": [-0.13744035363197327, -0.8316398859024048, -0.24777103960514069], "Rt. Metacarpal Phal. II": [-0.556700587272644, 0.003801153739914298, -0.048392776399850845], "Rt. Metacarpal Phal. V": [-0.5507996082305908, -0.010926305316388607, -0.1273859739303589], "Rt. Metatarsal Phal. I": [-0.18204399943351746, -0.8974619507789612, -0.08057792484760284], "Rt. Metatarsal Phal. V": [-0.2504124045372009, -0.8906339406967163, -0.1339140385389328], "Rt. Olecranon": [-0.35202229022979736, 0.253128319978714, -0.16788120567798615], "Rt. PSIS": [-0.039322368800640106, 0.09148628264665604, -0.26260197162628174], "Rt. Radial Styloid": [-0.47919562458992004, 0.055768974125385284, -0.06350211054086685], "Rt. Radiale": [-0.38527071475982666, 0.2652546465396881, -0.13494648039340973], "Rt. Sphyrion": [-0.14213237166404724, -0.8530444502830505, -0.24323633313179016], "Rt. Thelion/Bustpoint": [-0.09870404750108719, 0.31351667642593384, 0.021255187690258026], "Rt. Tragion": [-0.03910617530345917, 0.7220401763916016, -0.002717893570661545], "Rt. Trochanterion": [-0.17831534147262573, -0.010583912953734398, -0.13938160240650177], "Rt. Ulnar Styloid": [-0.5168914794921875, 0.06816697120666504, -0.12077038735151291], "Sellion": [0.035425085574388504, 0.7206647396087646, 0.10580722242593765], "Substernale": [0.01979893445968628, 0.2612304389476776, 0.028326379135251045], "Supramenton": [0.037984032183885574, 0.6242914199829102, 0.07935653626918793], "Suprasternale": [0.02680252306163311, 0.4878872036933899, 0.005488425958901644], "Waist, Preferred, Post.": [0.018035423010587692, 0.08874557167291641, -0.26406365633010864]}