{"10th Rib Midspine": [-0.035616081207990646, 0.327963262796402, -0.2292279303073883], "Cervicale": [-0.021591730415821075, 0.6948031187057495, -0.21655040979385376], "Lt. 10th Rib": [0.12651298940181732, 0.288472056388855, -0.04541938751935959], "Lt. ASIS": [0.13811004161834717, 0.18121634423732758, -0.048589907586574554], "Lt. Acromion": [0.1540743112564087, 0.7292097210884094, -0.16221292316913605], "Lt. Axilla, Ant.": [0.18176376819610596, 0.6541778445243835, -0.09619393944740295], "Lt. Axilla, Post.": [0.25794464349746704, 0.6583959460258484, -0.1270236074924469], "Lt. Calcaneous, Post.": [0.14365746080875397, -0.8057553768157959, -0.31766530871391296], "Lt. Clavicale": [0.01966971531510353, 0.6270902752876282, -0.061045464128255844], "Lt. Dactylion": [0.41184571385383606, 1.2352055311203003, 0.12177947908639908], "Lt. Digit II": [0.15556183457374573, -0.8514063954353333, -0.059216681867837906], "Lt. Femoral Lateral Epicn": [0.17332510650157928, -0.3494429886341095, -0.21688485145568848], "Lt. Femoral Medial Epicn": [0.06340882927179337, -0.356736958026886, -0.23018647730350494], "Lt. Gonion": [0.05404212325811386, 0.7664555907249451, -0.09348950535058975], "Lt. Humeral Lateral Epicn": [0.34620141983032227, 0.8731541633605957, -0.07700372487306595], "Lt. Humeral Medial Epicn": [0.3918730914592743, 0.8291211128234863, -0.03881969302892685], "Lt. Iliocristale": [0.16001088917255402, 0.2548924386501312, -0.09233804047107697], "Lt. Infraorbitale": [0.026013599708676338, 0.8013777136802673, -0.014815084636211395], "Lt. Knee Crease": [0.11878910660743713, -0.33431798219680786, -0.2659589350223541], "Lt. Lateral Malleolus": [0.18870098888874054, -0.7601039409637451, -0.255819171667099], "Lt. Medial Malleolus": [0.11901142448186874, -0.7596186995506287, -0.24210211634635925], "Lt. Metacarpal Phal. II": [0.3944212794303894, 1.1457245349884033, 0.14026129245758057], "Lt. Metacarpal Phal. V": [0.4457235634326935, 1.1485460996627808, 0.09772877395153046], "Lt. Metatarsal Phal. I": [0.14678427577018738, -0.8316026329994202, -0.09038514643907547], "Lt. Metatarsal Phal. V": [0.21807216107845306, -0.826285719871521, -0.1422366499900818], "Lt. Olecranon": [0.38803330063819885, 0.8437770009040833, -0.06897824257612228], "Lt. PSIS": [0.03820883110165596, 0.16071484982967377, -0.2377728819847107], "Lt. Radial Styloid": [0.4195152819156647, 1.029229760169983, 0.11369474977254868], "Lt. Radiale": [0.3578855097293854, 0.8834385871887207, -0.06994520127773285], "Lt. Sphyrion": [0.12314032763242722, -0.785592257976532, -0.23992674052715302], "Lt. Thelion/Bustpoint": [0.11811262369155884, 0.460891991853714, -0.013808521442115307], "Lt. Tragion": [0.06637953221797943, 0.816099226474762, -0.09306422621011734], "Lt. Trochanterion": [0.18249374628067017, 0.06862112879753113, -0.10244709253311157], "Lt. Ulnar Styloid": [0.4428529143333435, 1.058157205581665, 0.07010599970817566], "Nuchale": [-0.010827419348061085, 0.8209148049354553, -0.1828719824552536], "Rt. 10th Rib": [-0.14574892818927765, 0.2909388542175293, -0.009116658940911293], "Rt. ASIS": [-0.1594703644514084, 0.15890133380889893, -0.023444412276148796], "Rt. Acromion": [-0.17155438661575317, 0.74488365650177, -0.15171635150909424], "Rt. Axilla, Ant.": [-0.19376666843891144, 0.6594479084014893, -0.08377420157194138], "Rt. Axilla, Post.": [-0.2797529399394989, 0.6805768013000488, -0.11206258833408356], "Rt. Calcaneous, Post.": [-0.13445213437080383, -0.7995737195014954, -0.3629697263240814], "Rt. Clavicale": [-0.05026723071932793, 0.6310579180717468, -0.05751827731728554], "Rt. Dactylion": [-0.3458377718925476, 1.2462873458862305, 0.19231994450092316], "Rt. Digit II": [-0.23565860092639923, -0.8386993408203125, -0.11818014830350876], "Rt. Femoral Lateral Epicn": [-0.1778094470500946, -0.34408628940582275, -0.2566692531108856], "Rt. Femoral Medial Epicn": [-0.06702224910259247, -0.3515418767929077, -0.25179925560951233], "Rt. Gonion": [-0.08662225306034088, 0.770160973072052, -0.09146939218044281], "Rt. Humeral Lateral Epicn": [-0.34680798649787903, 0.8797418475151062, -0.032115597277879715], "Rt. Humeral Medial Epicn": [-0.3810683786869049, 0.8401757478713989, 0.030879968777298927], "Rt. Iliocristale": [-0.20088131725788116, 0.2296513319015503, -0.0734592154622078], "Rt. Infraorbitale": [-0.049047648906707764, 0.7978750467300415, -0.012581363320350647], "Rt. Knee Crease": [-0.11452411115169525, -0.3279276490211487, -0.29306432604789734], "Rt. Lateral Malleolus": [-0.18826554715633392, -0.752037525177002, -0.3083830773830414], "Rt. Medial Malleolus": [-0.12336470186710358, -0.759479820728302, -0.27467527985572815], "Rt. Metacarpal Phal. II": [-0.33976414799690247, 1.1424087285995483, 0.1877048909664154], "Rt. Metacarpal Phal. V": [-0.40682417154312134, 1.1541547775268555, 0.1733185052871704], "Rt. Metatarsal Phal. I": [-0.2024967074394226, -0.8278443813323975, -0.12728460133075714], "Rt. Metatarsal Phal. V": [-0.2575353980064392, -0.8245301246643066, -0.18889380991458893], "Rt. Olecranon": [-0.39191168546676636, 0.8596957921981812, -0.01226634532213211], "Rt. PSIS": [-0.07709784060716629, 0.15961945056915283, -0.22905102372169495], "Rt. Radial Styloid": [-0.3870258927345276, 1.0457541942596436, 0.18843130767345428], "Rt. Radiale": [-0.3651641309261322, 0.8883475661277771, -0.01956303045153618], "Rt. Sphyrion": [-0.12842050194740295, -0.7798271775245667, -0.27374884486198425], "Rt. Thelion/Bustpoint": [-0.15015850961208344, 0.4679648280143738, 0.003614755580201745], "Rt. Tragion": [-0.09441763907670975, 0.8206744194030762, -0.09246975183486938], "Rt. Trochanterion": [-0.21337783336639404, 0.05615155026316643, -0.09824962168931961], "Rt. Ulnar Styloid": [-0.4154371917247772, 1.064676284790039, 0.15220458805561066], "Sellion": [-0.01507373433560133, 0.8257694244384766, 0.005492774304002523], "Substernale": [-0.011936052702367306, 0.3806096315383911, 0.036487679928541183], "Supramenton": [-0.0178439449518919, 0.7314804792404175, -0.01176911685615778], "Suprasternale": [-0.02074344828724861, 0.6065425872802734, -0.045108575373888016], "Waist, Preferred, Post.": [-0.019789976999163628, 0.15898644924163818, -0.2341163456439972]}