{"10th Rib Midspine": [-0.015391100198030472, 0.22012357413768768, -0.024463100358843803], "Cervicale": [0.00237333495169878, 0.5384716987609863, 0.03715653344988823], "Lt. 10th Rib": [0.08906379342079163, 0.13944780826568604, 0.09147214144468307], "Lt. ASIS": [0.11359153687953949, 0.03647422790527344, 0.06987804174423218], "Lt. Acromion": [0.19626061618328094, 0.45910894870758057, 0.06710696220397949], "Lt. Axilla, Ant.": [0.1564004272222519, 0.3842938244342804, 0.06949222832918167], "Lt. Axilla, Post.": [0.20033450424671173, 0.34427952766418457, 0.019473878666758537], "Lt. Calcaneous, Post.": [0.07815977185964584, -0.7906928062438965, -0.20025698840618134], "Lt. Clavicale": [0.028514163568615913, 0.4463895261287689, 0.13285620510578156], "Lt. Dactylion": [0.053100526332855225, 0.1257077008485794, 0.3336121737957001], "Lt. Digit II": [0.07008633762598038, -0.9169437289237976, -0.024130024015903473], "Lt. Femoral Lateral Epicn": [0.12334926426410675, -0.43090373277664185, -0.10938455164432526], "Lt. Femoral Medial Epicn": [0.014844981022179127, -0.4344172477722168, -0.12053489685058594], "Lt. Gonion": [0.06484521925449371, 0.5995344519615173, 0.14620980620384216], "Lt. Humeral Lateral Epicn": [0.32937657833099365, 0.2714506983757019, 0.10653749853372574], "Lt. Humeral Medial Epicn": [0.3271448016166687, 0.20871461927890778, 0.0672905296087265], "Lt. Iliocristale": [0.12391933798789978, 0.1166931763291359, 0.05118904262781143], "Lt. Infraorbitale": [0.0429224967956543, 0.6182918548583984, 0.2201109230518341], "Lt. Knee Crease": [0.06937479227781296, -0.4208758771419525, -0.15487343072891235], "Lt. Lateral Malleolus": [0.11898640543222427, -0.7802978754043579, -0.14064638316631317], "Lt. Medial Malleolus": [0.05834801122546196, -0.7763787508010864, -0.1254216730594635], "Lt. Metacarpal Phal. II": [0.10185658186674118, 0.13695178925991058, 0.26704615354537964], "Lt. Metacarpal Phal. V": [0.14550623297691345, 0.13049010932445526, 0.30711182951927185], "Lt. Metatarsal Phal. I": [0.040308184921741486, -0.9084396958351135, -0.03254405036568642], "Lt. Metatarsal Phal. V": [0.1131722554564476, -0.9121448993682861, -0.0673827975988388], "Lt. Olecranon": [0.35572943091392517, 0.2226293683052063, 0.07941755652427673], "Lt. PSIS": [0.03538639098405838, 0.057255469262599945, -0.10891810804605484], "Lt. Radial Styloid": [0.17624086141586304, 0.15620894730091095, 0.21378642320632935], "Lt. Radiale": [0.3347160518169403, 0.25338709354400635, 0.11633226275444031], "Lt. Sphyrion": [0.05629998818039894, -0.7972542643547058, -0.13061656057834625], "Lt. Thelion/Bustpoint": [0.08407292515039444, 0.2724447548389435, 0.1581260710954666], "Lt. Tragion": [0.077472984790802, 0.6396671533584595, 0.14455099403858185], "Lt. Trochanterion": [0.15507395565509796, -0.05515587702393532, 0.005166750866919756], "Lt. Ulnar Styloid": [0.19898250699043274, 0.16960109770298004, 0.2542804479598999], "Nuchale": [0.01616114005446434, 0.6606830954551697, 0.058139603585004807], "Rt. 10th Rib": [-0.11072151362895966, 0.13813982903957367, 0.101434126496315], "Rt. ASIS": [-0.14387375116348267, 0.032720841467380524, 0.08021587133407593], "Rt. Acromion": [-0.2012021243572235, 0.47031745314598083, 0.08713000267744064], "Rt. Axilla, Ant.": [-0.16261373460292816, 0.3964275121688843, 0.0781647115945816], "Rt. Axilla, Post.": [-0.22168533504009247, 0.36189666390419006, 0.02025558054447174], "Rt. Calcaneous, Post.": [-0.13884694874286652, -0.7955979108810425, -0.1903398483991623], "Rt. Clavicale": [-0.02824433147907257, 0.4500952661037445, 0.1314191371202469], "Rt. Dactylion": [-0.06265581399202347, 0.1123233363032341, 0.3370087444782257], "Rt. Digit II": [-0.1536882221698761, -0.9164419174194336, -0.008240586146712303], "Rt. Femoral Lateral Epicn": [-0.18866081535816193, -0.4306829869747162, -0.09685654938220978], "Rt. Femoral Medial Epicn": [-0.07721033692359924, -0.4332544505596161, -0.10024860501289368], "Rt. Gonion": [-0.05090828612446785, 0.6003525257110596, 0.1350160837173462], "Rt. Humeral Lateral Epicn": [-0.34086868166923523, 0.2780410945415497, 0.12219302356243134], "Rt. Humeral Medial Epicn": [-0.3156434893608093, 0.22232761979103088, 0.07667774707078934], "Rt. Iliocristale": [-0.1706872582435608, 0.10235124081373215, 0.049663130193948746], "Rt. Infraorbitale": [-0.03509140759706497, 0.6150092482566833, 0.216233029961586], "Rt. Knee Crease": [-0.13032333552837372, -0.4203049838542938, -0.1382012516260147], "Rt. Lateral Malleolus": [-0.1849340945482254, -0.7812451124191284, -0.13128310441970825], "Rt. Medial Malleolus": [-0.12455618381500244, -0.781397819519043, -0.11316164582967758], "Rt. Metacarpal Phal. II": [-0.1148354634642601, 0.14014700055122375, 0.28121086955070496], "Rt. Metacarpal Phal. V": [-0.1553490161895752, 0.12801547348499298, 0.3204658627510071], "Rt. Metatarsal Phal. I": [-0.11956003308296204, -0.9128444790840149, -0.01305142231285572], "Rt. Metatarsal Phal. V": [-0.19090062379837036, -0.9059328436851501, -0.049171432852745056], "Rt. Olecranon": [-0.35901519656181335, 0.23473180830478668, 0.09684628248214722], "Rt. PSIS": [-0.07539011538028717, 0.06358054280281067, -0.10670094192028046], "Rt. Radial Styloid": [-0.17672669887542725, 0.1611863225698471, 0.2272692322731018], "Rt. Radiale": [-0.3447459638118744, 0.25969865918159485, 0.1317296326160431], "Rt. Sphyrion": [-0.12497589737176895, -0.8014523386955261, -0.11855638027191162], "Rt. Thelion/Bustpoint": [-0.10928011685609818, 0.2829514741897583, 0.15559862554073334], "Rt. Tragion": [-0.062356024980545044, 0.6471103429794312, 0.13428601622581482], "Rt. Trochanterion": [-0.21267053484916687, -0.048865627497434616, -0.006886498536914587], "Rt. Ulnar Styloid": [-0.20813441276550293, 0.16275997459888458, 0.2731887698173523], "Sellion": [-0.002613616641610861, 0.642624020576477, 0.23832279443740845], "Substernale": [-0.01906318962574005, 0.2189781367778778, 0.14118580520153046], "Supramenton": [0.00022360723232850432, 0.5578211545944214, 0.21240639686584473], "Suprasternale": [-0.002718256087973714, 0.4244287610054016, 0.1408253014087677], "Waist, Preferred, Post.": [-0.020921001210808754, 0.060658156871795654, -0.10931256413459778]}