{"10th Rib Midspine": [-0.0023833741433918476, 0.3183647394180298, -0.26883089542388916], "Cervicale": [-0.0011144658783450723, 0.6985263228416443, -0.26861414313316345], "Lt. 10th Rib": [0.15445438027381897, 0.291695773601532, -0.07448013871908188], "Lt. ASIS": [0.15611572563648224, 0.1838848888874054, -0.06962413340806961], "Lt. Acromion": [0.1703348457813263, 0.6929224729537964, -0.09564109146595001], "Lt. Axilla, Ant.": [0.13674169778823853, 0.5902926921844482, -0.0869065374135971], "Lt. Axilla, Post.": [0.18317103385925293, 0.5485002398490906, -0.07633475959300995], "Lt. Calcaneous, Post.": [0.13949762284755707, -0.8063928484916687, -0.32002684473991394], "Lt. Clavicale": [0.02406679466366768, 0.6217451095581055, -0.11852925270795822], "Lt. Dactylion": [-0.014099433086812496, 0.510319709777832, 0.5590078234672546], "Lt. Digit II": [0.217864990234375, -0.8516455292701721, -0.06654772907495499], "Lt. Femoral Lateral Epicn": [0.18062643706798553, -0.35015636682510376, -0.23694992065429688], "Lt. Femoral Medial Epicn": [0.06966578960418701, -0.3567052483558655, -0.23643863201141357], "Lt. Gonion": [0.06925172358751297, 0.7669734954833984, -0.1647108793258667], "Lt. Humeral Lateral Epicn": [0.15656855702400208, 0.5900800228118896, 0.1504163146018982], "Lt. Humeral Medial Epicn": [0.14006362855434418, 0.5208657383918762, 0.1377326399087906], "Lt. Iliocristale": [0.18532489240169525, 0.25528377294540405, -0.11771836876869202], "Lt. Infraorbitale": [0.03580210730433464, 0.8040461540222168, -0.09050153195858002], "Lt. Knee Crease": [0.12125980108976364, -0.3344570994377136, -0.28034237027168274], "Lt. Lateral Malleolus": [0.19210463762283325, -0.7601010799407959, -0.2671199440956116], "Lt. Medial Malleolus": [0.12635934352874756, -0.7637401819229126, -0.24084323644638062], "Lt. Metacarpal Phal. II": [0.03286541625857353, 0.5401797294616699, 0.4733152985572815], "Lt. Metacarpal Phal. V": [0.028257833793759346, 0.47605836391448975, 0.4674929976463318], "Lt. Metatarsal Phal. I": [0.18707452714443207, -0.8335536122322083, -0.09629370272159576], "Lt. Metatarsal Phal. V": [0.2483367919921875, -0.8273852467536926, -0.1417100876569748], "Lt. Olecranon": [0.16497772932052612, 0.5419106483459473, 0.14444103837013245], "Lt. PSIS": [0.06449878215789795, 0.15918169915676117, -0.2636076807975769], "Lt. Radial Styloid": [0.046408455818891525, 0.5331488251686096, 0.3602203130722046], "Lt. Radiale": [0.15129274129867554, 0.5774926543235779, 0.16709870100021362], "Lt. Sphyrion": [0.13131102919578552, -0.7879326343536377, -0.2384934425354004], "Lt. Thelion/Bustpoint": [0.12617072463035583, 0.4421539306640625, -0.050906695425510406], "Lt. Tragion": [0.0767097994685173, 0.8151587247848511, -0.16615790128707886], "Lt. Trochanterion": [0.201823428273201, 0.06976118683815002, -0.12227273732423782], "Lt. Ulnar Styloid": [0.07892480492591858, 0.4978784918785095, 0.3791286051273346], "Nuchale": [0.00478225015103817, 0.8166267275810242, -0.25835832953453064], "Rt. 10th Rib": [-0.13401919603347778, 0.2936999797821045, -0.05413280427455902], "Rt. ASIS": [-0.14017562568187714, 0.16641773283481598, -0.057056739926338196], "Rt. Acromion": [-0.16343384981155396, 0.6926268339157104, -0.10842368006706238], "Rt. Axilla, Ant.": [-0.1270105391740799, 0.5903213620185852, -0.0807720199227333], "Rt. Axilla, Post.": [-0.18583600223064423, 0.550335168838501, -0.08118997514247894], "Rt. Calcaneous, Post.": [-0.1316784918308258, -0.8011332750320435, -0.36068451404571533], "Rt. Clavicale": [-0.024076370522379875, 0.6262165307998657, -0.1169622614979744], "Rt. Dactylion": [0.0037524017971009016, 0.5125267505645752, 0.5620715618133545], "Rt. Digit II": [-0.23484688997268677, -0.8401957750320435, -0.11901915073394775], "Rt. Femoral Lateral Epicn": [-0.16308118402957916, -0.343773752450943, -0.27546632289886475], "Rt. Femoral Medial Epicn": [-0.05383738875389099, -0.3522067368030548, -0.2645740807056427], "Rt. Gonion": [-0.07736537605524063, 0.771482527256012, -0.16557146608829498], "Rt. Humeral Lateral Epicn": [-0.1455662101507187, 0.5866219401359558, 0.13551928102970123], "Rt. Humeral Medial Epicn": [-0.10673033446073532, 0.517848789691925, 0.1327056586742401], "Rt. Iliocristale": [-0.18462324142456055, 0.23149371147155762, -0.11862582713365555], "Rt. Infraorbitale": [-0.03904987871646881, 0.8026031255722046, -0.08946124464273453], "Rt. Knee Crease": [-0.09796436131000519, -0.33046698570251465, -0.30816546082496643], "Rt. Lateral Malleolus": [-0.18632082641124725, -0.7517286539077759, -0.31267663836479187], "Rt. Medial Malleolus": [-0.12413623929023743, -0.759619951248169, -0.2729306221008301], "Rt. Metacarpal Phal. II": [-0.027568630874156952, 0.5544744729995728, 0.46895653009414673], "Rt. Metacarpal Phal. V": [-0.027577491477131844, 0.4836464524269104, 0.46210071444511414], "Rt. Metatarsal Phal. I": [-0.20529377460479736, -0.8277900218963623, -0.12615452706813812], "Rt. Metatarsal Phal. V": [-0.2584855258464813, -0.8236839175224304, -0.18765410780906677], "Rt. Olecranon": [-0.15218143165111542, 0.5371100902557373, 0.13855719566345215], "Rt. PSIS": [-0.04947158694267273, 0.1592622846364975, -0.2595515847206116], "Rt. Radial Styloid": [-0.03085479512810707, 0.5557628273963928, 0.37222668528556824], "Rt. Radiale": [-0.1463765799999237, 0.573482871055603, 0.15714077651500702], "Rt. Sphyrion": [-0.13024550676345825, -0.7807173132896423, -0.2714326083660126], "Rt. Thelion/Bustpoint": [-0.12432685494422913, 0.4413990378379822, -0.044384248554706573], "Rt. Tragion": [-0.082963727414608, 0.8225623965263367, -0.17335547506809235], "Rt. Trochanterion": [-0.19359976053237915, 0.06514877825975418, -0.13553698360919952], "Rt. Ulnar Styloid": [-0.06656234711408615, 0.503042459487915, 0.37335291504859924], "Sellion": [-0.007399780675768852, 0.8323739171028137, -0.07129915803670883], "Substernale": [0.00470611359924078, 0.3814219534397125, -0.015879647806286812], "Supramenton": [-0.009381663985550404, 0.7339046001434326, -0.0834299772977829], "Suprasternale": [-0.001908877631649375, 0.6006561517715454, -0.10449940711259842], "Waist, Preferred, Post.": [0.010065943002700806, 0.15702368319034576, -0.26230788230895996]}