{"10th Rib Midspine": [-0.02259151265025139, 0.2383953034877777, -0.05087466537952423], "Cervicale": [-0.004252025857567787, 0.5505217909812927, 0.07261509448289871], "Lt. 10th Rib": [0.07352934032678604, 0.14050127565860748, 0.07141342014074326], "Lt. ASIS": [0.09129809588193893, 0.05529307574033737, 0.0506226122379303], "Lt. Acromion": [0.1771858185529709, 0.46260735392570496, 0.1440584510564804], "Lt. Axilla, Ant.": [0.1511576771736145, 0.39369529485702515, 0.11092139035463333], "Lt. Axilla, Post.": [0.2268168330192566, 0.3678879141807556, 0.09710977971553802], "Lt. Calcaneous, Post.": [0.06179520860314369, -0.8238659501075745, -0.2405339926481247], "Lt. Clavicale": [0.01656288467347622, 0.4412240982055664, 0.1498151570558548], "Lt. Dactylion": [0.026272064074873924, 0.11828827857971191, 0.3389056921005249], "Lt. Digit II": [0.08532911539077759, -0.919023871421814, -0.016545532271265984], "Lt. Femoral Lateral Epicn": [0.12744930386543274, -0.435403436422348, -0.1274309605360031], "Lt. Femoral Medial Epicn": [0.023767245933413506, -0.43323686718940735, -0.1376798450946808], "Lt. Gonion": [0.06482880562543869, 0.5961693525314331, 0.183798685669899], "Lt. Humeral Lateral Epicn": [0.32714635133743286, 0.30259010195732117, 0.24475814402103424], "Lt. Humeral Medial Epicn": [0.36139917373657227, 0.25705042481422424, 0.2112695276737213], "Lt. Iliocristale": [0.10506332665681839, 0.12268366664648056, 0.03898407146334648], "Lt. Infraorbitale": [0.047503989189863205, 0.6308311223983765, 0.2564961910247803], "Lt. Knee Crease": [0.07344015687704086, -0.4230128228664398, -0.16900736093521118], "Lt. Lateral Malleolus": [0.09788204729557037, -0.7993308305740356, -0.1820908486843109], "Lt. Medial Malleolus": [0.03827793896198273, -0.8022120594978333, -0.16392938792705536], "Lt. Metacarpal Phal. II": [0.1086471825838089, 0.12291721254587173, 0.3089298605918884], "Lt. Metacarpal Phal. V": [0.11525321006774902, 0.1195041686296463, 0.3575623631477356], "Lt. Metatarsal Phal. I": [0.06340040266513824, -0.90330970287323, -0.032516032457351685], "Lt. Metatarsal Phal. V": [0.13070577383041382, -0.904975950717926, -0.07787453383207321], "Lt. Olecranon": [0.37262672185897827, 0.27510491013526917, 0.2341868281364441], "Lt. PSIS": [0.025410614907741547, 0.07894223183393478, -0.11583999544382095], "Lt. Radial Styloid": [0.2042374312877655, 0.11941232532262802, 0.30617067217826843], "Lt. Radiale": [0.33039310574531555, 0.2880536615848541, 0.25707727670669556], "Lt. Sphyrion": [0.03849869593977928, -0.8232407569885254, -0.16474057734012604], "Lt. Thelion/Bustpoint": [0.08984144032001495, 0.23504483699798584, 0.13882741332054138], "Lt. Tragion": [0.08146943897008896, 0.6391955614089966, 0.1778683066368103], "Lt. Trochanterion": [0.1383388340473175, -0.03855637088418007, -0.016659539192914963], "Lt. Ulnar Styloid": [0.20466086268424988, 0.1427711844444275, 0.34306275844573975], "Nuchale": [0.007291655521839857, 0.6428737640380859, 0.0905187651515007], "Rt. 10th Rib": [-0.1180509626865387, 0.14292554557323456, 0.07526721060276031], "Rt. ASIS": [-0.144718736410141, 0.0521550290286541, 0.05451919510960579], "Rt. Acromion": [-0.195109561085701, 0.469084769487381, 0.15624922513961792], "Rt. Axilla, Ant.": [-0.15913210809230804, 0.40519195795059204, 0.11944534629583359], "Rt. Axilla, Post.": [-0.2534749209880829, 0.37901636958122253, 0.09582073241472244], "Rt. Calcaneous, Post.": [-0.15297649800777435, -0.8280397057533264, -0.23982882499694824], "Rt. Clavicale": [-0.03622223809361458, 0.44579368829727173, 0.14792656898498535], "Rt. Dactylion": [-0.07759320735931396, 0.10707783699035645, 0.3687797784805298], "Rt. Digit II": [-0.17947746813297272, -0.9133127331733704, -0.01845519430935383], "Rt. Femoral Lateral Epicn": [-0.20400656759738922, -0.426411509513855, -0.1334819197654724], "Rt. Femoral Medial Epicn": [-0.09923989325761795, -0.4288751780986786, -0.13233797252178192], "Rt. Gonion": [-0.05076915770769119, 0.6014716625213623, 0.18149587512016296], "Rt. Humeral Lateral Epicn": [-0.3460645079612732, 0.29295122623443604, 0.23834536969661713], "Rt. Humeral Medial Epicn": [-0.35357528924942017, 0.2421492040157318, 0.18963247537612915], "Rt. Iliocristale": [-0.16912463307380676, 0.11893773078918457, 0.03316554054617882], "Rt. Infraorbitale": [-0.02635640650987625, 0.6280689835548401, 0.2585456669330597], "Rt. Knee Crease": [-0.14644497632980347, -0.41404834389686584, -0.16591794788837433], "Rt. Lateral Malleolus": [-0.19577822089195251, -0.7980709671974182, -0.18240509927272797], "Rt. Medial Malleolus": [-0.13371331989765167, -0.7981935739517212, -0.1591469794511795], "Rt. Metacarpal Phal. II": [-0.13574816286563873, 0.12506282329559326, 0.3361967206001282], "Rt. Metacarpal Phal. V": [-0.1588737815618515, 0.10485850274562836, 0.3842969536781311], "Rt. Metatarsal Phal. I": [-0.14621621370315552, -0.9006868600845337, -0.03249124065041542], "Rt. Metatarsal Phal. V": [-0.2122538983821869, -0.8997836709022522, -0.06811032444238663], "Rt. Olecranon": [-0.3845675587654114, 0.2635473608970642, 0.21669556200504303], "Rt. PSIS": [-0.08132001012563705, 0.08768802136182785, -0.11877419799566269], "Rt. Radial Styloid": [-0.21445263922214508, 0.11134102195501328, 0.2994460463523865], "Rt. Radiale": [-0.35069727897644043, 0.27733129262924194, 0.24710839986801147], "Rt. Sphyrion": [-0.13458065688610077, -0.8201994299888611, -0.15742908418178558], "Rt. Thelion/Bustpoint": [-0.12107237428426743, 0.24931888282299042, 0.13936181366443634], "Rt. Tragion": [-0.06395808607339859, 0.6444068551063538, 0.17402556538581848], "Rt. Trochanterion": [-0.2096523642539978, -0.027213657274842262, -0.025446951389312744], "Rt. Ulnar Styloid": [-0.23478275537490845, 0.12490750849246979, 0.3492690920829773], "Sellion": [0.0061860959976911545, 0.6530158519744873, 0.2709439992904663], "Substernale": [-0.023097405210137367, 0.19102665781974792, 0.10058680176734924], "Supramenton": [0.0034124741796404123, 0.5614011287689209, 0.2546778619289398], "Suprasternale": [-0.011590591631829739, 0.4056650996208191, 0.15137401223182678], "Waist, Preferred, Post.": [-0.02919086068868637, 0.08489979803562164, -0.12325862050056458]}