{"10th Rib Midspine": [0.041342172771692276, 0.15678513050079346, -0.12121076881885529], "Cervicale": [0.05379785969853401, 0.4936104416847229, -0.0920439288020134], "Lt. 10th Rib": [0.15758535265922546, 0.09313921630382538, 0.04039974883198738], "Lt. ASIS": [0.1882164478302002, -0.018457841128110886, 0.016185855492949486], "Lt. Acromion": [0.2243127077817917, 0.4512156844139099, -0.03455768898129463], "Lt. Axilla, Ant.": [0.21482786536216736, 0.3333573341369629, -0.014862348325550556], "Lt. Axilla, Post.": [0.2069653421640396, 0.32267308235168457, -0.13396216928958893], "Lt. Calcaneous, Post.": [0.15585778653621674, -0.8827923536300659, -0.24371199309825897], "Lt. Clavicale": [0.07307673245668411, 0.4233196973800659, 0.04450958967208862], "Lt. Dactylion": [0.35803544521331787, -0.18587900698184967, -0.19244347512722015], "Lt. Digit II": [0.1583646535873413, -0.911064088344574, -0.007422229275107384], "Lt. Femoral Lateral Epicn": [0.19432370364665985, -0.4832732081413269, -0.15634499490261078], "Lt. Femoral Medial Epicn": [0.079362653195858, -0.49022960662841797, -0.19306854903697968], "Lt. Gonion": [0.11301324516534805, 0.5319809317588806, 0.024678314104676247], "Lt. Humeral Lateral Epicn": [0.3252130448818207, 0.1929023414850235, -0.08525902032852173], "Lt. Humeral Medial Epicn": [0.2792336046695709, 0.18199369311332703, -0.14619000256061554], "Lt. Iliocristale": [0.2064877301454544, 0.053081877529621124, -0.0028832722455263138], "Lt. Infraorbitale": [0.07711587846279144, 0.5649736523628235, 0.09390043467283249], "Lt. Knee Crease": [0.14572279155254364, -0.47634077072143555, -0.21359829604625702], "Lt. Lateral Malleolus": [0.18959051370620728, -0.83870530128479, -0.1829492151737213], "Lt. Medial Malleolus": [0.12287832051515579, -0.8381564617156982, -0.17488543689250946], "Lt. Metacarpal Phal. II": [0.33207643032073975, -0.11501315236091614, -0.1458006352186203], "Lt. Metacarpal Phal. V": [0.3861555755138397, -0.09603814780712128, -0.17402857542037964], "Lt. Metatarsal Phal. I": [0.1398991346359253, -0.9068918824195862, -0.029675811529159546], "Lt. Metatarsal Phal. V": [0.19063827395439148, -0.8990959525108337, -0.05628107860684395], "Lt. Olecranon": [0.31311967968940735, 0.19215987622737885, -0.1345505267381668], "Lt. PSIS": [0.09985577315092087, 0.014867736026644707, -0.18863394856452942], "Lt. Radial Styloid": [0.32037511467933655, -0.019515160471200943, -0.13534505665302277], "Lt. Radiale": [0.3284628987312317, 0.17469386756420135, -0.0935191735625267], "Lt. Sphyrion": [0.1234852746129036, -0.8609132766723633, -0.17237713932991028], "Lt. Thelion/Bustpoint": [0.15125137567520142, 0.24813677370548248, 0.11349952965974808], "Lt. Tragion": [0.11729899793863297, 0.5792294144630432, 0.01713723875582218], "Lt. Trochanterion": [0.22654412686824799, -0.10198772698640823, -0.05189530551433563], "Lt. Ulnar Styloid": [0.3755107522010803, -0.019768333062529564, -0.14283433556556702], "Nuchale": [0.05460911616683006, 0.5621947050094604, -0.08417990058660507], "Rt. 10th Rib": [-0.0702601969242096, 0.10433641076087952, 0.0645984634757042], "Rt. ASIS": [-0.11172161996364594, -0.011677210219204426, 0.03553180396556854], "Rt. Acromion": [-0.13195359706878662, 0.44570407271385193, -0.052883073687553406], "Rt. Axilla, Ant.": [-0.12852780520915985, 0.3446492850780487, -0.019975395873188972], "Rt. Axilla, Post.": [-0.1234818547964096, 0.3081972002983093, -0.149407297372818], "Rt. Calcaneous, Post.": [-0.11011151224374771, -0.8811691999435425, -0.2515336871147156], "Rt. Clavicale": [0.01131795160472393, 0.42747753858566284, 0.03982533887028694], "Rt. Dactylion": [-0.3105117082595825, -0.17842550575733185, -0.16888019442558289], "Rt. Digit II": [-0.1531772017478943, -0.91008460521698, -0.021559657528996468], "Rt. Femoral Lateral Epicn": [-0.1560189574956894, -0.4744310975074768, -0.16908499598503113], "Rt. Femoral Medial Epicn": [-0.03487401455640793, -0.4823281764984131, -0.18934932351112366], "Rt. Gonion": [-0.02108386717736721, 0.5203151106834412, 0.010255207307636738], "Rt. Humeral Lateral Epicn": [-0.2543836236000061, 0.19312350451946259, -0.09584955126047134], "Rt. Humeral Medial Epicn": [-0.20305529236793518, 0.16486047208309174, -0.15602466464042664], "Rt. Iliocristale": [-0.1467094123363495, 0.05805452913045883, 5.1019236707361415e-05], "Rt. Infraorbitale": [0.0013587394496425986, 0.5551011562347412, 0.08685197681188583], "Rt. Knee Crease": [-0.10189585387706757, -0.4670259356498718, -0.21897625923156738], "Rt. Lateral Malleolus": [-0.15443040430545807, -0.8353519439697266, -0.19545844197273254], "Rt. Medial Malleolus": [-0.08853127807378769, -0.8347401022911072, -0.17980223894119263], "Rt. Metacarpal Phal. II": [-0.2722245454788208, -0.11468899250030518, -0.11658555269241333], "Rt. Metacarpal Phal. V": [-0.33591511845588684, -0.09876437485218048, -0.13356740772724152], "Rt. Metatarsal Phal. I": [-0.13495080173015594, -0.8962319493293762, -0.03710559010505676], "Rt. Metatarsal Phal. V": [-0.18138070404529572, -0.9012319445610046, -0.0698341652750969], "Rt. Olecranon": [-0.246307373046875, 0.18753035366535187, -0.14629971981048584], "Rt. PSIS": [-0.03153916820883751, 0.02569151669740677, -0.19078890979290009], "Rt. Radial Styloid": [-0.2582612633705139, -0.029051071032881737, -0.10848786681890488], "Rt. Radiale": [-0.26296600699424744, 0.17405617237091064, -0.10526903718709946], "Rt. Sphyrion": [-0.09099451452493668, -0.8579189777374268, -0.17457880079746246], "Rt. Thelion/Bustpoint": [-0.07945439964532852, 0.24560922384262085, 0.10361258685588837], "Rt. Tragion": [-0.031624142080545425, 0.5686711668968201, -0.0011942570563405752], "Rt. Trochanterion": [-0.1837078332901001, -0.0866139605641365, -0.058780595660209656], "Rt. Ulnar Styloid": [-0.31859490275382996, -0.020309913903474808, -0.10958625376224518], "Sellion": [0.031085999682545662, 0.5851434469223022, 0.09929508715867996], "Substernale": [0.03694213554263115, 0.18830396234989166, 0.11955207586288452], "Supramenton": [0.04090667888522148, 0.4931355118751526, 0.08817054331302643], "Suprasternale": [0.03593301400542259, 0.40171030163764954, 0.05971382185816765], "Waist, Preferred, Post.": [0.033206406980752945, 0.020435959100723267, -0.19153296947479248]}