{"10th Rib Midspine": [0.018271198496222496, 0.2541162073612213, -0.22865094244480133], "Cervicale": [0.021197592839598656, 0.6495950818061829, -0.14623983204364777], "Lt. 10th Rib": [0.1518142819404602, 0.19901959598064423, -0.06448382884263992], "Lt. ASIS": [0.15360330045223236, 0.0831807404756546, -0.08540760725736618], "Lt. Acromion": [0.22825323045253754, 0.6029589772224426, -0.09135712683200836], "Lt. Axilla, Ant.": [0.19070953130722046, 0.504103422164917, -0.06143684312701225], "Lt. Axilla, Post.": [0.240385040640831, 0.4768643081188202, -0.2166210561990738], "Lt. Calcaneous, Post.": [0.16228234767913818, -0.8736286759376526, -0.33466264605522156], "Lt. Clavicale": [0.05219777673482895, 0.5343307256698608, -0.02921946346759796], "Lt. Dactylion": [0.29949095845222473, -0.11922584474086761, -0.069228895008564], "Lt. Digit II": [0.2167721539735794, -0.9033120274543762, -0.08496356010437012], "Lt. Femoral Lateral Epicn": [0.19348813593387604, -0.43792200088500977, -0.23009875416755676], "Lt. Femoral Medial Epicn": [0.08591577410697937, -0.44496259093284607, -0.22874215245246887], "Lt. Gonion": [0.10245736688375473, 0.6714064478874207, -0.030792072415351868], "Lt. Humeral Lateral Epicn": [0.3294299244880676, 0.3235562741756439, -0.09245435893535614], "Lt. Humeral Medial Epicn": [0.30935946106910706, 0.2940309941768646, -0.17788617312908173], "Lt. Iliocristale": [0.1821148544549942, 0.17136546969413757, -0.11383414268493652], "Lt. Infraorbitale": [0.07780104130506516, 0.7111966609954834, 0.049320071935653687], "Lt. Knee Crease": [0.13353650271892548, -0.4248877763748169, -0.27259361743927], "Lt. Lateral Malleolus": [0.2049112170934677, -0.8280877470970154, -0.2728797495365143], "Lt. Medial Malleolus": [0.13472379744052887, -0.8370966911315918, -0.2534731328487396], "Lt. Metacarpal Phal. II": [0.2714923024177551, -0.0279889777302742, -0.0487993024289608], "Lt. Metacarpal Phal. V": [0.3414652645587921, -0.02541962079703808, -0.05094771459698677], "Lt. Metatarsal Phal. I": [0.18771514296531677, -0.8984512686729431, -0.09992672502994537], "Lt. Metatarsal Phal. V": [0.24604302644729614, -0.8953714370727539, -0.14373913407325745], "Lt. Olecranon": [0.33816176652908325, 0.3089944124221802, -0.15316784381866455], "Lt. PSIS": [0.06458353996276855, 0.07976028323173523, -0.2730342447757721], "Lt. Radial Styloid": [0.2860632836818695, 0.07282625138759613, -0.09252900630235672], "Lt. Radiale": [0.33409881591796875, 0.30105796456336975, -0.09932450950145721], "Lt. Sphyrion": [0.14068008959293365, -0.8554140329360962, -0.2516489028930664], "Lt. Thelion/Bustpoint": [0.14247684180736542, 0.35071977972984314, 0.0007324288017116487], "Lt. Tragion": [0.11012428253889084, 0.7210708260536194, -0.036404356360435486], "Lt. Trochanterion": [0.19221411645412445, -0.019220396876335144, -0.15099403262138367], "Lt. Ulnar Styloid": [0.33718132972717285, 0.07247089594602585, -0.06359447538852692], "Nuchale": [0.0286471676081419, 0.7229759693145752, -0.13345645368099213], "Rt. 10th Rib": [-0.09385939687490463, 0.1992504894733429, -0.04234309867024422], "Rt. ASIS": [-0.11575102061033249, 0.07620616257190704, -0.06216470152139664], "Rt. Acromion": [-0.184522345662117, 0.6012802720069885, -0.08226637542247772], "Rt. Axilla, Ant.": [-0.14962542057037354, 0.5003870129585266, -0.05564936250448227], "Rt. Axilla, Post.": [-0.21381491422653198, 0.4815084934234619, -0.2080754041671753], "Rt. Calcaneous, Post.": [-0.1710244119167328, -0.8770486116409302, -0.3243551552295685], "Rt. Clavicale": [-0.01177965011447668, 0.5357138514518738, -0.025387294590473175], "Rt. Dactylion": [-0.31195929646492004, -0.10897544771432877, -0.03508828580379486], "Rt. Digit II": [-0.21447494626045227, -0.9048232436180115, -0.06096841022372246], "Rt. Femoral Lateral Epicn": [-0.19453763961791992, -0.43071624636650085, -0.22374609112739563], "Rt. Femoral Medial Epicn": [-0.08883398026227951, -0.44076961278915405, -0.23599855601787567], "Rt. Gonion": [-0.03868590667843819, 0.6663936972618103, -0.028026361018419266], "Rt. Humeral Lateral Epicn": [-0.29203999042510986, 0.32607391476631165, -0.0743270143866539], "Rt. Humeral Medial Epicn": [-0.2568019926548004, 0.2884041666984558, -0.1599894016981125], "Rt. Iliocristale": [-0.15157954394817352, 0.15216509997844696, -0.09901291131973267], "Rt. Infraorbitale": [-0.00203905557282269, 0.7026959657669067, 0.053687095642089844], "Rt. Knee Crease": [-0.14434406161308289, -0.4197317957878113, -0.2701241374015808], "Rt. Lateral Malleolus": [-0.21035708487033844, -0.8273220062255859, -0.25874263048171997], "Rt. Medial Malleolus": [-0.13936114311218262, -0.8303366899490356, -0.24307163059711456], "Rt. Metacarpal Phal. II": [-0.26881518959999084, -0.019910749047994614, -0.017720263451337814], "Rt. Metacarpal Phal. V": [-0.3402143120765686, -0.0076536014676094055, -0.04233257845044136], "Rt. Metatarsal Phal. I": [-0.19256530702114105, -0.8928099870681763, -0.07034997642040253], "Rt. Metatarsal Phal. V": [-0.2477583885192871, -0.8940274715423584, -0.12107766419649124], "Rt. Olecranon": [-0.30332380533218384, 0.31299060583114624, -0.13233105838298798], "Rt. PSIS": [-0.03817243129014969, 0.08502102643251419, -0.269650936126709], "Rt. Radial Styloid": [-0.2530069351196289, 0.06575136631727219, -0.06505127251148224], "Rt. Radiale": [-0.29598718881607056, 0.30527788400650024, -0.0807470828294754], "Rt. Sphyrion": [-0.14540307223796844, -0.8546335697174072, -0.2381497472524643], "Rt. Thelion/Bustpoint": [-0.10194036364555359, 0.34827131032943726, 0.0028037456795573235], "Rt. Tragion": [-0.04724600911140442, 0.7136430740356445, -0.03335529938340187], "Rt. Trochanterion": [-0.178804412484169, -0.012720517814159393, -0.13618314266204834], "Rt. Ulnar Styloid": [-0.32018449902534485, 0.0741526186466217, -0.04976847022771835], "Sellion": [0.03305105119943619, 0.7342339158058167, 0.0686018094420433], "Substernale": [0.020677385851740837, 0.27625343203544617, 0.015470145270228386], "Supramenton": [0.036573007702827454, 0.633503794670105, 0.06018213555216789], "Suprasternale": [0.018722020089626312, 0.5076568126678467, -0.01818987913429737], "Waist, Preferred, Post.": [0.014697096310555935, 0.08522439748048782, -0.2714727818965912]}