{"10th Rib Midspine": [0.0699508935213089, 0.1169252023100853, -0.09975506365299225], "Cervicale": [0.08390578627586365, 0.4561016857624054, -0.09794596582651138], "Lt. 10th Rib": [-0.1408877819776535, 0.08257981389760971, -0.0979122444987297], "Lt. ASIS": [-0.16697588562965393, -0.01615116000175476, -0.11340611428022385], "Lt. Acromion": [-0.05479954183101654, 0.3835183084011078, 0.05645947903394699], "Lt. Axilla, Ant.": [-0.0559685193002224, 0.2755723297595978, 0.025337718427181244], "Lt. Axilla, Post.": [0.06123405694961548, 0.2746926248073578, 0.056390341371297836], "Lt. Calcaneous, Post.": [-0.1721658557653427, -0.8779561519622803, -0.23099666833877563], "Lt. Clavicale": [-0.05472812056541443, 0.3885458707809448, -0.12393342703580856], "Lt. Dactylion": [0.1395629346370697, -0.20430749654769897, 0.1418551802635193], "Lt. Digit II": [-0.35573163628578186, -0.8777551651000977, -0.378493994474411], "Lt. Femoral Lateral Epicn": [-0.21969114243984222, -0.48331648111343384, -0.19747895002365112], "Lt. Femoral Medial Epicn": [-0.12263810634613037, -0.4927613437175751, -0.2649403512477875], "Lt. Gonion": [-0.0378444604575634, 0.513945460319519, -0.0679396241903305], "Lt. Humeral Lateral Epicn": [0.023200202733278275, 0.1532340943813324, 0.1750490367412567], "Lt. Humeral Medial Epicn": [0.09381657093763351, 0.1426505446434021, 0.1386026293039322], "Lt. Iliocristale": [-0.14911411702632904, 0.04142465814948082, -0.05451366305351257], "Lt. Infraorbitale": [-0.08337458968162537, 0.560088038444519, -0.12135379016399384], "Lt. Knee Crease": [-0.141390860080719, -0.49517861008644104, -0.1984020322561264], "Lt. Lateral Malleolus": [-0.23817773163318634, -0.8279532194137573, -0.23921923339366913], "Lt. Medial Malleolus": [-0.19609414041042328, -0.8263871073722839, -0.2951834201812744], "Lt. Metacarpal Phal. II": [0.0784732848405838, -0.15697771310806274, 0.19200606644153595], "Lt. Metacarpal Phal. V": [0.13684490323066711, -0.13019397854804993, 0.1945728212594986], "Lt. Metatarsal Phal. I": [-0.32120373845100403, -0.8759975433349609, -0.3828113377094269], "Lt. Metatarsal Phal. V": [-0.3445310592651367, -0.8775922060012817, -0.317267507314682], "Lt. Olecranon": [0.07538667321205139, 0.1540893018245697, 0.17128252983093262], "Lt. PSIS": [0.03818186745047569, -0.03076552227139473, -0.0264299213886261], "Lt. Radial Styloid": [0.07182623445987701, -0.06032172217965126, 0.19335296750068665], "Lt. Radiale": [0.03797994926571846, 0.13587820529937744, 0.1815832108259201], "Lt. Sphyrion": [-0.20145297050476074, -0.8486227989196777, -0.3005558252334595], "Lt. Thelion/Bustpoint": [-0.16187649965286255, 0.21191321313381195, -0.09776169061660767], "Lt. Tragion": [-0.022266894578933716, 0.5560060739517212, -0.05480291321873665], "Lt. Trochanterion": [-0.16381745040416718, -0.11446832120418549, -0.06403651833534241], "Lt. Ulnar Styloid": [0.10611854493618011, -0.05489710345864296, 0.22978588938713074], "Nuchale": [0.08685331791639328, 0.5252166986465454, -0.0828060731291771], "Rt. 10th Rib": [-0.0030297550838440657, 0.10721273720264435, -0.30331143736839294], "Rt. ASIS": [0.05039205029606819, -0.006630818359553814, -0.3276005685329437], "Rt. Acromion": [0.049089282751083374, 0.4296821355819702, -0.2912006974220276], "Rt. Axilla, Ant.": [-0.004865814931690693, 0.3388434946537018, -0.28773626685142517], "Rt. Axilla, Post.": [0.03309635445475578, 0.2781384587287903, -0.3413553535938263], "Rt. Calcaneous, Post.": [0.1599525511264801, -0.8936323523521423, -0.028405815362930298], "Rt. Clavicale": [-0.02950764074921608, 0.3926709294319153, -0.17760971188545227], "Rt. Dactylion": [-0.5216706991195679, 0.2676612436771393, -0.4971369504928589], "Rt. Digit II": [0.17633691430091858, -0.8957985043525696, -0.2665197253227234], "Rt. Femoral Lateral Epicn": [0.1771399825811386, -0.4909217357635498, -0.15719982981681824], "Rt. Femoral Medial Epicn": [0.06507475674152374, -0.49111756682395935, -0.10792723298072815], "Rt. Gonion": [0.02268829755485058, 0.5078654289245605, -0.18592603504657745], "Rt. Humeral Lateral Epicn": [-0.1361791491508484, 0.34178972244262695, -0.44694024324417114], "Rt. Humeral Medial Epicn": [-0.14693351089954376, 0.26096418499946594, -0.4129912853240967], "Rt. Iliocristale": [0.11159973591566086, 0.05597834289073944, -0.3116317689418793], "Rt. Infraorbitale": [-0.05027107149362564, 0.5519877672195435, -0.19287312030792236], "Rt. Knee Crease": [0.13354870676994324, -0.47459691762924194, -0.09620458632707596], "Rt. Lateral Malleolus": [0.19449590146541595, -0.8437305688858032, -0.08985710889101028], "Rt. Medial Malleolus": [0.12630866467952728, -0.8507223129272461, -0.09720923006534576], "Rt. Metacarpal Phal. II": [-0.4540793299674988, 0.3299419581890106, -0.4982301592826843], "Rt. Metacarpal Phal. V": [-0.43597543239593506, 0.2679641842842102, -0.49940618872642517], "Rt. Metatarsal Phal. I": [0.14533297717571259, -0.8915051221847534, -0.24795474112033844], "Rt. Metatarsal Phal. V": [0.21090149879455566, -0.8962972164154053, -0.22252777218818665], "Rt. Olecranon": [-0.13698531687259674, 0.2889202833175659, -0.450988233089447], "Rt. PSIS": [0.14435900747776031, -0.012871487997472286, -0.10062374919652939], "Rt. Radial Styloid": [-0.36758092045783997, 0.34424522519111633, -0.45950281620025635], "Rt. Radiale": [-0.1531936675310135, 0.332345575094223, -0.4568425416946411], "Rt. Sphyrion": [0.1292453110218048, -0.8678719997406006, -0.09910247474908829], "Rt. Thelion/Bustpoint": [-0.04449007287621498, 0.21005676686763763, -0.29709362983703613], "Rt. Tragion": [0.04470723494887352, 0.5540060997009277, -0.18829603493213654], "Rt. Trochanterion": [0.17043904960155487, -0.09385622292757034, -0.2964988946914673], "Rt. Ulnar Styloid": [-0.35907405614852905, 0.2920866310596466, -0.4911947548389435], "Sellion": [-0.07146640121936798, 0.5820229649543762, -0.16132384538650513], "Substernale": [-0.11705712974071503, 0.17570760846138, -0.22482727468013763], "Supramenton": [-0.07528089731931686, 0.49112796783447266, -0.16272175312042236], "Suprasternale": [-0.05949391797184944, 0.3658890724182129, -0.16302581131458282], "Waist, Preferred, Post.": [0.09180654585361481, -0.02373882383108139, -0.06260457634925842]}