{"10th Rib Midspine": [-0.004625875037163496, 0.2403944879770279, -0.2006467878818512], "Cervicale": [-0.0022101851645857096, 0.624276340007782, -0.16792914271354675], "Lt. 10th Rib": [0.13056212663650513, 0.19116395711898804, -0.03615623340010643], "Lt. ASIS": [0.13720837235450745, 0.08537684381008148, -0.055105242878198624], "Lt. Acromion": [0.23290081322193146, 0.5291399955749512, -0.03602856397628784], "Lt. Axilla, Ant.": [0.1479136347770691, 0.49534016847610474, 0.01140747033059597], "Lt. Axilla, Post.": [0.1879933476448059, 0.3754197657108307, -0.05139618739485741], "Lt. Calcaneous, Post.": [0.14797253906726837, -0.8769948482513428, -0.29250577092170715], "Lt. Clavicale": [0.031232204288244247, 0.5309724807739258, -0.03632846847176552], "Lt. Dactylion": [0.23293350636959076, 0.7868199348449707, 0.19409866631031036], "Lt. Digit II": [0.20773035287857056, -0.9067466855049133, -0.03145264834165573], "Lt. Femoral Lateral Epicn": [0.1870085597038269, -0.44344276189804077, -0.17258648574352264], "Lt. Femoral Medial Epicn": [0.0800502598285675, -0.4527400732040405, -0.16147223114967346], "Lt. Gonion": [0.07736068218946457, 0.6971105933189392, -0.07551086694002151], "Lt. Humeral Lateral Epicn": [0.22766979038715363, 0.3689873516559601, 0.15022288262844086], "Lt. Humeral Medial Epicn": [0.13880132138729095, 0.33570367097854614, 0.18752168118953705], "Lt. Iliocristale": [0.16651105880737305, 0.16704049706459045, -0.08936799317598343], "Lt. Infraorbitale": [0.047524478286504745, 0.7279511094093323, 0.0037810669746249914], "Lt. Knee Crease": [0.12104853987693787, -0.4316961169242859, -0.2075282633304596], "Lt. Lateral Malleolus": [0.19398678839206696, -0.8293681740760803, -0.2330554872751236], "Lt. Medial Malleolus": [0.12638069689273834, -0.8379033207893372, -0.2074064463376999], "Lt. Metacarpal Phal. II": [0.2173985242843628, 0.688882052898407, 0.1723269373178482], "Lt. Metacarpal Phal. V": [0.21874243021011353, 0.6902576684951782, 0.24664978682994843], "Lt. Metatarsal Phal. I": [0.1866440773010254, -0.9020101428031921, -0.05818139761686325], "Lt. Metatarsal Phal. V": [0.22300618886947632, -0.8867555856704712, -0.12349103391170502], "Lt. Olecranon": [0.17913970351219177, 0.3256013095378876, 0.19005078077316284], "Lt. PSIS": [0.04066603258252144, 0.07543088495731354, -0.23696784675121307], "Lt. Radial Styloid": [0.1649063676595688, 0.5934449434280396, 0.1969328373670578], "Lt. Radiale": [0.2170926183462143, 0.37215137481689453, 0.16913004219532013], "Lt. Sphyrion": [0.13300347328186035, -0.8622497320175171, -0.20650969445705414], "Lt. Thelion/Bustpoint": [0.1050417497754097, 0.3451690673828125, 0.022439666092395782], "Lt. Tragion": [0.08122582733631134, 0.7491795420646667, -0.07669323682785034], "Lt. Trochanterion": [0.17725256085395813, -0.020343849435448647, -0.12278178334236145], "Lt. Ulnar Styloid": [0.19647161662578583, 0.5928689241409302, 0.24129098653793335], "Nuchale": [0.0004689912311732769, 0.7504087090492249, -0.17312438786029816], "Rt. 10th Rib": [-0.10808510333299637, 0.19202838838100433, -0.005188102833926678], "Rt. ASIS": [-0.1302124261856079, 0.0707530528306961, -0.01976524293422699], "Rt. Acromion": [-0.22489483654499054, 0.5269458293914795, -0.01054674107581377], "Rt. Axilla, Ant.": [-0.1278928965330124, 0.4936707615852356, 0.025987720116972923], "Rt. Axilla, Post.": [-0.18977679312229156, 0.36866143345832825, -0.020756343379616737], "Rt. Calcaneous, Post.": [-0.19354084134101868, -0.8734968304634094, -0.28912678360939026], "Rt. Clavicale": [-0.024369731545448303, 0.5337520241737366, -0.03329036757349968], "Rt. Dactylion": [-0.20702481269836426, 0.8004363775253296, 0.23362357914447784], "Rt. Digit II": [-0.28128916025161743, -0.9045125246047974, -0.03579927235841751], "Rt. Femoral Lateral Epicn": [-0.21831870079040527, -0.4368038475513458, -0.16533894836902618], "Rt. Femoral Medial Epicn": [-0.1129327118396759, -0.45142677426338196, -0.15450987219810486], "Rt. Gonion": [-0.0670197606086731, 0.6875770688056946, -0.0746222510933876], "Rt. Humeral Lateral Epicn": [-0.21150335669517517, 0.3776984214782715, 0.17050319910049438], "Rt. Humeral Medial Epicn": [-0.11570072174072266, 0.3733671009540558, 0.1950271874666214], "Rt. Iliocristale": [-0.1706622987985611, 0.1423829048871994, -0.05838441476225853], "Rt. Infraorbitale": [-0.030768901109695435, 0.717944324016571, 0.005544797983020544], "Rt. Knee Crease": [-0.1544872224330902, -0.43084099888801575, -0.19573217630386353], "Rt. Lateral Malleolus": [-0.24164117872714996, -0.8254309296607971, -0.23007065057754517], "Rt. Medial Malleolus": [-0.17672942578792572, -0.8349019289016724, -0.19815106689929962], "Rt. Metacarpal Phal. II": [-0.19933126866817474, 0.7067462205886841, 0.1963965743780136], "Rt. Metacarpal Phal. V": [-0.20457376539707184, 0.6991345882415771, 0.26822561025619507], "Rt. Metatarsal Phal. I": [-0.2410937249660492, -0.8952387571334839, -0.05405103415250778], "Rt. Metatarsal Phal. V": [-0.3097282946109772, -0.8909427523612976, -0.10387026518583298], "Rt. Olecranon": [-0.16559025645256042, 0.34386444091796875, 0.21299152076244354], "Rt. PSIS": [-0.06434867531061172, 0.07374198734760284, -0.22896134853363037], "Rt. Radial Styloid": [-0.16292981803417206, 0.6169328689575195, 0.1924544721841812], "Rt. Radiale": [-0.20193354785442352, 0.38181906938552856, 0.18700027465820312], "Rt. Sphyrion": [-0.18257606029510498, -0.856365978717804, -0.20038644969463348], "Rt. Thelion/Bustpoint": [-0.0990394875407219, 0.3360670804977417, 0.0362679585814476], "Rt. Tragion": [-0.07264885306358337, 0.7382085919380188, -0.08797258138656616], "Rt. Trochanterion": [-0.1969582587480545, -0.018823955208063126, -0.09777531772851944], "Rt. Ulnar Styloid": [-0.1993844360113144, 0.6082430481910706, 0.249557226896286], "Sellion": [0.002513390965759754, 0.7475602030754089, 0.024815594777464867], "Substernale": [0.003052543615922332, 0.27406054735183716, 0.02636304311454296], "Supramenton": [0.008790923282504082, 0.6497083902359009, 0.007656208239495754], "Suprasternale": [0.0007882558275014162, 0.5129010081291199, -0.018700938671827316], "Waist, Preferred, Post.": [-0.010837171226739883, 0.07519175857305527, -0.23369024693965912]}