{"10th Rib Midspine": [0.025913333520293236, 0.261270135641098, -0.16952703893184662], "Cervicale": [0.032944779843091965, 0.6347191333770752, -0.16798220574855804], "Lt. 10th Rib": [0.14443139731884003, 0.23400454223155975, -0.013269064016640186], "Lt. ASIS": [0.15103475749492645, 0.11146798729896545, -0.0056034899316728115], "Lt. Acromion": [0.21687014400959015, 0.602294921875, 0.023626750335097313], "Lt. Axilla, Ant.": [0.17817069590091705, 0.5069949626922607, -0.010579608380794525], "Lt. Axilla, Post.": [0.2160062938928604, 0.46260908246040344, 0.033629149198532104], "Lt. Calcaneous, Post.": [0.10634355992078781, -0.8812558054924011, -0.2573988139629364], "Lt. Clavicale": [0.05593770742416382, 0.5548309087753296, -0.043183524161577225], "Lt. Dactylion": [0.03144880756735802, 0.48124492168426514, 0.6808165907859802], "Lt. Digit II": [0.1679760068655014, -0.9074440598487854, 0.02346459962427616], "Lt. Femoral Lateral Epicn": [0.17465780675411224, -0.43760234117507935, -0.15954932570457458], "Lt. Femoral Medial Epicn": [0.06489908695220947, -0.43312931060791016, -0.16674847900867462], "Lt. Gonion": [0.10234218090772629, 0.7078897953033447, -0.06674417108297348], "Lt. Humeral Lateral Epicn": [0.1724550724029541, 0.4969181418418884, 0.25765275955200195], "Lt. Humeral Medial Epicn": [0.12829165160655975, 0.42836830019950867, 0.2429206520318985], "Lt. Iliocristale": [0.17362387478351593, 0.19609838724136353, -0.04136481508612633], "Lt. Infraorbitale": [0.07754995673894882, 0.7331462502479553, 0.008615787141025066], "Lt. Knee Crease": [0.11651263386011124, -0.4140150249004364, -0.2031746804714203], "Lt. Lateral Malleolus": [0.14992333948612213, -0.8347335457801819, -0.19525335729122162], "Lt. Medial Malleolus": [0.07949987798929214, -0.8413590788841248, -0.17169100046157837], "Lt. Metacarpal Phal. II": [0.05924287438392639, 0.4992309510707855, 0.5883244872093201], "Lt. Metacarpal Phal. V": [0.04924822598695755, 0.4453051686286926, 0.5895820260047913], "Lt. Metatarsal Phal. I": [0.13466006517410278, -0.9040746092796326, -0.013898849487304688], "Lt. Metatarsal Phal. V": [0.1739412248134613, -0.8869037628173828, -0.07386743277311325], "Lt. Olecranon": [0.16021083295345306, 0.4428519904613495, 0.2501213252544403], "Lt. PSIS": [0.07074115425348282, 0.10022120177745819, -0.1880912482738495], "Lt. Radial Styloid": [0.04154191538691521, 0.47716474533081055, 0.48804453015327454], "Lt. Radiale": [0.1627943366765976, 0.4874212145805359, 0.27307233214378357], "Lt. Sphyrion": [0.08240267634391785, -0.8643924593925476, -0.16973064839839935], "Lt. Thelion/Bustpoint": [0.12426643073558807, 0.39214253425598145, -0.011489777825772762], "Lt. Tragion": [0.11141606420278549, 0.7552380561828613, -0.07337891310453415], "Lt. Trochanterion": [0.19264395534992218, -0.00912440475076437, -0.06337470561265945], "Lt. Ulnar Styloid": [0.07608763873577118, 0.4430053234100342, 0.49694982171058655], "Nuchale": [0.03519074246287346, 0.7589971423149109, -0.16658611595630646], "Rt. 10th Rib": [-0.07680148631334305, 0.24069897830486298, -0.002309143543243408], "Rt. ASIS": [-0.0980229526758194, 0.10814245790243149, 0.007898671552538872], "Rt. Acromion": [-0.1589508056640625, 0.6142709255218506, 0.008497113361954689], "Rt. Axilla, Ant.": [-0.10230570286512375, 0.5154032111167908, -0.021452827379107475], "Rt. Axilla, Post.": [-0.16261501610279083, 0.4745701849460602, 0.03361405059695244], "Rt. Calcaneous, Post.": [-0.10629448294639587, -0.877231776714325, -0.25828057527542114], "Rt. Clavicale": [0.0035261353477835655, 0.5573133826255798, -0.04159754887223244], "Rt. Dactylion": [0.027843719348311424, 0.5016633868217468, 0.6660614013671875], "Rt. Digit II": [-0.17039312422275543, -0.9069922566413879, 0.008513986133038998], "Rt. Femoral Lateral Epicn": [-0.17465002834796906, -0.4232846796512604, -0.16868290305137634], "Rt. Femoral Medial Epicn": [-0.06436273455619812, -0.4253891408443451, -0.1780611276626587], "Rt. Gonion": [-0.031547725200653076, 0.704883873462677, -0.0647677481174469], "Rt. Humeral Lateral Epicn": [-0.1157122477889061, 0.5095765590667725, 0.2585557997226715], "Rt. Humeral Medial Epicn": [-0.06080685555934906, 0.43188002705574036, 0.24438436329364777], "Rt. Iliocristale": [-0.13124896585941315, 0.18529638648033142, -0.03371545299887657], "Rt. Infraorbitale": [-0.0020308338571339846, 0.726649284362793, 0.012770299799740314], "Rt. Knee Crease": [-0.11817600578069687, -0.4091334640979767, -0.21098047494888306], "Rt. Lateral Malleolus": [-0.1542908251285553, -0.8302382826805115, -0.19116011261940002], "Rt. Medial Malleolus": [-0.08388370275497437, -0.834395170211792, -0.17196664214134216], "Rt. Metacarpal Phal. II": [-0.007319427561014891, 0.5265269875526428, 0.5776491761207581], "Rt. Metacarpal Phal. V": [-0.00514631113037467, 0.4530639052391052, 0.5912405252456665], "Rt. Metatarsal Phal. I": [-0.1358724981546402, -0.893018901348114, -0.009838500991463661], "Rt. Metatarsal Phal. V": [-0.19858261942863464, -0.8989266753196716, -0.0549624040722847], "Rt. Olecranon": [-0.11195407807826996, 0.4555529057979584, 0.2527276575565338], "Rt. PSIS": [-0.03117908537387848, 0.10562072694301605, -0.18457254767417908], "Rt. Radial Styloid": [0.010327494703233242, 0.4917392432689667, 0.49725183844566345], "Rt. Radiale": [-0.10546237975358963, 0.4943220317363739, 0.2745063602924347], "Rt. Sphyrion": [-0.08455640822649002, -0.8584198951721191, -0.16881704330444336], "Rt. Thelion/Bustpoint": [-0.06893637776374817, 0.39381399750709534, -0.01504433061927557], "Rt. Tragion": [-0.04075249657034874, 0.7542073726654053, -0.07116630673408508], "Rt. Trochanterion": [-0.1642228215932846, 0.00857090950012207, -0.06158800423145294], "Rt. Ulnar Styloid": [-0.021902374923229218, 0.44738268852233887, 0.5030543804168701], "Sellion": [0.03354340419173241, 0.7536620497703552, 0.03248091787099838], "Substernale": [0.029427124187350273, 0.3207005560398102, 0.005829159636050463], "Supramenton": [0.034834396094083786, 0.6550211310386658, 0.012857766821980476], "Suprasternale": [0.028501980006694794, 0.5301194787025452, -0.035789262503385544], "Waist, Preferred, Post.": [0.022298825904726982, 0.1050085499882698, -0.18502025306224823]}