{"10th Rib Midspine": [0.03758939728140831, 0.2636358141899109, -0.07688302546739578], "Cervicale": [-0.0018775733187794685, 0.6236437559127808, -0.0006486821221187711], "Lt. 10th Rib": [0.154130220413208, 0.21972355246543884, 0.07815295457839966], "Lt. ASIS": [0.15657733380794525, 0.09878431260585785, 0.0777670294046402], "Lt. Acromion": [0.26676085591316223, 0.5618369579315186, 0.06409896910190582], "Lt. Axilla, Ant.": [0.21207986772060394, 0.46742016077041626, 0.0571151040494442], "Lt. Axilla, Post.": [0.2320801317691803, 0.45497748255729675, -0.04924240708351135], "Lt. Calcaneous, Post.": [0.14243753254413605, -0.8823044300079346, -0.19904956221580505], "Lt. Clavicale": [0.04679803550243378, 0.5353754162788391, 0.1131504699587822], "Lt. Dactylion": [0.6138023138046265, -0.05222965404391289, 0.02496892213821411], "Lt. Digit II": [0.20448242127895355, -0.9089877605438232, 0.07703003287315369], "Lt. Femoral Lateral Epicn": [0.19838768243789673, -0.43892595171928406, -0.08542729169130325], "Lt. Femoral Medial Epicn": [0.09074253588914871, -0.4392368197441101, -0.09954439103603363], "Lt. Gonion": [-0.007721170783042908, 0.7168586254119873, 0.13179010152816772], "Lt. Humeral Lateral Epicn": [0.40023931860923767, 0.3407708704471588, -0.038226593285799026], "Lt. Humeral Medial Epicn": [0.33696627616882324, 0.28397923707962036, -0.05826116353273392], "Lt. Iliocristale": [0.17950992286205292, 0.1874466836452484, 0.04687520116567612], "Lt. Infraorbitale": [-0.06069353595376015, 0.7071818113327026, 0.19854736328125], "Lt. Knee Crease": [0.14231787621974945, -0.42013218998908997, -0.13213257491588593], "Lt. Lateral Malleolus": [0.18462280929088593, -0.837852418422699, -0.1343187838792801], "Lt. Medial Malleolus": [0.11522287130355835, -0.8433387875556946, -0.11737247556447983], "Lt. Metacarpal Phal. II": [0.5974249243736267, 0.04346245527267456, 0.04353633150458336], "Lt. Metacarpal Phal. V": [0.5915324091911316, 0.03024400770664215, -0.023046977818012238], "Lt. Metatarsal Phal. I": [0.16936282813549042, -0.9084392189979553, 0.04337095096707344], "Lt. Metatarsal Phal. V": [0.22550542652606964, -0.9034959077835083, 0.007140869274735451], "Lt. Olecranon": [0.3614107668399811, 0.30933332443237305, -0.07450256496667862], "Lt. PSIS": [0.0792197659611702, 0.09636969864368439, -0.10361505299806595], "Lt. Radial Styloid": [0.5089453458786011, 0.10507014393806458, 0.011659878306090832], "Lt. Radiale": [0.4042894244194031, 0.3192910850048065, -0.04660921171307564], "Lt. Sphyrion": [0.11900607496500015, -0.8669801354408264, -0.11456965655088425], "Lt. Thelion/Bustpoint": [0.14261266589164734, 0.3746723532676697, 0.11559908092021942], "Lt. Tragion": [-0.038463857024908066, 0.7584351897239685, 0.12963266670703888], "Lt. Trochanterion": [0.2020745426416397, -0.015634139999747276, 0.01786298118531704], "Lt. Ulnar Styloid": [0.5400460362434387, 0.12041253596544266, -0.029468903318047523], "Nuchale": [-0.062370751053094864, 0.7162649035453796, 0.010038367472589016], "Rt. 10th Rib": [-0.06535202264785767, 0.2243412733078003, 0.09272639453411102], "Rt. ASIS": [-0.09658137708902359, 0.09445062279701233, 0.08505997061729431], "Rt. Acromion": [-0.22475934028625488, 0.511002779006958, 0.026437431573867798], "Rt. Axilla, Ant.": [-0.16075704991817474, 0.43826189637184143, 0.04554125294089317], "Rt. Axilla, Post.": [-0.1637486219406128, 0.4007551968097687, -0.06302282959222794], "Rt. Calcaneous, Post.": [-0.12720006704330444, -0.8815932273864746, -0.19970807433128357], "Rt. Clavicale": [-0.022712569683790207, 0.5199087858200073, 0.11340752989053726], "Rt. Dactylion": [-0.5309633612632751, -0.0978507250547409, 0.012050740420818329], "Rt. Digit II": [-0.20567111670970917, -0.9103130102157593, 0.06430526822805405], "Rt. Femoral Lateral Epicn": [-0.18551810085773468, -0.42748308181762695, -0.10627386718988419], "Rt. Femoral Medial Epicn": [-0.0776185691356659, -0.4336305856704712, -0.1173890233039856], "Rt. Gonion": [-0.09290963411331177, 0.6194975972175598, 0.10109018534421921], "Rt. Humeral Lateral Epicn": [-0.3355411887168884, 0.2840978503227234, -0.0836821049451828], "Rt. Humeral Medial Epicn": [-0.2681930363178253, 0.21454817056655884, -0.07809379696846008], "Rt. Iliocristale": [-0.11984249949455261, 0.17738039791584015, 0.05309338867664337], "Rt. Infraorbitale": [-0.10802608728408813, 0.6469115018844604, 0.18106460571289062], "Rt. Knee Crease": [-0.12862521409988403, -0.4132252335548401, -0.14873962104320526], "Rt. Lateral Malleolus": [-0.175903782248497, -0.8329693675041199, -0.13638421893119812], "Rt. Medial Malleolus": [-0.10639394074678421, -0.8385350108146667, -0.11205706000328064], "Rt. Metacarpal Phal. II": [-0.5346888303756714, -0.0032032369635999203, 0.02444414421916008], "Rt. Metacarpal Phal. V": [-0.5216518640518188, -0.012329913675785065, -0.041129883378744125], "Rt. Metatarsal Phal. I": [-0.15095368027687073, -0.9013998508453369, 0.04938799887895584], "Rt. Metatarsal Phal. V": [-0.22564758360385895, -0.9009908437728882, -0.001869877683930099], "Rt. Olecranon": [-0.2981250584125519, 0.24951401352882385, -0.11434576660394669], "Rt. PSIS": [-0.02526552602648735, 0.10208354145288467, -0.10003816336393356], "Rt. Radial Styloid": [-0.45151031017303467, 0.053944181650877, 0.013326193206012249], "Rt. Radiale": [-0.3389115631580353, 0.26177942752838135, -0.09162025153636932], "Rt. Sphyrion": [-0.10751773416996002, -0.8606767654418945, -0.10890225321054459], "Rt. Thelion/Bustpoint": [-0.06759542971849442, 0.35601070523262024, 0.10577938705682755], "Rt. Tragion": [-0.12827038764953613, 0.645489513874054, 0.08283667266368866], "Rt. Trochanterion": [-0.15986540913581848, -0.0036544576287269592, 0.018555881455540657], "Rt. Ulnar Styloid": [-0.47693586349487305, 0.06410588324069977, -0.04703916236758232], "Sellion": [-0.11225847154855728, 0.6868805885314941, 0.20496417582035065], "Substernale": [0.042625609785318375, 0.29625585675239563, 0.1219271570444107], "Supramenton": [-0.031347621232271194, 0.6239654421806335, 0.2006799876689911], "Suprasternale": [0.015104375779628754, 0.5042389631271362, 0.11812412738800049], "Waist, Preferred, Post.": [0.02594774216413498, 0.09882286190986633, -0.10150010138750076]}