{"10th Rib Midspine": [0.19486068189144135, 0.34227922558784485, -0.3025134801864624], "Cervicale": [0.19628973305225372, 0.6641225814819336, -0.13123807311058044], "Lt. 10th Rib": [0.2770749032497406, 0.18624892830848694, -0.09467901289463043], "Lt. ASIS": [0.25916364789009094, 0.11754698306322098, -0.1432831734418869], "Lt. Acromion": [0.41208526492118835, 0.4823562502861023, -0.08460485190153122], "Lt. Axilla, Ant.": [0.388455331325531, 0.425873339176178, -0.07931039482355118], "Lt. Axilla, Post.": [0.3761550188064575, 0.4227463901042938, -0.211335688829422], "Lt. Calcaneous, Post.": [0.1470099836587906, -0.8027932047843933, -0.36616116762161255], "Lt. Clavicale": [0.21074722707271576, 0.5185048580169678, -0.027153469622135162], "Lt. Dactylion": [0.6239156723022461, -0.11744456738233566, -0.3785398602485657], "Lt. Digit II": [0.16150866448879242, -0.8389167189598083, -0.11236993223428726], "Lt. Femoral Lateral Epicn": [0.22127383947372437, -0.37041550874710083, -0.2525855600833893], "Lt. Femoral Medial Epicn": [0.11308258026838303, -0.3621795177459717, -0.2791752219200134], "Lt. Gonion": [0.2513258159160614, 0.6456258296966553, -0.00337592582218349], "Lt. Humeral Lateral Epicn": [0.5050525665283203, 0.2832891643047333, -0.22116442024707794], "Lt. Humeral Medial Epicn": [0.4437485337257385, 0.2536068856716156, -0.2555239498615265], "Lt. Iliocristale": [0.3032993674278259, 0.17040537297725677, -0.15475399792194366], "Lt. Infraorbitale": [0.22511328756809235, 0.660290539264679, 0.07315170019865036], "Lt. Knee Crease": [0.17309623956680298, -0.35123586654663086, -0.3053320348262787], "Lt. Lateral Malleolus": [0.17933520674705505, -0.7609749436378479, -0.2974141240119934], "Lt. Medial Malleolus": [0.11165180057287216, -0.7601842880249023, -0.2878613770008087], "Lt. Metacarpal Phal. II": [0.5887327790260315, -0.05753418058156967, -0.32216697931289673], "Lt. Metacarpal Phal. V": [0.6026292443275452, -0.022985931485891342, -0.3741748034954071], "Lt. Metatarsal Phal. I": [0.12994253635406494, -0.8308612108230591, -0.13453751802444458], "Lt. Metatarsal Phal. V": [0.2176106870174408, -0.8282920122146606, -0.17091913521289825], "Lt. Olecranon": [0.4682925343513489, 0.27206194400787354, -0.25856897234916687], "Lt. PSIS": [0.21973153948783875, 0.17757777869701385, -0.35823479294776917], "Lt. Radial Styloid": [0.5426848530769348, 0.03741306811571121, -0.28129398822784424], "Lt. Radiale": [0.5061302781105042, 0.2654620110988617, -0.23200540244579315], "Lt. Sphyrion": [0.11359843611717224, -0.7831328511238098, -0.2879626452922821], "Lt. Thelion/Bustpoint": [0.26828527450561523, 0.3157593607902527, 0.010196424089372158], "Lt. Tragion": [0.2569147050380707, 0.7000085711479187, 0.002820659661665559], "Lt. Trochanterion": [0.2802726924419403, 0.03012191690504551, -0.19470931589603424], "Lt. Ulnar Styloid": [0.5822975039482117, 0.05653796344995499, -0.3253421485424042], "Nuchale": [0.1871926486492157, 0.7345791459083557, -0.08518794178962708], "Rt. 10th Rib": [0.002047724323347211, 0.2438485026359558, -0.12142181396484375], "Rt. ASIS": [-0.019952068105340004, 0.1996414065361023, -0.16854383051395416], "Rt. Acromion": [-0.05589919537305832, 0.5410202145576477, -0.09717222303152084], "Rt. Axilla, Ant.": [-0.04074748978018761, 0.4830092787742615, -0.08579117059707642], "Rt. Axilla, Post.": [-0.040774520486593246, 0.46261727809906006, -0.2192174792289734], "Rt. Calcaneous, Post.": [-0.10285855829715729, -0.21257656812667847, -0.4316778779029846], "Rt. Clavicale": [0.14594078063964844, 0.5261013507843018, -0.02936403639614582], "Rt. Dactylion": [-0.3908258080482483, -0.015405524522066116, -0.3593405485153198], "Rt. Digit II": [-0.22749987244606018, -0.4005000591278076, -0.3163619935512543], "Rt. Femoral Lateral Epicn": [-0.28035059571266174, -0.0641547217965126, -0.058510955423116684], "Rt. Femoral Medial Epicn": [-0.18486173450946808, -0.12262386828660965, -0.028204767033457756], "Rt. Gonion": [0.11033736169338226, 0.6449061036109924, -0.005908687599003315], "Rt. Humeral Lateral Epicn": [-0.20989097654819489, 0.3607884645462036, -0.21624673902988434], "Rt. Humeral Medial Epicn": [-0.15640762448310852, 0.29934337735176086, -0.25651925802230835], "Rt. Iliocristale": [-0.038436248898506165, 0.2573694884777069, -0.2178998440504074], "Rt. Infraorbitale": [0.1490948647260666, 0.6550889611244202, 0.0754314437508583], "Rt. Knee Crease": [-0.24318811297416687, -0.05121913179755211, -0.09099549800157547], "Rt. Lateral Malleolus": [-0.18041367828845978, -0.22051329910755157, -0.3886205852031708], "Rt. Medial Malleolus": [-0.1283901035785675, -0.24922733008861542, -0.3486836850643158], "Rt. Metacarpal Phal. II": [-0.37429800629615784, 0.06153320521116257, -0.30559587478637695], "Rt. Metacarpal Phal. V": [-0.3666827380657196, 0.08719688653945923, -0.3703617453575134], "Rt. Metatarsal Phal. I": [-0.1840132176876068, -0.3827255964279175, -0.315888375043869], "Rt. Metatarsal Phal. V": [-0.2097189873456955, -0.36026549339294434, -0.3889482915401459], "Rt. Olecranon": [-0.18468701839447021, 0.3468282222747803, -0.26106134057044983], "Rt. PSIS": [0.11465049535036087, 0.20524543523788452, -0.3796060085296631], "Rt. Radial Styloid": [-0.31528064608573914, 0.13511456549167633, -0.27176061272621155], "Rt. Radiale": [-0.21462300419807434, 0.3436669707298279, -0.23147748410701752], "Rt. Sphyrion": [-0.12612082064151764, -0.2632578909397125, -0.36793142557144165], "Rt. Thelion/Bustpoint": [0.02690242789685726, 0.36146703362464905, -0.018043948337435722], "Rt. Tragion": [0.10384394228458405, 0.7003974318504333, 0.0036277063190937042], "Rt. Trochanterion": [-0.08069029450416565, 0.17346139252185822, -0.2384301722049713], "Rt. Ulnar Styloid": [-0.34232932329177856, 0.16622330248355865, -0.3273750841617584], "Sellion": [0.1826559156179428, 0.681516706943512, 0.09992880374193192], "Substernale": [0.128249853849411, 0.2596946358680725, 0.0029320053290575743], "Supramenton": [0.18001344799995422, 0.5655727386474609, 0.06084545701742172], "Suprasternale": [0.1733604222536087, 0.5027193427085876, -0.014810705557465553], "Waist, Preferred, Post.": [0.16688525676727295, 0.1907648742198944, -0.37021952867507935]}