{"10th Rib Midspine": [0.03427603840827942, 0.14152269065380096, -0.1739380955696106], "Cervicale": [0.045499518513679504, 0.47215795516967773, -0.15412117540836334], "Lt. 10th Rib": [0.1783958077430725, 0.10320056229829788, 0.02817814238369465], "Lt. ASIS": [0.20680680871009827, 0.003447579452767968, 0.029477111995220184], "Lt. Acromion": [0.20566558837890625, 0.4461371600627899, -0.023332607001066208], "Lt. Axilla, Ant.": [0.18229682743549347, 0.31433141231536865, -0.005422825925052166], "Lt. Axilla, Post.": [0.19206488132476807, 0.3083369731903076, 0.008455948904156685], "Lt. Calcaneous, Post.": [0.11087804287672043, -0.8837634921073914, -0.21169400215148926], "Lt. Clavicale": [0.0627339631319046, 0.4049423933029175, -0.022274199873209], "Lt. Dactylion": [0.20944471657276154, 0.736312985420227, 0.0922636091709137], "Lt. Digit II": [0.15072232484817505, -0.9112358689308167, 0.03200625628232956], "Lt. Femoral Lateral Epicn": [0.1954648196697235, -0.48161500692367554, -0.11462011933326721], "Lt. Femoral Medial Epicn": [0.07715120166540146, -0.47796496748924255, -0.13766852021217346], "Lt. Gonion": [0.09887388348579407, 0.5334737300872803, -0.05283831059932709], "Lt. Humeral Lateral Epicn": [0.16807547211647034, 0.3444882333278656, 0.17894569039344788], "Lt. Humeral Medial Epicn": [0.08454430848360062, 0.3361580967903137, 0.19059211015701294], "Lt. Iliocristale": [0.2224484533071518, 0.07298462092876434, -0.020570730790495872], "Lt. Infraorbitale": [0.06964784115552902, 0.5702502727508545, 0.015874966979026794], "Lt. Knee Crease": [0.13534927368164062, -0.46793290972709656, -0.1677560657262802], "Lt. Lateral Malleolus": [0.15680904686450958, -0.8371397852897644, -0.15684232115745544], "Lt. Medial Malleolus": [0.08683410286903381, -0.8362488150596619, -0.13861913979053497], "Lt. Metacarpal Phal. II": [0.17777153849601746, 0.6493724584579468, 0.0893959179520607], "Lt. Metacarpal Phal. V": [0.16440872848033905, 0.6659324765205383, 0.15294218063354492], "Lt. Metatarsal Phal. I": [0.1180122047662735, -0.9017883539199829, 0.014879053458571434], "Lt. Metatarsal Phal. V": [0.1867016702890396, -0.9029314517974854, -0.014474065974354744], "Lt. Olecranon": [0.11824092268943787, 0.33066505193710327, 0.21058659255504608], "Lt. PSIS": [0.09527602791786194, -0.004962538834661245, -0.19373178482055664], "Lt. Radial Styloid": [0.1266118437051773, 0.5599956512451172, 0.12051866203546524], "Lt. Radiale": [0.15921060740947723, 0.35684967041015625, 0.19305402040481567], "Lt. Sphyrion": [0.08729411661624908, -0.8595449328422546, -0.13255038857460022], "Lt. Thelion/Bustpoint": [0.15622442960739136, 0.24124546349048615, 0.08518639206886292], "Lt. Tragion": [0.10523469746112823, 0.577034056186676, -0.06293146312236786], "Lt. Trochanterion": [0.2270820140838623, -0.08872438222169876, -0.04167569801211357], "Lt. Ulnar Styloid": [0.14300787448883057, 0.575774073600769, 0.17051172256469727], "Nuchale": [0.04842125624418259, 0.5598856806755066, -0.16134366393089294], "Rt. 10th Rib": [-0.08407288789749146, 0.1079668328166008, 0.055606208741664886], "Rt. ASIS": [-0.11693163961172104, 0.0021726475097239017, 0.06140245869755745], "Rt. Acromion": [-0.11783825606107712, 0.4428703188896179, -0.021828534081578255], "Rt. Axilla, Ant.": [-0.09327775985002518, 0.30807965993881226, 0.0008431030437350273], "Rt. Axilla, Post.": [-0.1121971532702446, 0.3005591332912445, 0.014477014541625977], "Rt. Calcaneous, Post.": [-0.12699434161186218, -0.8828195929527283, -0.20719027519226074], "Rt. Clavicale": [0.0240735225379467, 0.4078529179096222, -0.020218174904584885], "Rt. Dactylion": [-0.11098124831914902, 0.7542258501052856, 0.16184447705745697], "Rt. Digit II": [-0.17492073774337769, -0.9095750451087952, 0.040338288992643356], "Rt. Femoral Lateral Epicn": [-0.17513412237167358, -0.46995800733566284, -0.10593685507774353], "Rt. Femoral Medial Epicn": [-0.054150938987731934, -0.48036736249923706, -0.11444082856178284], "Rt. Gonion": [-0.01970936544239521, 0.527373194694519, -0.06444468349218369], "Rt. Humeral Lateral Epicn": [-0.09560833126306534, 0.3327344059944153, 0.18560761213302612], "Rt. Humeral Medial Epicn": [-0.008736032992601395, 0.339743971824646, 0.18527230620384216], "Rt. Iliocristale": [-0.1518559604883194, 0.0663047507405281, -0.004472056403756142], "Rt. Infraorbitale": [-0.0008379516657441854, 0.5637917518615723, 0.011606711894273758], "Rt. Knee Crease": [-0.11253035068511963, -0.4672715961933136, -0.1487937867641449], "Rt. Lateral Malleolus": [-0.17481397092342377, -0.8323107361793518, -0.15260711312294006], "Rt. Medial Malleolus": [-0.10686874389648438, -0.8378726840019226, -0.12899363040924072], "Rt. Metacarpal Phal. II": [-0.11959581822156906, 0.6598471403121948, 0.1325313299894333], "Rt. Metacarpal Phal. V": [-0.09625360369682312, 0.65812087059021, 0.20339421927928925], "Rt. Metatarsal Phal. I": [-0.14036263525485992, -0.9010967016220093, 0.02536497265100479], "Rt. Metatarsal Phal. V": [-0.20679433643817902, -0.8971680998802185, -0.017011389136314392], "Rt. Olecranon": [-0.05039404332637787, 0.32693517208099365, 0.2157207876443863], "Rt. PSIS": [-0.031019767746329308, -0.0001633070787647739, -0.1898912787437439], "Rt. Radial Styloid": [-0.08055290579795837, 0.5706388354301453, 0.13048861920833588], "Rt. Radiale": [-0.08644410967826843, 0.34393298625946045, 0.20005856454372406], "Rt. Sphyrion": [-0.10830964148044586, -0.8585871458053589, -0.1256990134716034], "Rt. Thelion/Bustpoint": [-0.06616667658090591, 0.23839935660362244, 0.07638998329639435], "Rt. Tragion": [-0.033283185213804245, 0.5781417489051819, -0.07380416244268417], "Rt. Trochanterion": [-0.16844992339611053, -0.08779405057430267, -0.03160683438181877], "Rt. Ulnar Styloid": [-0.08782002329826355, 0.5733819603919983, 0.19232715666294098], "Sellion": [0.026228543370962143, 0.5896949172019958, 0.021732760593295097], "Substernale": [0.04686092212796211, 0.19464334845542908, 0.08955790847539902], "Supramenton": [0.03301357105374336, 0.5010498762130737, 0.014457360841333866], "Suprasternale": [0.03629029169678688, 0.3850570619106293, 0.0050987014546990395], "Waist, Preferred, Post.": [0.031611550599336624, -0.004438695032149553, -0.19562573730945587]}