{"10th Rib Midspine": [0.20579347014427185, 0.22348126769065857, -0.17265735566616058], "Cervicale": [0.20504018664360046, 0.6084114909172058, -0.1555435210466385], "Lt. 10th Rib": [0.3257233202457428, 0.1754726618528366, 0.018117373809218407], "Lt. ASIS": [0.31244292855262756, 0.05540201812982559, -0.0024451245553791523], "Lt. Acromion": [0.3701417148113251, 0.6336989998817444, -0.15553665161132812], "Lt. Axilla, Ant.": [0.3964861035346985, 0.5622824430465698, -0.06890272349119186], "Lt. Axilla, Post.": [0.49619171023368835, 0.5467479228973389, -0.11376693844795227], "Lt. Calcaneous, Post.": [0.11923475563526154, -0.8755738735198975, -0.3089456260204315], "Lt. Clavicale": [0.2389674335718155, 0.5386698246002197, -0.01574449986219406], "Lt. Dactylion": [0.286673903465271, 1.0670690536499023, -0.04251743480563164], "Lt. Digit II": [0.13297106325626373, -0.90400230884552, -0.0431596077978611], "Lt. Femoral Lateral Epicn": [0.2605834901332855, -0.4568727910518646, -0.2015935629606247], "Lt. Femoral Medial Epicn": [0.16307015717029572, -0.4377945065498352, -0.23305228352546692], "Lt. Gonion": [0.2787243723869324, 0.6836565732955933, -0.05796240270137787], "Lt. Humeral Lateral Epicn": [0.5775834321975708, 0.7579251527786255, -0.11916908621788025], "Lt. Humeral Medial Epicn": [0.6175990700721741, 0.7527502179145813, -0.035356201231479645], "Lt. Iliocristale": [0.3566668629646301, 0.14386402070522308, -0.030821701511740685], "Lt. Infraorbitale": [0.24730999767780304, 0.7221660017967224, 0.019621631130576134], "Lt. Knee Crease": [0.21834179759025574, -0.42537805438041687, -0.25343644618988037], "Lt. Lateral Malleolus": [0.16109243035316467, -0.838845431804657, -0.24512121081352234], "Lt. Medial Malleolus": [0.08942193537950516, -0.8264069557189941, -0.23011000454425812], "Lt. Metacarpal Phal. II": [0.36903008818626404, 1.0285146236419678, -0.08023591339588165], "Lt. Metacarpal Phal. V": [0.3852077126502991, 1.0243698358535767, -0.008181069977581501], "Lt. Metatarsal Phal. I": [0.11860629916191101, -0.8997042775154114, -0.07195015251636505], "Lt. Metatarsal Phal. V": [0.18648681044578552, -0.8985602855682373, -0.1424829065799713], "Lt. Olecranon": [0.6304389834403992, 0.7604387402534485, -0.07351814210414886], "Lt. PSIS": [0.24904245138168335, 0.058082740753889084, -0.19639045000076294], "Lt. Radial Styloid": [0.43904054164886475, 0.9369274973869324, -0.04954560101032257], "Lt. Radiale": [0.5866115093231201, 0.7779862284660339, -0.10936812311410904], "Lt. Sphyrion": [0.08989670127630234, -0.8512999415397644, -0.22929692268371582], "Lt. Thelion/Bustpoint": [0.32055023312568665, 0.37050408124923706, 0.04457962140440941], "Lt. Tragion": [0.283309668302536, 0.7334287166595459, -0.06301172077655792], "Lt. Trochanterion": [0.35153844952583313, -0.051581256091594696, -0.06188550963997841], "Lt. Ulnar Styloid": [0.47211670875549316, 0.97286057472229, -0.03372660279273987], "Nuchale": [0.201662078499794, 0.7228346467018127, -0.15890376269817352], "Rt. 10th Rib": [0.087482750415802, 0.18217331171035767, 0.018080558627843857], "Rt. ASIS": [0.04907342791557312, 0.07112887501716614, -0.012937376275658607], "Rt. Acromion": [0.04734406992793083, 0.637228786945343, -0.16369985044002533], "Rt. Axilla, Ant.": [0.026430876925587654, 0.5518625378608704, -0.0753408893942833], "Rt. Axilla, Post.": [-0.07740729302167892, 0.554183304309845, -0.11397730559110641], "Rt. Calcaneous, Post.": [0.16332995891571045, -0.3052223026752472, -0.14121127128601074], "Rt. Clavicale": [0.17066282033920288, 0.5389590859413147, -0.016414394602179527], "Rt. Dactylion": [0.16006410121917725, 1.0714360475540161, -0.02328738383948803], "Rt. Digit II": [0.1296735554933548, -0.5499953627586365, -0.238312229514122], "Rt. Femoral Lateral Epicn": [-0.2583526372909546, -0.22990265488624573, -0.05400628596544266], "Rt. Femoral Medial Epicn": [-0.19512523710727692, -0.26781198382377625, 0.037000998854637146], "Rt. Gonion": [0.13396774232387543, 0.6701090335845947, -0.057399649173021317], "Rt. Humeral Lateral Epicn": [-0.13592395186424255, 0.7767729759216309, -0.11230587959289551], "Rt. Humeral Medial Epicn": [-0.14667187631130219, 0.7683483958244324, -0.019813114777207375], "Rt. Iliocristale": [0.024016017094254494, 0.1393885463476181, -0.047539811581373215], "Rt. Infraorbitale": [0.16821183264255524, 0.710726797580719, 0.02132449671626091], "Rt. Knee Crease": [-0.2273726910352707, -0.21868017315864563, -0.06896893680095673], "Rt. Lateral Malleolus": [0.09444258362054825, -0.3495432734489441, -0.17400406301021576], "Rt. Medial Malleolus": [0.10497584193944931, -0.38598769903182983, -0.11050388962030411], "Rt. Metacarpal Phal. II": [0.08131374418735504, 1.0340781211853027, -0.06938673555850983], "Rt. Metacarpal Phal. V": [0.058027785271406174, 1.0258209705352783, 0.013250816613435745], "Rt. Metatarsal Phal. I": [0.13084551692008972, -0.5386118292808533, -0.1980123668909073], "Rt. Metatarsal Phal. V": [0.13046704232692719, -0.4797143340110779, -0.2572042942047119], "Rt. Olecranon": [-0.18254342675209045, 0.7825832366943359, -0.06527739018201828], "Rt. PSIS": [0.1432725191116333, 0.062433477491140366, -0.21214309334754944], "Rt. Radial Styloid": [0.019588513299822807, 0.9593830704689026, -0.07463710755109787], "Rt. Radiale": [-0.147356316447258, 0.7941400408744812, -0.09815417230129242], "Rt. Sphyrion": [0.12706400454044342, -0.3920389413833618, -0.1227751299738884], "Rt. Thelion/Bustpoint": [0.08255842328071594, 0.36321043968200684, 0.03454560041427612], "Rt. Tragion": [0.12612761557102203, 0.720925509929657, -0.06772785633802414], "Rt. Trochanterion": [-0.019837336614727974, 0.0053408038802444935, -0.10684675723314285], "Rt. Ulnar Styloid": [-0.02036832645535469, 0.9920896291732788, -0.03015342354774475], "Sellion": [0.20228423178195953, 0.745704710483551, 0.03754632547497749], "Substernale": [0.19513340294361115, 0.27343037724494934, 0.06576421856880188], "Supramenton": [0.2067003697156906, 0.6434343457221985, 0.03233823552727699], "Suprasternale": [0.20244106650352478, 0.5170400142669678, -0.0014911177568137646], "Waist, Preferred, Post.": [0.1974148452281952, 0.05937783047556877, -0.20500200986862183]}