{"10th Rib Midspine": [0.02989075891673565, 0.24095191061496735, -0.2629643976688385], "Cervicale": [0.03742450103163719, 0.620613694190979, -0.24978779256343842], "Lt. 10th Rib": [0.15589240193367004, 0.1909426897764206, -0.08697225898504257], "Lt. ASIS": [0.15275850892066956, 0.08168607950210571, -0.09755899757146835], "Lt. Acromion": [0.24544665217399597, 0.5701904296875, -0.09054072201251984], "Lt. Axilla, Ant.": [0.17325937747955322, 0.48247694969177246, -0.09189809858798981], "Lt. Axilla, Post.": [0.2369646281003952, 0.4054014980792999, -0.06600608676671982], "Lt. Calcaneous, Post.": [0.16267289221286774, -0.8774431943893433, -0.3209460377693176], "Lt. Clavicale": [0.06176648661494255, 0.5379398465156555, -0.101762555539608], "Lt. Dactylion": [0.044016849249601364, 0.5594817399978638, 0.5618669390678406], "Lt. Digit II": [0.21318142116069794, -0.9058946371078491, -0.07614841312170029], "Lt. Femoral Lateral Epicn": [0.20138630270957947, -0.43400365114212036, -0.2684943974018097], "Lt. Femoral Medial Epicn": [0.09616497904062271, -0.44095781445503235, -0.27658551931381226], "Lt. Gonion": [0.11509867757558823, 0.697632372379303, -0.16993366181850433], "Lt. Humeral Lateral Epicn": [0.20762121677398682, 0.49677690863609314, 0.16057910025119781], "Lt. Humeral Medial Epicn": [0.1604391485452652, 0.422374427318573, 0.1590195596218109], "Lt. Iliocristale": [0.1891474574804306, 0.16269509494304657, -0.1334286481142044], "Lt. Infraorbitale": [0.08711999654769897, 0.7406213283538818, -0.09398824721574783], "Lt. Knee Crease": [0.14871551096439362, -0.4197489023208618, -0.3164060711860657], "Lt. Lateral Malleolus": [0.20968009531497955, -0.8303623199462891, -0.26518040895462036], "Lt. Medial Malleolus": [0.1382964551448822, -0.8337569832801819, -0.24170853197574615], "Lt. Metacarpal Phal. II": [0.06131177768111229, 0.5567335486412048, 0.46894463896751404], "Lt. Metacarpal Phal. V": [0.05284745618700981, 0.4921358823776245, 0.4833329916000366], "Lt. Metatarsal Phal. I": [0.18777795135974884, -0.8981821537017822, -0.08627361804246902], "Lt. Metatarsal Phal. V": [0.23035767674446106, -0.8886721134185791, -0.13369345664978027], "Lt. Olecranon": [0.19204893708229065, 0.4404950439929962, 0.16409564018249512], "Lt. PSIS": [0.07246304303407669, 0.07140777260065079, -0.2934485971927643], "Lt. Radial Styloid": [0.05322489142417908, 0.5123316645622253, 0.3664048910140991], "Lt. Radiale": [0.19159257411956787, 0.4918556213378906, 0.18096014857292175], "Lt. Sphyrion": [0.14462442696094513, -0.8549667000770569, -0.23955297470092773], "Lt. Thelion/Bustpoint": [0.13225583732128143, 0.3545443117618561, -0.03756539896130562], "Lt. Tragion": [0.1225963830947876, 0.7488892674446106, -0.17942577600479126], "Lt. Trochanterion": [0.19570297002792358, -0.022370414808392525, -0.1607992947101593], "Lt. Ulnar Styloid": [0.07876823097467422, 0.47702857851982117, 0.3960969150066376], "Nuchale": [0.041080292314291, 0.7351858615875244, -0.27211326360702515], "Rt. 10th Rib": [-0.08747516572475433, 0.2008112519979477, -0.0743379294872284], "Rt. ASIS": [-0.11758536100387573, 0.08338019996881485, -0.08858495205640793], "Rt. Acromion": [-0.17348504066467285, 0.5735108852386475, -0.08124496787786484], "Rt. Axilla, Ant.": [-0.10907746851444244, 0.48502135276794434, -0.06780935078859329], "Rt. Axilla, Post.": [-0.18011526763439178, 0.41234761476516724, -0.05337115377187729], "Rt. Calcaneous, Post.": [-0.19593392312526703, -0.877421498298645, -0.30856162309646606], "Rt. Clavicale": [0.009151548147201538, 0.5417132377624512, -0.10111401975154877], "Rt. Dactylion": [0.04199611395597458, 0.5531297326087952, 0.568239152431488], "Rt. Digit II": [-0.24166008830070496, -0.905271053314209, -0.04767376556992531], "Rt. Femoral Lateral Epicn": [-0.2074999064207077, -0.42611607909202576, -0.2382882982492447], "Rt. Femoral Medial Epicn": [-0.10325419902801514, -0.4412514865398407, -0.24942724406719208], "Rt. Gonion": [-0.02863898128271103, 0.6939476728439331, -0.16563571989536285], "Rt. Humeral Lateral Epicn": [-0.14368560910224915, 0.5095221400260925, 0.17072255909442902], "Rt. Humeral Medial Epicn": [-0.08503375947475433, 0.43029218912124634, 0.1683037132024765], "Rt. Iliocristale": [-0.14961665868759155, 0.1510830968618393, -0.1351209580898285], "Rt. Infraorbitale": [0.009037046693265438, 0.7368138432502747, -0.09145764261484146], "Rt. Knee Crease": [-0.15607470273971558, -0.42107078433036804, -0.2836397886276245], "Rt. Lateral Malleolus": [-0.23237475752830505, -0.8252832293510437, -0.24427075684070587], "Rt. Medial Malleolus": [-0.16190887987613678, -0.8311194777488708, -0.22903071343898773], "Rt. Metacarpal Phal. II": [-0.0008376579498872161, 0.5522746443748474, 0.4801408350467682], "Rt. Metacarpal Phal. V": [0.007501579821109772, 0.4863385558128357, 0.49082159996032715], "Rt. Metatarsal Phal. I": [-0.2065294235944748, -0.8950103521347046, -0.05804382264614105], "Rt. Metatarsal Phal. V": [-0.2722871005535126, -0.8925944566726685, -0.11001703143119812], "Rt. Olecranon": [-0.13846878707408905, 0.45846322178840637, 0.17533324658870697], "Rt. PSIS": [-0.028293514624238014, 0.07744529843330383, -0.29438334703445435], "Rt. Radial Styloid": [-0.003005815902724862, 0.5305429697036743, 0.3852376639842987], "Rt. Radiale": [-0.12889263033866882, 0.501298725605011, 0.18681848049163818], "Rt. Sphyrion": [-0.1670031100511551, -0.8523184657096863, -0.223056361079216], "Rt. Thelion/Bustpoint": [-0.0768452137708664, 0.3525749444961548, -0.037203483283519745], "Rt. Tragion": [-0.0333520844578743, 0.7455552816390991, -0.17998509109020233], "Rt. Trochanterion": [-0.17564351856708527, -0.007935776375234127, -0.16406972706317902], "Rt. Ulnar Styloid": [-0.03305741026997566, 0.48457154631614685, 0.41103217005729675], "Sellion": [0.04563035070896149, 0.7688697576522827, -0.07757649570703506], "Substernale": [0.022399025037884712, 0.28424811363220215, -0.04015924781560898], "Supramenton": [0.044314950704574585, 0.670138955116272, -0.07791029661893845], "Suprasternale": [0.030999399721622467, 0.5258194804191589, -0.09035197645425797], "Waist, Preferred, Post.": [0.020061824470758438, 0.07461448758840561, -0.2951827645301819]}