{"10th Rib Midspine": [-0.02046372927725315, 0.3460003733634949, -0.300968736410141], "Cervicale": [-0.028074143454432487, 0.7217551469802856, -0.22460675239562988], "Lt. 10th Rib": [0.13569293916225433, 0.28133952617645264, -0.11278458684682846], "Lt. ASIS": [0.14297127723693848, 0.18454940617084503, -0.1247435137629509], "Lt. Acromion": [0.22885219752788544, 0.6302895545959473, -0.1580633819103241], "Lt. Axilla, Ant.": [0.21012677252292633, 0.5517066717147827, -0.1309323012828827], "Lt. Axilla, Post.": [0.20127084851264954, 0.5038242936134338, -0.24294060468673706], "Lt. Calcaneous, Post.": [0.13296879827976227, -0.79780113697052, -0.4054781496524811], "Lt. Clavicale": [0.02547946572303772, 0.6170323491096497, -0.09150190651416779], "Lt. Dactylion": [0.5892943143844604, 0.010709838941693306, -0.23976147174835205], "Lt. Digit II": [0.19740033149719238, -0.8321617841720581, -0.16472527384757996], "Lt. Femoral Lateral Epicn": [0.1664891541004181, -0.3420529365539551, -0.30704885721206665], "Lt. Femoral Medial Epicn": [0.054801300168037415, -0.34810975193977356, -0.3086107671260834], "Lt. Gonion": [0.012683124281466007, 0.7897318005561829, -0.08939103782176971], "Lt. Humeral Lateral Epicn": [0.37922656536102295, 0.40400993824005127, -0.2249148041009903], "Lt. Humeral Medial Epicn": [0.32496556639671326, 0.3559231460094452, -0.22452802956104279], "Lt. Iliocristale": [0.16801205277442932, 0.25624170899391174, -0.16195479035377502], "Lt. Infraorbitale": [-0.032766953110694885, 0.7861769795417786, -0.012014658190310001], "Lt. Knee Crease": [0.10698370635509491, -0.32689568400382996, -0.3502092659473419], "Lt. Lateral Malleolus": [0.18121257424354553, -0.7505928874015808, -0.35160183906555176], "Lt. Medial Malleolus": [0.11398682743310928, -0.7545362114906311, -0.32608291506767273], "Lt. Metacarpal Phal. II": [0.5574579834938049, 0.10460452735424042, -0.19862399995326996], "Lt. Metacarpal Phal. V": [0.5385006070137024, 0.11004900932312012, -0.26473382115364075], "Lt. Metatarsal Phal. I": [0.17394012212753296, -0.826628565788269, -0.1758851557970047], "Lt. Metatarsal Phal. V": [0.24237360060214996, -0.8240910768508911, -0.22337426245212555], "Lt. Olecranon": [0.34224802255630493, 0.37528255581855774, -0.24317538738250732], "Lt. PSIS": [0.04515112563967705, 0.16871801018714905, -0.31434956192970276], "Lt. Radial Styloid": [0.48968151211738586, 0.1856163740158081, -0.1955617070198059], "Lt. Radiale": [0.3853314220905304, 0.382276713848114, -0.23033443093299866], "Lt. Sphyrion": [0.11908650398254395, -0.7774474024772644, -0.32303258776664734], "Lt. Thelion/Bustpoint": [0.13729241490364075, 0.42279675602912903, -0.05083499848842621], "Lt. Tragion": [-0.0016206405125558376, 0.835050106048584, -0.08179920166730881], "Lt. Trochanterion": [0.18386538326740265, 0.07299495488405228, -0.18058176338672638], "Lt. Ulnar Styloid": [0.5050017237663269, 0.19247359037399292, -0.2497902363538742], "Nuchale": [-0.06338655948638916, 0.8197321891784668, -0.18006817996501923], "Rt. 10th Rib": [-0.1384444385766983, 0.28734228014945984, -0.0871524065732956], "Rt. ASIS": [-0.1545332372188568, 0.1713576763868332, -0.1011735051870346], "Rt. Acromion": [-0.2417883276939392, 0.6355429887771606, -0.14567989110946655], "Rt. Axilla, Ant.": [-0.21053533256053925, 0.5597579479217529, -0.12304528802633286], "Rt. Axilla, Post.": [-0.2171216458082199, 0.5176040530204773, -0.2525031566619873], "Rt. Calcaneous, Post.": [-0.17749448120594025, -0.795847475528717, -0.41061049699783325], "Rt. Clavicale": [-0.05136151984333992, 0.6095646023750305, -0.08659925311803818], "Rt. Dactylion": [-0.5900706648826599, 0.042429935187101364, -0.32702189683914185], "Rt. Digit II": [-0.22637152671813965, -0.8337182998657227, -0.1548803746700287], "Rt. Femoral Lateral Epicn": [-0.19916372001171112, -0.3385956287384033, -0.31462302803993225], "Rt. Femoral Medial Epicn": [-0.08984475582838058, -0.34811535477638245, -0.3238987326622009], "Rt. Gonion": [-0.11048796772956848, 0.7179449796676636, -0.11216607689857483], "Rt. Humeral Lateral Epicn": [-0.3713948428630829, 0.4098752439022064, -0.2296523153781891], "Rt. Humeral Medial Epicn": [-0.31564226746559143, 0.3485976457595825, -0.2297818660736084], "Rt. Iliocristale": [-0.19673414528369904, 0.2377641201019287, -0.15176653861999512], "Rt. Infraorbitale": [-0.0957925096154213, 0.7453274726867676, -0.024805163964629173], "Rt. Knee Crease": [-0.14297759532928467, -0.32407039403915405, -0.35898980498313904], "Rt. Lateral Malleolus": [-0.2212219387292862, -0.7461363673210144, -0.3497050106525421], "Rt. Medial Malleolus": [-0.15046252310276031, -0.7523696422576904, -0.3271940350532532], "Rt. Metacarpal Phal. II": [-0.5657598376274109, 0.11310405284166336, -0.27173173427581787], "Rt. Metacarpal Phal. V": [-0.5261728167533875, 0.12526759505271912, -0.32155194878578186], "Rt. Metatarsal Phal. I": [-0.19808581471443176, -0.8268194794654846, -0.1634790301322937], "Rt. Metatarsal Phal. V": [-0.2653483748435974, -0.8235620856285095, -0.21428470313549042], "Rt. Olecranon": [-0.33929091691970825, 0.3834017515182495, -0.2540733516216278], "Rt. PSIS": [-0.06987696141004562, 0.16660788655281067, -0.30791985988616943], "Rt. Radial Styloid": [-0.5001897811889648, 0.1809561848640442, -0.2351309359073639], "Rt. Radiale": [-0.375078022480011, 0.3899554908275604, -0.23968684673309326], "Rt. Sphyrion": [-0.15602941811084747, -0.7760095000267029, -0.3230765461921692], "Rt. Thelion/Bustpoint": [-0.14638711512088776, 0.42475804686546326, -0.04576577618718147], "Rt. Tragion": [-0.1384238749742508, 0.7599097490310669, -0.11206510663032532], "Rt. Trochanterion": [-0.2132198065519333, 0.0701470822095871, -0.17082808911800385], "Rt. Ulnar Styloid": [-0.4889915883541107, 0.19210346043109894, -0.30008262395858765], "Sellion": [-0.08060776442289352, 0.7813943028450012, 0.003067802870646119], "Substernale": [-0.0003499147715047002, 0.3619883358478546, -0.023216210305690765], "Supramenton": [-0.032197121530771255, 0.7015563249588013, -0.02881065383553505], "Suprasternale": [-0.012946955859661102, 0.5880014896392822, -0.07611452788114548], "Waist, Preferred, Post.": [-0.01421656459569931, 0.16483229398727417, -0.3126978874206543]}