{"10th Rib Midspine": [-0.009848655201494694, 0.34275874495506287, -0.22306551039218903], "Cervicale": [0.004054008051753044, 0.7189534902572632, -0.14591196179389954], "Lt. 10th Rib": [0.14046746492385864, 0.28233790397644043, -0.03300410509109497], "Lt. ASIS": [0.15357889235019684, 0.17457732558250427, -0.05019428953528404], "Lt. Acromion": [0.22674548625946045, 0.6576421856880188, -0.09023202210664749], "Lt. Axilla, Ant.": [0.21333199739456177, 0.5579951405525208, -0.08899400383234024], "Lt. Axilla, Post.": [0.22229993343353271, 0.5562257170677185, -0.20135341584682465], "Lt. Calcaneous, Post.": [0.13862057030200958, -0.8054056167602539, -0.31919339299201965], "Lt. Clavicale": [0.04064455255866051, 0.6118066906929016, -0.0036390151362866163], "Lt. Dactylion": [0.3609030544757843, 0.010564840398728848, -0.20699883997440338], "Lt. Digit II": [0.20634716749191284, -0.8480532765388489, -0.0626450777053833], "Lt. Femoral Lateral Epicn": [0.17875336110591888, -0.348636656999588, -0.23269827663898468], "Lt. Femoral Medial Epicn": [0.06848341226577759, -0.35730183124542236, -0.23311743140220642], "Lt. Gonion": [0.07206065952777863, 0.7621550559997559, -0.01473221741616726], "Lt. Humeral Lateral Epicn": [0.38448846340179443, 0.4502217471599579, -0.18219241499900818], "Lt. Humeral Medial Epicn": [0.37524956464767456, 0.4350660443305969, -0.2536979019641876], "Lt. Iliocristale": [0.17437171936035156, 0.2544582188129425, -0.08405452221632004], "Lt. Infraorbitale": [0.04236671328544617, 0.7937172651290894, 0.05999664217233658], "Lt. Knee Crease": [0.11804919689893723, -0.3354727625846863, -0.27582916617393494], "Lt. Lateral Malleolus": [0.1934129148721695, -0.7601367235183716, -0.26967236399650574], "Lt. Medial Malleolus": [0.12770184874534607, -0.7601176500320435, -0.2408994436264038], "Lt. Metacarpal Phal. II": [0.34995490312576294, 0.10681606829166412, -0.17920590937137604], "Lt. Metacarpal Phal. V": [0.411521852016449, 0.10758750885725021, -0.20381124317646027], "Lt. Metatarsal Phal. I": [0.18929748237133026, -0.8326410055160522, -0.09454553574323654], "Lt. Metatarsal Phal. V": [0.2565746605396271, -0.8275125622749329, -0.15223877131938934], "Lt. Olecranon": [0.4003383219242096, 0.4484928846359253, -0.23586596548557281], "Lt. PSIS": [0.05581698194146156, 0.16941507160663605, -0.24281726777553558], "Lt. Radial Styloid": [0.3645873963832855, 0.21448364853858948, -0.1911081075668335], "Lt. Radiale": [0.39438140392303467, 0.4330027997493744, -0.18902508914470673], "Lt. Sphyrion": [0.13257119059562683, -0.7850757837295532, -0.23909522593021393], "Lt. Thelion/Bustpoint": [0.14452151954174042, 0.425446093082428, 0.029818648472428322], "Lt. Tragion": [0.08365191519260406, 0.8125465512275696, -0.012011999264359474], "Lt. Trochanterion": [0.19757488369941711, 0.06536932289600372, -0.10929851233959198], "Lt. Ulnar Styloid": [0.41938546299934387, 0.20169809460639954, -0.17995023727416992], "Nuchale": [0.013568737544119358, 0.8159816265106201, -0.11020921170711517], "Rt. 10th Rib": [-0.1309778094291687, 0.28499817848205566, -0.0104262325912714], "Rt. ASIS": [-0.14541082084178925, 0.15922553837299347, -0.03356379643082619], "Rt. Acromion": [-0.21292617917060852, 0.6786195039749146, -0.06516481190919876], "Rt. Axilla, Ant.": [-0.1952906847000122, 0.5888762474060059, -0.05818644538521767], "Rt. Axilla, Post.": [-0.2244323194026947, 0.5786194801330566, -0.18266691267490387], "Rt. Calcaneous, Post.": [-0.1321578323841095, -0.7999782562255859, -0.36067092418670654], "Rt. Clavicale": [-0.03670644387602806, 0.6152674555778503, 0.0013282730942592025], "Rt. Dactylion": [-0.3760684132575989, 0.02956600859761238, -0.1517931967973709], "Rt. Digit II": [-0.23656849563121796, -0.8405019640922546, -0.12022954970598221], "Rt. Femoral Lateral Epicn": [-0.16730906069278717, -0.34300971031188965, -0.2653621733188629], "Rt. Femoral Medial Epicn": [-0.057196494191884995, -0.3521586060523987, -0.25643083453178406], "Rt. Gonion": [-0.06845293939113617, 0.7599788904190063, -0.024643275886774063], "Rt. Humeral Lateral Epicn": [-0.3760167956352234, 0.4773485064506531, -0.13589723408222198], "Rt. Humeral Medial Epicn": [-0.3578492999076843, 0.44208306074142456, -0.20898617804050446], "Rt. Iliocristale": [-0.18416202068328857, 0.23210015892982483, -0.0814196914434433], "Rt. Infraorbitale": [-0.036798443645238876, 0.7927960157394409, 0.060755882412195206], "Rt. Knee Crease": [-0.10339976847171783, -0.32834771275520325, -0.29893001914024353], "Rt. Lateral Malleolus": [-0.1867537796497345, -0.7516303062438965, -0.31105735898017883], "Rt. Medial Malleolus": [-0.12235017120838165, -0.7581806778907776, -0.27327802777290344], "Rt. Metacarpal Phal. II": [-0.3440072536468506, 0.12447896599769592, -0.12851755321025848], "Rt. Metacarpal Phal. V": [-0.413779616355896, 0.1315516233444214, -0.13793987035751343], "Rt. Metatarsal Phal. I": [-0.20050811767578125, -0.8231412172317505, -0.1337936669588089], "Rt. Metatarsal Phal. V": [-0.25721222162246704, -0.8245612978935242, -0.1880551427602768], "Rt. Olecranon": [-0.3955304026603699, 0.46992236375808716, -0.18291209638118744], "Rt. PSIS": [-0.05629637464880943, 0.16633184254169464, -0.2380014955997467], "Rt. Radial Styloid": [-0.3390723168849945, 0.22231566905975342, -0.13694915175437927], "Rt. Radiale": [-0.38762977719306946, 0.46091118454933167, -0.14315618574619293], "Rt. Sphyrion": [-0.12850235402584076, -0.7807265520095825, -0.2724495530128479], "Rt. Thelion/Bustpoint": [-0.14499838650226593, 0.43729108572006226, 0.036691971123218536], "Rt. Tragion": [-0.07642395049333572, 0.8133889436721802, -0.024797348305583], "Rt. Trochanterion": [-0.1979125440120697, 0.05995490401983261, -0.11101076006889343], "Rt. Ulnar Styloid": [-0.40606409311294556, 0.22287747263908386, -0.1211705133318901], "Sellion": [-0.0032478051725775003, 0.8159576654434204, 0.07880841195583344], "Substernale": [0.0004338377038948238, 0.3598126769065857, 0.055471934378147125], "Supramenton": [-0.002641652012243867, 0.7179964780807495, 0.056925658136606216], "Suprasternale": [-0.0010024195071309805, 0.5878172516822815, 0.01124314870685339], "Waist, Preferred, Post.": [0.0007320626173168421, 0.166283518075943, -0.24106404185295105]}