{"10th Rib Midspine": [0.0029637909028679132, 0.24577586352825165, -0.23287047445774078], "Cervicale": [-0.04487111046910286, 0.5811955332756042, -0.1769697219133377], "Lt. 10th Rib": [0.10877978801727295, 0.1855972558259964, -0.07826352119445801], "Lt. ASIS": [0.13169096410274506, 0.07831591367721558, -0.09719216078519821], "Lt. Acromion": [0.18422308564186096, 0.5060738921165466, -0.11288604885339737], "Lt. Axilla, Ant.": [0.15810498595237732, 0.4055697023868561, -0.10778287798166275], "Lt. Axilla, Post.": [0.16969336569309235, 0.40154603123664856, -0.2251509428024292], "Lt. Calcaneous, Post.": [0.13836678862571716, -0.8111468553543091, -0.3468092978000641], "Lt. Clavicale": [0.0029355883598327637, 0.4927147328853607, -0.08142219483852386], "Lt. Dactylion": [0.3465779423713684, -0.11869911104440689, -0.1890191286802292], "Lt. Digit II": [0.15646813809871674, -0.8429600596427917, -0.11974011361598969], "Lt. Femoral Lateral Epicn": [0.18387886881828308, -0.40480363368988037, -0.23717935383319855], "Lt. Femoral Medial Epicn": [0.07031608372926712, -0.40949174761772156, -0.2675473690032959], "Lt. Gonion": [-0.028308162465691566, 0.6627463102340698, -0.0754242017865181], "Lt. Humeral Lateral Epicn": [0.2731857895851135, 0.24927875399589539, -0.18646639585494995], "Lt. Humeral Medial Epicn": [0.2194410115480423, 0.23135393857955933, -0.23019978404045105], "Lt. Iliocristale": [0.14540515840053558, 0.15383371710777283, -0.1135672926902771], "Lt. Infraorbitale": [-0.05513586476445198, 0.6709500551223755, 0.005269658751785755], "Lt. Knee Crease": [0.12838199734687805, -0.39482325315475464, -0.29314327239990234], "Lt. Lateral Malleolus": [0.17502076923847198, -0.7690101265907288, -0.2936749756336212], "Lt. Medial Malleolus": [0.11232516169548035, -0.7717918753623962, -0.27928173542022705], "Lt. Metacarpal Phal. II": [0.35071539878845215, -0.04105832800269127, -0.16522087156772614], "Lt. Metacarpal Phal. V": [0.3346618711948395, -0.03769121319055557, -0.2213898003101349], "Lt. Metatarsal Phal. I": [0.1352526843547821, -0.8282479643821716, -0.1317530870437622], "Lt. Metatarsal Phal. V": [0.18527472019195557, -0.8273290991783142, -0.16732153296470642], "Lt. Olecranon": [0.2496579885482788, 0.2447526603937149, -0.22807593643665314], "Lt. PSIS": [0.0631079226732254, 0.09401164203882217, -0.3109905421733856], "Lt. Radial Styloid": [0.3128679692745209, 0.04522975906729698, -0.1762896329164505], "Lt. Radiale": [0.2766227126121521, 0.23290026187896729, -0.1978786289691925], "Lt. Sphyrion": [0.11377042531967163, -0.7924558520317078, -0.277994304895401], "Lt. Thelion/Bustpoint": [0.0997995138168335, 0.30689382553100586, -0.021796436980366707], "Lt. Tragion": [-0.06267917156219482, 0.6948409676551819, -0.07704649120569229], "Lt. Trochanterion": [0.18541763722896576, -0.00565081974491477, -0.167644664645195], "Lt. Ulnar Styloid": [0.334871768951416, 0.046265844255685806, -0.22005000710487366], "Nuchale": [-0.11079832911491394, 0.6149595379829407, -0.1459360271692276], "Rt. 10th Rib": [-0.10680952668190002, 0.17857785522937775, -0.06325782090425491], "Rt. ASIS": [-0.14254629611968994, 0.07528778165578842, -0.10167457908391953], "Rt. Acromion": [-0.230056494474411, 0.4458906352519989, -0.11063296347856522], "Rt. Axilla, Ant.": [-0.1798938661813736, 0.3659970760345459, -0.10389012098312378], "Rt. Axilla, Post.": [-0.19752584397792816, 0.3462952971458435, -0.21911947429180145], "Rt. Calcaneous, Post.": [-0.13212057948112488, -0.8083977103233337, -0.36709001660346985], "Rt. Clavicale": [-0.05190252512693405, 0.48133525252342224, -0.07622044533491135], "Rt. Dactylion": [-0.34327131509780884, -0.1863219290971756, -0.16235381364822388], "Rt. Digit II": [-0.1690017729997635, -0.8396040201187134, -0.14559054374694824], "Rt. Femoral Lateral Epicn": [-0.20164813101291656, -0.4035937786102295, -0.2795065939426422], "Rt. Femoral Medial Epicn": [-0.08619465678930283, -0.40835410356521606, -0.288948118686676], "Rt. Gonion": [-0.10244227945804596, 0.5599489808082581, -0.061830420047044754], "Rt. Humeral Lateral Epicn": [-0.29828327894210815, 0.18856191635131836, -0.17830832302570343], "Rt. Humeral Medial Epicn": [-0.22435413300991058, 0.16618207097053528, -0.1993388533592224], "Rt. Iliocristale": [-0.1725846827030182, 0.1418403536081314, -0.1291664093732834], "Rt. Infraorbitale": [-0.08476912975311279, 0.6062054634094238, 0.017528221011161804], "Rt. Knee Crease": [-0.14031563699245453, -0.39327216148376465, -0.3233550786972046], "Rt. Lateral Malleolus": [-0.18085776269435883, -0.7644760608673096, -0.3210562765598297], "Rt. Medial Malleolus": [-0.12208079546689987, -0.7608585953712463, -0.303505539894104], "Rt. Metacarpal Phal. II": [-0.34831416606903076, -0.11278141289949417, -0.13612821698188782], "Rt. Metacarpal Phal. V": [-0.34596988558769226, -0.10507504642009735, -0.19969800114631653], "Rt. Metatarsal Phal. I": [-0.14197807013988495, -0.8261433839797974, -0.15766192972660065], "Rt. Metatarsal Phal. V": [-0.2135796844959259, -0.8272309303283691, -0.19373245537281036], "Rt. Olecranon": [-0.26441219449043274, 0.17529238760471344, -0.2148360013961792], "Rt. PSIS": [-0.06413682550191879, 0.09520214796066284, -0.3210142254829407], "Rt. Radial Styloid": [-0.3235017657279968, -0.028221026062965393, -0.13686032593250275], "Rt. Radiale": [-0.29812419414520264, 0.16903534531593323, -0.19264651834964752], "Rt. Sphyrion": [-0.12088286131620407, -0.7824677228927612, -0.2988361120223999], "Rt. Thelion/Bustpoint": [-0.11036662012338638, 0.2858785390853882, -0.029613681137561798], "Rt. Tragion": [-0.14757226407527924, 0.5747947096824646, -0.05331382900476456], "Rt. Trochanterion": [-0.2148640751838684, -0.00639776885509491, -0.20210272073745728], "Rt. Ulnar Styloid": [-0.34865397214889526, -0.02780096046626568, -0.18683761358261108], "Sellion": [-0.09127306938171387, 0.6529807448387146, 0.029846573248505592], "Substernale": [-0.0035399352200329304, 0.24350616335868835, -0.03632182627916336], "Supramenton": [-0.01740037463605404, 0.6037465929985046, 0.010409417562186718], "Suprasternale": [-0.02172463946044445, 0.4596642851829529, -0.06640040129423141], "Waist, Preferred, Post.": [-0.0018959147855639458, 0.09512202441692352, -0.31585443019866943]}