{"10th Rib Midspine": [0.07618164271116257, 0.012940632179379463, -0.07603694498538971], "Cervicale": [0.08525387942790985, 0.3577190339565277, -0.07597651332616806], "Lt. 10th Rib": [0.17546755075454712, -0.021039463579654694, 0.07309436053037643], "Lt. ASIS": [0.19000977277755737, -0.13662099838256836, 0.08045277744531631], "Lt. Acromion": [0.2746548354625702, 0.3131542503833771, 0.08792916685342789], "Lt. Axilla, Ant.": [0.2136860340833664, 0.23100817203521729, 0.0681222677230835], "Lt. Axilla, Post.": [0.23788964748382568, 0.19579964876174927, 0.10999807715415955], "Lt. Calcaneous, Post.": [0.16457535326480865, -1.1115100383758545, -0.12269904464483261], "Lt. Clavicale": [0.10876645147800446, 0.29262393712997437, 0.04191465675830841], "Lt. Dactylion": [0.31325146555900574, 0.6357062458992004, 0.20752820372581482], "Lt. Digit II": [0.23809777200222015, -1.1479837894439697, 0.12329906970262527], "Lt. Femoral Lateral Epicn": [0.24148739874362946, -0.6610226035118103, -0.09138195961713791], "Lt. Femoral Medial Epicn": [0.14375369250774384, -0.6616136431694031, -0.09391742199659348], "Lt. Gonion": [0.14882758259773254, 0.44002553820610046, 0.044011034071445465], "Lt. Humeral Lateral Epicn": [0.24334777891635895, 0.22670865058898926, 0.32003283500671387], "Lt. Humeral Medial Epicn": [0.17171500623226166, 0.22210592031478882, 0.34514158964157104], "Lt. Iliocristale": [0.20911554992198944, -0.05044622719287872, 0.05577884614467621], "Lt. Infraorbitale": [0.1218128353357315, 0.4618096649646759, 0.116092748939991], "Lt. Knee Crease": [0.1843039095401764, -0.6454036235809326, -0.12839096784591675], "Lt. Lateral Malleolus": [0.21684283018112183, -1.063114047050476, -0.07803426682949066], "Lt. Medial Malleolus": [0.15765638649463654, -1.0648696422576904, -0.052140798419713974], "Lt. Metacarpal Phal. II": [0.27290380001068115, 0.5466562509536743, 0.22042401134967804], "Lt. Metacarpal Phal. V": [0.2771661579608917, 0.5581209063529968, 0.2820384204387665], "Lt. Metatarsal Phal. I": [0.21472643315792084, -1.1295015811920166, 0.09777581691741943], "Lt. Metatarsal Phal. V": [0.27961164712905884, -1.1349989175796509, 0.047570616006851196], "Lt. Olecranon": [0.20140095055103302, 0.20852094888687134, 0.36181145906448364], "Lt. PSIS": [0.12531572580337524, -0.13776887953281403, -0.09956607222557068], "Lt. Radial Styloid": [0.2250671535730362, 0.4561446011066437, 0.24891769886016846], "Lt. Radiale": [0.23913483321666718, 0.23743796348571777, 0.3347886800765991], "Lt. Sphyrion": [0.16252954304218292, -1.0865353345870972, -0.04872085526585579], "Lt. Thelion/Bustpoint": [0.1647665947675705, 0.14177612960338593, 0.08037048578262329], "Lt. Tragion": [0.15729902684688568, 0.4851160943508148, 0.03976956382393837], "Lt. Trochanterion": [0.23427808284759521, -0.24686284363269806, 0.01538053248077631], "Lt. Ulnar Styloid": [0.24979335069656372, 0.46661943197250366, 0.29120704531669617], "Nuchale": [0.09243910014629364, 0.4918745756149292, -0.054905004799366], "Rt. 10th Rib": [-0.025124136358499527, -0.011826349422335625, 0.074722521007061], "Rt. ASIS": [-0.05283038318157196, -0.14205877482891083, 0.07577960193157196], "Rt. Acromion": [-0.10385015606880188, 0.3407681882381439, 0.09749322384595871], "Rt. Axilla, Ant.": [-0.05447836220264435, 0.2447412610054016, 0.07763221859931946], "Rt. Axilla, Post.": [-0.0756191685795784, 0.2166174352169037, 0.1208493635058403], "Rt. Calcaneous, Post.": [-0.01578737422823906, -1.1077163219451904, -0.13310842216014862], "Rt. Clavicale": [0.05832691118121147, 0.2881500720977783, 0.042903825640678406], "Rt. Dactylion": [-0.15496519207954407, 0.6390963792800903, 0.20063558220863342], "Rt. Digit II": [-0.1650434136390686, -1.1442039012908936, 0.078858382999897], "Rt. Femoral Lateral Epicn": [-0.0874633640050888, -0.658019483089447, -0.09262550622224808], "Rt. Femoral Medial Epicn": [0.010358177125453949, -0.6608653664588928, -0.07932231575250626], "Rt. Gonion": [0.020611172541975975, 0.43718627095222473, 0.03548477217555046], "Rt. Humeral Lateral Epicn": [-0.0870317667722702, 0.23635470867156982, 0.3378412425518036], "Rt. Humeral Medial Epicn": [-0.010352851822972298, 0.25706103444099426, 0.3384883999824524], "Rt. Iliocristale": [-0.07674926519393921, -0.06862883269786835, 0.043037522584199905], "Rt. Infraorbitale": [0.046502258628606796, 0.45615142583847046, 0.11518429219722748], "Rt. Knee Crease": [-0.02860696241259575, -0.6482449173927307, -0.11765704303979874], "Rt. Lateral Malleolus": [-0.07433781772851944, -1.0584022998809814, -0.09720377624034882], "Rt. Medial Malleolus": [-0.025383688509464264, -1.0667563676834106, -0.05524750426411629], "Rt. Metacarpal Phal. II": [-0.12304592877626419, 0.5448270440101624, 0.2082788646221161], "Rt. Metacarpal Phal. V": [-0.12721537053585052, 0.5585178732872009, 0.2766234576702118], "Rt. Metatarsal Phal. I": [-0.1220882460474968, -1.1284716129302979, 0.07270438969135284], "Rt. Metatarsal Phal. V": [-0.16909494996070862, -1.1347253322601318, 0.011304979212582111], "Rt. Olecranon": [-0.045257844030857086, 0.2322920560836792, 0.37602299451828003], "Rt. PSIS": [0.028650905936956406, -0.13592015206813812, -0.1021309420466423], "Rt. Radial Styloid": [-0.08136140555143356, 0.4699461758136749, 0.22803568840026855], "Rt. Radiale": [-0.0805407464504242, 0.24799072742462158, 0.35434216260910034], "Rt. Sphyrion": [-0.030363762751221657, -1.0883057117462158, -0.05388045683503151], "Rt. Thelion/Bustpoint": [-0.014985344372689724, 0.14100150763988495, 0.07998978346586227], "Rt. Tragion": [0.012484916485846043, 0.48512962460517883, 0.029674608260393143], "Rt. Trochanterion": [-0.09871874749660492, -0.2387615591287613, -0.001448824186809361], "Rt. Ulnar Styloid": [-0.10807916522026062, 0.47520148754119873, 0.28380653262138367], "Sellion": [0.07945587486028671, 0.4813626706600189, 0.13545119762420654], "Substernale": [0.07418705523014069, 0.06991029530763626, 0.09662795811891556], "Supramenton": [0.08119471371173859, 0.38527238368988037, 0.12005103379487991], "Suprasternale": [0.07894515246152878, 0.2714650332927704, 0.05021257698535919], "Waist, Preferred, Post.": [0.07735241204500198, -0.139792338013649, -0.10211621224880219]}