{"10th Rib Midspine": [0.04136977344751358, 0.13867367804050446, -0.18271277844905853], "Cervicale": [0.05371244251728058, 0.4766659438610077, -0.1978389024734497], "Lt. 10th Rib": [0.16895321011543274, 0.09268262982368469, -0.020265407860279083], "Lt. ASIS": [0.19243405759334564, -0.006780717056244612, -0.017025072127580643], "Lt. Acromion": [0.20100490748882294, 0.45610591769218445, -0.05453764274716377], "Lt. Axilla, Ant.": [0.1716334968805313, 0.3665531277656555, -0.028493469581007957], "Lt. Axilla, Post.": [0.2091151922941208, 0.3191951811313629, -0.001846651779487729], "Lt. Calcaneous, Post.": [0.13722194731235504, -0.8830509781837463, -0.2468854784965515], "Lt. Clavicale": [0.06479717791080475, 0.4116847515106201, -0.060186829417943954], "Lt. Dactylion": [0.06076551973819733, 0.32956036925315857, 0.559377908706665], "Lt. Digit II": [0.18418078124523163, -0.912002682685852, -0.0127026978880167], "Lt. Femoral Lateral Epicn": [0.18383514881134033, -0.48206785321235657, -0.17711322009563446], "Lt. Femoral Medial Epicn": [0.0648895725607872, -0.4896778166294098, -0.19421282410621643], "Lt. Gonion": [0.12079774588346481, 0.5284830331802368, -0.09822160750627518], "Lt. Humeral Lateral Epicn": [0.1695040613412857, 0.399118572473526, 0.19581744074821472], "Lt. Humeral Medial Epicn": [0.14442946016788483, 0.32165783643722534, 0.18770340085029602], "Lt. Iliocristale": [0.2200162410736084, 0.0576220378279686, -0.057297252118587494], "Lt. Infraorbitale": [0.08691442757844925, 0.5621152520179749, -0.03101629577577114], "Lt. Knee Crease": [0.1287318766117096, -0.4740768373012543, -0.2252606451511383], "Lt. Lateral Malleolus": [0.17917895317077637, -0.8396721482276917, -0.19275158643722534], "Lt. Medial Malleolus": [0.11403355002403259, -0.8412109613418579, -0.17375679314136505], "Lt. Metacarpal Phal. II": [0.07534129172563553, 0.3637276589870453, 0.4948204457759857], "Lt. Metacarpal Phal. V": [0.06893324106931686, 0.30663347244262695, 0.4784616231918335], "Lt. Metatarsal Phal. I": [0.15679459273815155, -0.9054656028747559, -0.033525872975587845], "Lt. Metatarsal Phal. V": [0.20887555181980133, -0.8982786536216736, -0.0658668801188469], "Lt. Olecranon": [0.16448108851909637, 0.34329384565353394, 0.19606536626815796], "Lt. PSIS": [0.10253642499446869, 0.0004182595293968916, -0.23110388219356537], "Lt. Radial Styloid": [0.06568901240825653, 0.35809797048568726, 0.38656866550445557], "Lt. Radiale": [0.16351063549518585, 0.3851451277732849, 0.21212998032569885], "Lt. Sphyrion": [0.11564993113279343, -0.8597397208213806, -0.1709386259317398], "Lt. Thelion/Bustpoint": [0.15104512870311737, 0.23054075241088867, 0.0237277802079916], "Lt. Tragion": [0.127267986536026, 0.5758816003799438, -0.10960695147514343], "Lt. Trochanterion": [0.22302138805389404, -0.09105401486158371, -0.08341992646455765], "Lt. Ulnar Styloid": [0.09202507138252258, 0.32346221804618835, 0.3928217887878418], "Nuchale": [0.06153525412082672, 0.5595254898071289, -0.20597895979881287], "Rt. 10th Rib": [-0.08010124415159225, 0.112703338265419, 0.0043290890753269196], "Rt. ASIS": [-0.11448845267295837, 0.009867526590824127, 0.0017767924582585692], "Rt. Acromion": [-0.107602059841156, 0.4435785710811615, -0.0535806342959404], "Rt. Axilla, Ant.": [-0.08023878186941147, 0.35206231474876404, -0.025637412443757057], "Rt. Axilla, Post.": [-0.12829171121120453, 0.3048008680343628, -0.004249246791005135], "Rt. Calcaneous, Post.": [-0.10614485293626785, -0.8812495470046997, -0.2512459456920624], "Rt. Clavicale": [0.026901399716734886, 0.41472911834716797, -0.06318251043558121], "Rt. Dactylion": [0.04042414203286171, 0.32724079489707947, 0.5536272525787354], "Rt. Digit II": [-0.1600646674633026, -0.9087554812431335, -0.021285908296704292], "Rt. Femoral Lateral Epicn": [-0.15048106014728546, -0.47438231110572815, -0.17678962647914886], "Rt. Femoral Medial Epicn": [-0.028495170176029205, -0.48215943574905396, -0.19034694135189056], "Rt. Gonion": [-0.017164405435323715, 0.5280221700668335, -0.11145100742578506], "Rt. Humeral Lateral Epicn": [-0.08938930928707123, 0.3806978762149811, 0.19571152329444885], "Rt. Humeral Medial Epicn": [-0.04728594422340393, 0.29987189173698425, 0.18674857914447784], "Rt. Iliocristale": [-0.1511780172586441, 0.07241497933864594, -0.05574697256088257], "Rt. Infraorbitale": [0.009691053070127964, 0.5575879812240601, -0.03635479137301445], "Rt. Knee Crease": [-0.08994858711957932, -0.46606582403182983, -0.2233133465051651], "Rt. Lateral Malleolus": [-0.1529320329427719, -0.8370790481567383, -0.19550949335098267], "Rt. Medial Malleolus": [-0.08791449666023254, -0.8367025256156921, -0.17897026240825653], "Rt. Metacarpal Phal. II": [0.0106585044413805, 0.3689844608306885, 0.49569669365882874], "Rt. Metacarpal Phal. V": [0.01774468831717968, 0.30957305431365967, 0.4856424629688263], "Rt. Metatarsal Phal. I": [-0.14050470292568207, -0.8960200548171997, -0.03800756856799126], "Rt. Metatarsal Phal. V": [-0.1855766624212265, -0.9007808566093445, -0.07278262823820114], "Rt. Olecranon": [-0.0904732421040535, 0.33258792757987976, 0.19893696904182434], "Rt. PSIS": [-0.028432678431272507, 0.008109714835882187, -0.23059143126010895], "Rt. Radial Styloid": [0.011533659882843494, 0.37836021184921265, 0.4070103168487549], "Rt. Radiale": [-0.08354440331459045, 0.37025922536849976, 0.21337361633777618], "Rt. Sphyrion": [-0.09105447679758072, -0.8577262163162231, -0.17231741547584534], "Rt. Thelion/Bustpoint": [-0.07125233858823776, 0.2268582433462143, 0.013972322456538677], "Rt. Tragion": [-0.022517330944538116, 0.5748463273048401, -0.12143560498952866], "Rt. Trochanterion": [-0.18084950745105743, -0.07639715820550919, -0.08495280146598816], "Rt. Ulnar Styloid": [-0.008774586021900177, 0.32541248202323914, 0.4070960283279419], "Sellion": [0.04312579706311226, 0.5891124606132507, -0.024563496932387352], "Substernale": [0.04301624372601509, 0.19788677990436554, 0.03382060304284096], "Supramenton": [0.04435853660106659, 0.4955611526966095, -0.03339429572224617], "Suprasternale": [0.03958788886666298, 0.3859679698944092, -0.041745856404304504], "Waist, Preferred, Post.": [0.038168199360370636, 0.002371832961216569, -0.23248198628425598]}