{"10th Rib Midspine": [0.02324274368584156, 0.015581564046442509, 0.02188640646636486], "Cervicale": [0.04499291256070137, 0.34869906306266785, 0.013582550920546055], "Lt. 10th Rib": [0.12328970432281494, -0.022391870617866516, 0.17363598942756653], "Lt. ASIS": [0.13803929090499878, -0.1429954469203949, 0.1639818251132965], "Lt. Acromion": [0.20658999681472778, 0.40292999148368835, 0.04008376970887184], "Lt. Axilla, Ant.": [0.20798219740390778, 0.33130669593811035, 0.10477358847856522], "Lt. Axilla, Post.": [0.2984718680381775, 0.34487053751945496, 0.09340359270572662], "Lt. Calcaneous, Post.": [0.14943929016590118, -1.111221194267273, -0.0735645443201065], "Lt. Clavicale": [0.06579835712909698, 0.31431788206100464, 0.13651901483535767], "Lt. Dactylion": [0.40432029962539673, 0.9647682905197144, 0.2847658097743988], "Lt. Digit II": [0.20612291991710663, -1.1456656455993652, 0.17599810659885406], "Lt. Femoral Lateral Epicn": [0.2093171626329422, -0.6617846488952637, -0.014422506093978882], "Lt. Femoral Medial Epicn": [0.11167833209037781, -0.6623689532279968, -0.028134791180491447], "Lt. Gonion": [0.11059015244245529, 0.44465985894203186, 0.13722631335258484], "Lt. Humeral Lateral Epicn": [0.40738728642463684, 0.5547978281974792, 0.12428886443376541], "Lt. Humeral Medial Epicn": [0.4278688430786133, 0.5286510586738586, 0.18556885421276093], "Lt. Iliocristale": [0.15425808727741241, -0.056551627814769745, 0.15179668366909027], "Lt. Infraorbitale": [0.08601489663124084, 0.468140184879303, 0.21073824167251587], "Lt. Knee Crease": [0.15753476321697235, -0.6477092504501343, -0.057584114372730255], "Lt. Lateral Malleolus": [0.19267475605010986, -1.067869782447815, -0.02039184607565403], "Lt. Medial Malleolus": [0.1314634382724762, -1.0657732486724854, -0.0028282031416893005], "Lt. Metacarpal Phal. II": [0.40318724513053894, 0.8837745189666748, 0.26846808195114136], "Lt. Metacarpal Phal. V": [0.4565531015396118, 0.8811070322990417, 0.26768651604652405], "Lt. Metatarsal Phal. I": [0.16765561699867249, -1.1306008100509644, 0.1506163626909256], "Lt. Metatarsal Phal. V": [0.23879297077655792, -1.1392221450805664, 0.10948029905557632], "Lt. Olecranon": [0.4416007697582245, 0.5353655815124512, 0.15640054643154144], "Lt. PSIS": [0.07912901043891907, -0.13303634524345398, -0.01412514690309763], "Lt. Radial Styloid": [0.4046797454357147, 0.7703049778938293, 0.2636699080467224], "Lt. Radiale": [0.42366737127304077, 0.5696243643760681, 0.1354111284017563], "Lt. Sphyrion": [0.13667474687099457, -1.0902634859085083, 0.0012769316090270877], "Lt. Thelion/Bustpoint": [0.12240539491176605, 0.1630009263753891, 0.18011227250099182], "Lt. Tragion": [0.12018132954835892, 0.4925238788127899, 0.13460296392440796], "Lt. Trochanterion": [0.18742883205413818, -0.2541429400444031, 0.09722261130809784], "Lt. Ulnar Styloid": [0.4452301561832428, 0.7861831784248352, 0.2409750372171402], "Nuchale": [0.05169844999909401, 0.49909526109695435, 0.04045170545578003], "Rt. 10th Rib": [-0.08001605421304703, -0.011483658105134964, 0.16728650033473969], "Rt. ASIS": [-0.0982821062207222, -0.15177768468856812, 0.15564587712287903], "Rt. Acromion": [-0.10810116678476334, 0.42644381523132324, 0.023125821724534035], "Rt. Axilla, Ant.": [-0.12672756612300873, 0.3397264778614044, 0.09353162348270416], "Rt. Axilla, Post.": [-0.2142704427242279, 0.37891003489494324, 0.07625790685415268], "Rt. Calcaneous, Post.": [-0.07373782247304916, -1.1100629568099976, -0.0752117708325386], "Rt. Clavicale": [0.01443436648696661, 0.31509724259376526, 0.13342343270778656], "Rt. Dactylion": [-0.27340734004974365, 1.0122461318969727, 0.21779705584049225], "Rt. Digit II": [-0.19490410387516022, -1.144958734512329, 0.14748632907867432], "Rt. Femoral Lateral Epicn": [-0.1406620740890503, -0.6592878699302673, -0.02327275648713112], "Rt. Femoral Medial Epicn": [-0.04274243488907814, -0.6653304696083069, -0.015605865977704525], "Rt. Gonion": [-0.015453488565981388, 0.44282910227775574, 0.1331643909215927], "Rt. Humeral Lateral Epicn": [-0.3154011070728302, 0.5969033241271973, 0.09157067537307739], "Rt. Humeral Medial Epicn": [-0.3165850341320038, 0.5879992842674255, 0.16843241453170776], "Rt. Iliocristale": [-0.12452172487974167, -0.07211829721927643, 0.13258519768714905], "Rt. Infraorbitale": [0.012349050492048264, 0.46154898405075073, 0.2123720347881317], "Rt. Knee Crease": [-0.08119596540927887, -0.6501322984695435, -0.050081171095371246], "Rt. Lateral Malleolus": [-0.1281381994485855, -1.064915657043457, -0.036273062229156494], "Rt. Medial Malleolus": [-0.07648458331823349, -1.0688132047653198, 0.003609616309404373], "Rt. Metacarpal Phal. II": [-0.2515396177768707, 0.9273737668991089, 0.20096628367900848], "Rt. Metacarpal Phal. V": [-0.31937047839164734, 0.9244912266731262, 0.20627069473266602], "Rt. Metatarsal Phal. I": [-0.15075643360614777, -1.1291362047195435, 0.13525541126728058], "Rt. Metatarsal Phal. V": [-0.20872916281223297, -1.1342177391052246, 0.07969746738672256], "Rt. Olecranon": [-0.3456578254699707, 0.5845186710357666, 0.12916642427444458], "Rt. PSIS": [-0.01693015731871128, -0.1282014399766922, -0.01852351427078247], "Rt. Radial Styloid": [-0.25099828839302063, 0.8361102938652039, 0.20732828974723816], "Rt. Radiale": [-0.32956257462501526, 0.612289309501648, 0.10455241054296494], "Rt. Sphyrion": [-0.08134721964597702, -1.089708685874939, 0.006117841694504023], "Rt. Thelion/Bustpoint": [-0.07216431945562363, 0.17116178572177887, 0.17556524276733398], "Rt. Tragion": [-0.02441028133034706, 0.48754075169563293, 0.1233849823474884], "Rt. Trochanterion": [-0.14724425971508026, -0.2413453608751297, 0.07378186285495758], "Rt. Ulnar Styloid": [-0.308528333902359, 0.8338531255722046, 0.18866458535194397], "Sellion": [0.04399629309773445, 0.4860991835594177, 0.23157940804958344], "Substernale": [0.01964326947927475, 0.07817019522190094, 0.19383785128593445], "Supramenton": [0.047268372029066086, 0.39044466614723206, 0.21435433626174927], "Suprasternale": [0.03600165620446205, 0.29397907853126526, 0.14466159045696259], "Waist, Preferred, Post.": [0.03218381479382515, -0.134579598903656, -0.021397478878498077]}