{"10th Rib Midspine": [-0.016416629776358604, 0.3163479268550873, -0.3665046989917755], "Cervicale": [-0.024554256349802017, 0.6693697571754456, -0.2544311583042145], "Lt. 10th Rib": [0.12396922707557678, 0.2268155962228775, -0.15443632006645203], "Lt. ASIS": [0.1140037253499031, 0.13868863880634308, -0.19723564386367798], "Lt. Acromion": [0.19304834306240082, 0.5790958404541016, -0.16899706423282623], "Lt. Axilla, Ant.": [0.1838286817073822, 0.5162200927734375, -0.16050487756729126], "Lt. Axilla, Post.": [0.17534679174423218, 0.4971481263637543, -0.29375165700912476], "Lt. Calcaneous, Post.": [0.1254553645849228, -0.7912948131561279, -0.48056989908218384], "Lt. Clavicale": [0.00577032845467329, 0.5460382699966431, -0.12685523927211761], "Lt. Dactylion": [0.3343757688999176, -0.10395783931016922, -0.3142140507698059], "Lt. Digit II": [0.22130590677261353, -0.8314740061759949, -0.24205590784549713], "Lt. Femoral Lateral Epicn": [0.14890722930431366, -0.35549238324165344, -0.35579535365104675], "Lt. Femoral Medial Epicn": [0.04048009589314461, -0.36997056007385254, -0.34533965587615967], "Lt. Gonion": [0.0361749641597271, 0.6687747836112976, -0.12303145229816437], "Lt. Humeral Lateral Epicn": [0.27440929412841797, 0.3362353444099426, -0.26710477471351624], "Lt. Humeral Medial Epicn": [0.23312298953533173, 0.31684237718582153, -0.32552263140678406], "Lt. Iliocristale": [0.14629846811294556, 0.20504000782966614, -0.21646882593631744], "Lt. Infraorbitale": [0.007424782030284405, 0.6999704837799072, -0.04820321500301361], "Lt. Knee Crease": [0.08623191714286804, -0.3429090082645416, -0.38967233896255493], "Lt. Lateral Malleolus": [0.17542129755020142, -0.7422239780426025, -0.4280407130718231], "Lt. Medial Malleolus": [0.11429226398468018, -0.7551664710044861, -0.3958877623081207], "Lt. Metacarpal Phal. II": [0.29019156098365784, -0.019007805734872818, -0.28518563508987427], "Lt. Metacarpal Phal. V": [0.35039767622947693, 0.0027266773395240307, -0.3149566948413849], "Lt. Metatarsal Phal. I": [0.19141502678394318, -0.817415177822113, -0.26064959168434143], "Lt. Metatarsal Phal. V": [0.2590864300727844, -0.8048431873321533, -0.32468414306640625], "Lt. Olecranon": [0.26029977202415466, 0.33241790533065796, -0.3160967528820038], "Lt. PSIS": [0.03661055862903595, 0.15821243822574615, -0.4068135917186737], "Lt. Radial Styloid": [0.2675931453704834, 0.08403695374727249, -0.3119019865989685], "Lt. Radiale": [0.2756621241569519, 0.3163428008556366, -0.27308863401412964], "Lt. Sphyrion": [0.12116102874279022, -0.7775552272796631, -0.3982136845588684], "Lt. Thelion/Bustpoint": [0.10256892442703247, 0.3706432282924652, -0.060764797031879425], "Lt. Tragion": [0.039036985486745834, 0.7218250632286072, -0.12297315895557404], "Lt. Trochanterion": [0.15091568231582642, 0.049678076058626175, -0.25805121660232544], "Lt. Ulnar Styloid": [0.3242398500442505, 0.09087488055229187, -0.29872527718544006], "Nuchale": [-0.03322192654013634, 0.7356176972389221, -0.2221328169107437], "Rt. 10th Rib": [-0.16493913531303406, 0.23334211111068726, -0.13867180049419403], "Rt. ASIS": [-0.16944476962089539, 0.13699093461036682, -0.1836676001548767], "Rt. Acromion": [-0.2426702231168747, 0.587133526802063, -0.1822984367609024], "Rt. Axilla, Ant.": [-0.22697016596794128, 0.521085798740387, -0.1714005172252655], "Rt. Axilla, Post.": [-0.2179703563451767, 0.5117341876029968, -0.3149581849575043], "Rt. Calcaneous, Post.": [-0.16541127860546112, -0.791412889957428, -0.4758804440498352], "Rt. Clavicale": [-0.05907145142555237, 0.5484989285469055, -0.12487576901912689], "Rt. Dactylion": [-0.34572842717170715, -0.08753784745931625, -0.3840941786766052], "Rt. Digit II": [-0.2739209830760956, -0.8244413137435913, -0.24112321436405182], "Rt. Femoral Lateral Epicn": [-0.20322516560554504, -0.3473071753978729, -0.36030998826026917], "Rt. Femoral Medial Epicn": [-0.09843670576810837, -0.3597821593284607, -0.3484637141227722], "Rt. Gonion": [-0.10257997363805771, 0.6574671864509583, -0.12842556834220886], "Rt. Humeral Lateral Epicn": [-0.30901098251342773, 0.3442477881908417, -0.30776944756507874], "Rt. Humeral Medial Epicn": [-0.2496473640203476, 0.32146304845809937, -0.36607593297958374], "Rt. Iliocristale": [-0.21033696830272675, 0.2048453986644745, -0.2308322936296463], "Rt. Infraorbitale": [-0.06760834902524948, 0.6878090500831604, -0.04608931019902229], "Rt. Knee Crease": [-0.14358285069465637, -0.33589398860931396, -0.3890942335128784], "Rt. Lateral Malleolus": [-0.22139893472194672, -0.7434651851654053, -0.4225575029850006], "Rt. Medial Malleolus": [-0.15967343747615814, -0.7500927448272705, -0.3880603015422821], "Rt. Metacarpal Phal. II": [-0.3117186427116394, -0.004674618598073721, -0.3451139032840729], "Rt. Metacarpal Phal. V": [-0.367195188999176, 0.01799444481730461, -0.38606029748916626], "Rt. Metatarsal Phal. I": [-0.2298646867275238, -0.8153575658798218, -0.2443573921918869], "Rt. Metatarsal Phal. V": [-0.2947830855846405, -0.8115223050117493, -0.30452659726142883], "Rt. Olecranon": [-0.29733988642692566, 0.34359538555145264, -0.3604148030281067], "Rt. PSIS": [-0.07600612193346024, 0.17114992439746857, -0.40987110137939453], "Rt. Radial Styloid": [-0.2820045053958893, 0.09008742868900299, -0.35443371534347534], "Rt. Radiale": [-0.31081095337867737, 0.3267800807952881, -0.3212515115737915], "Rt. Sphyrion": [-0.16727215051651, -0.7758520245552063, -0.3871981203556061], "Rt. Thelion/Bustpoint": [-0.15623357892036438, 0.3789195418357849, -0.07076835632324219], "Rt. Tragion": [-0.11314546316862106, 0.7159662842750549, -0.1265018880367279], "Rt. Trochanterion": [-0.21169446408748627, 0.06765884160995483, -0.26701903343200684], "Rt. Ulnar Styloid": [-0.3441949188709259, 0.0987083911895752, -0.36769577860832214], "Sellion": [-0.03515496104955673, 0.7255282402038574, -0.026659587398171425], "Substernale": [-0.025256799533963203, 0.29501885175704956, -0.04510403051972389], "Supramenton": [-0.0284733809530735, 0.5967111587524414, -0.04042349383234978], "Suprasternale": [-0.029761238023638725, 0.5269604325294495, -0.11155331879854202], "Waist, Preferred, Post.": [-0.021004393696784973, 0.16442830860614777, -0.408423513174057]}