{"10th Rib Midspine": [0.042775508016347885, 0.15963169932365417, -0.20117108523845673], "Cervicale": [0.06351398676633835, 0.4885549247264862, -0.15768876671791077], "Lt. 10th Rib": [0.13030527532100677, 0.09492309391498566, -0.0689883753657341], "Lt. ASIS": [0.15302123129367828, -0.010456512682139874, -0.07573981583118439], "Lt. Acromion": [0.25755420327186584, 0.37559667229652405, -0.11882732808589935], "Lt. Axilla, Ant.": [0.2072267234325409, 0.306639701128006, -0.10284950584173203], "Lt. Axilla, Post.": [0.19966617226600647, 0.2726916968822479, -0.17689824104309082], "Lt. Calcaneous, Post.": [0.14543569087982178, -0.8811777234077454, -0.2970772683620453], "Lt. Clavicale": [0.0789547860622406, 0.40234318375587463, -0.05673833563923836], "Lt. Dactylion": [0.39531123638153076, -0.2654765844345093, -0.18184860050678253], "Lt. Digit II": [0.17974381148815155, -0.9098722338676453, -0.06890451163053513], "Lt. Femoral Lateral Epicn": [0.17379236221313477, -0.49200358986854553, -0.22779738903045654], "Lt. Femoral Medial Epicn": [0.06571046262979507, -0.4953208565711975, -0.24587279558181763], "Lt. Gonion": [0.07713575661182404, 0.5723766684532166, -0.033605437725782394], "Lt. Humeral Lateral Epicn": [0.2888225317001343, 0.1251174509525299, -0.1869097650051117], "Lt. Humeral Medial Epicn": [0.23208679258823395, 0.09145351499319077, -0.15795348584651947], "Lt. Iliocristale": [0.16636697947978973, 0.06917192041873932, -0.10598297417163849], "Lt. Infraorbitale": [0.019944846630096436, 0.5770031809806824, 0.02629115805029869], "Lt. Knee Crease": [0.12189134210348129, -0.4833482801914215, -0.2743054926395416], "Lt. Lateral Malleolus": [0.17861410975456238, -0.8383654952049255, -0.24494436383247375], "Lt. Medial Malleolus": [0.11598493903875351, -0.8412961363792419, -0.23328624665737152], "Lt. Metacarpal Phal. II": [0.38179439306259155, -0.18655075132846832, -0.15378451347351074], "Lt. Metacarpal Phal. V": [0.36297720670700073, -0.18196673691272736, -0.20907266438007355], "Lt. Metatarsal Phal. I": [0.1440628468990326, -0.9027625918388367, -0.0827551856637001], "Lt. Metatarsal Phal. V": [0.209334135055542, -0.899610161781311, -0.1188194751739502], "Lt. Olecranon": [0.24548661708831787, 0.09821420162916183, -0.18229016661643982], "Lt. PSIS": [0.08800117671489716, -0.007525906432420015, -0.2615950405597687], "Lt. Radial Styloid": [0.33228662610054016, -0.10360851138830185, -0.1475122720003128], "Lt. Radiale": [0.2846984267234802, 0.10213679820299149, -0.19118736684322357], "Lt. Sphyrion": [0.11957384645938873, -0.8625827431678772, -0.2259412258863449], "Lt. Thelion/Bustpoint": [0.1254865974187851, 0.22633028030395508, -0.011124425567686558], "Lt. Tragion": [0.06768069416284561, 0.6152939200401306, -0.03413083776831627], "Lt. Trochanterion": [0.1976228654384613, -0.10724876821041107, -0.13414554297924042], "Lt. Ulnar Styloid": [0.3442842364311218, -0.10161526501178741, -0.1936771273612976], "Nuchale": [0.03702849522233009, 0.5980215072631836, -0.1421680897474289], "Rt. 10th Rib": [-0.07046131789684296, 0.09864666312932968, -0.06794542819261551], "Rt. ASIS": [-0.10472115129232407, -0.009430157020688057, -0.08215994387865067], "Rt. Acromion": [-0.14765247702598572, 0.4038541316986084, -0.12664076685905457], "Rt. Axilla, Ant.": [-0.1113753542304039, 0.3354862630367279, -0.10928118228912354], "Rt. Axilla, Post.": [-0.11671339720487595, 0.2922843098640442, -0.19871442019939423], "Rt. Calcaneous, Post.": [-0.13115569949150085, -0.8785126805305481, -0.3189561069011688], "Rt. Clavicale": [0.021031837910413742, 0.4026656746864319, -0.06246349215507507], "Rt. Dactylion": [-0.3952449560165405, -0.20783033967018127, -0.1826966553926468], "Rt. Digit II": [-0.15104493498802185, -0.9064294695854187, -0.08519980311393738], "Rt. Femoral Lateral Epicn": [-0.15812534093856812, -0.48344147205352783, -0.23910938203334808], "Rt. Femoral Medial Epicn": [-0.046284377574920654, -0.4895334541797638, -0.2508395314216614], "Rt. Gonion": [-0.01985127292573452, 0.5164568424224854, -0.07661078870296478], "Rt. Humeral Lateral Epicn": [-0.23450763523578644, 0.16489984095096588, -0.19722098112106323], "Rt. Humeral Medial Epicn": [-0.17645514011383057, 0.12389510124921799, -0.1646711230278015], "Rt. Iliocristale": [-0.12274490296840668, 0.05989709123969078, -0.12379331886768341], "Rt. Infraorbitale": [-0.033468134701251984, 0.5359297394752502, -0.0011486978037282825], "Rt. Knee Crease": [-0.10334236919879913, -0.47583675384521484, -0.28296390175819397], "Rt. Lateral Malleolus": [-0.1664193719625473, -0.8361821174621582, -0.2662757337093353], "Rt. Medial Malleolus": [-0.10319915413856506, -0.8343459367752075, -0.25165072083473206], "Rt. Metacarpal Phal. II": [-0.3733579218387604, -0.12185917794704437, -0.16053152084350586], "Rt. Metacarpal Phal. V": [-0.36249077320098877, -0.12208765000104904, -0.2195567637681961], "Rt. Metatarsal Phal. I": [-0.12549428641796112, -0.8949037790298462, -0.10578260570764542], "Rt. Metatarsal Phal. V": [-0.18544000387191772, -0.8955680131912231, -0.13378003239631653], "Rt. Olecranon": [-0.19754397869110107, 0.13532431423664093, -0.20186695456504822], "Rt. PSIS": [-0.023525413125753403, -0.004028227645903826, -0.268428236246109], "Rt. Radial Styloid": [-0.3293875455856323, -0.04784112423658371, -0.15297482907772064], "Rt. Radiale": [-0.23720254004001617, 0.1434774249792099, -0.2033095508813858], "Rt. Sphyrion": [-0.10525023937225342, -0.8555118441581726, -0.24764885008335114], "Rt. Thelion/Bustpoint": [-0.06732684373855591, 0.24344713985919952, -0.030226537957787514], "Rt. Tragion": [-0.039601925760507584, 0.548519492149353, -0.09341155737638474], "Rt. Trochanterion": [-0.16578444838523865, -0.09560374170541763, -0.1611597239971161], "Rt. Ulnar Styloid": [-0.3365040123462677, -0.04652000591158867, -0.20914724469184875], "Sellion": [-0.027915220707654953, 0.5703134536743164, 0.02548091486096382], "Substernale": [0.02455650269985199, 0.1774710714817047, -0.02859734371304512], "Supramenton": [0.021700004115700722, 0.5014338493347168, 0.017432233318686485], "Suprasternale": [0.04664579778909683, 0.3789384067058563, -0.04773816093802452], "Waist, Preferred, Post.": [0.03218330442905426, -0.006650383118540049, -0.2656458616256714]}