{"10th Rib Midspine": [0.011018401943147182, 0.16847966611385345, 0.005009686108678579], "Cervicale": [0.028199493885040283, 0.5059018135070801, 0.005077167879790068], "Lt. 10th Rib": [0.10640265047550201, 0.11284826695919037, 0.14419233798980713], "Lt. ASIS": [0.1245904266834259, 0.014736182987689972, 0.1489183008670807], "Lt. Acromion": [0.2284005731344223, 0.4252264201641083, 0.06852450221776962], "Lt. Axilla, Ant.": [0.18238455057144165, 0.34817272424697876, 0.07566649466753006], "Lt. Axilla, Post.": [0.18895447254180908, 0.3066869378089905, -0.00045969203347340226], "Lt. Calcaneous, Post.": [0.13095273077487946, -0.8898864984512329, -0.1423834264278412], "Lt. Clavicale": [0.0569220632314682, 0.4323629140853882, 0.11431053280830383], "Lt. Dactylion": [0.36113959550857544, -0.24565593898296356, 0.08795201033353806], "Lt. Digit II": [0.15317761898040771, -0.9200918078422546, 0.11078482121229172], "Lt. Femoral Lateral Epicn": [0.17815841734409332, -0.48641499876976013, -0.016961246728897095], "Lt. Femoral Medial Epicn": [0.07762403786182404, -0.4813363254070282, -0.045160043984651566], "Lt. Gonion": [0.03541797772049904, 0.6075056195259094, 0.1113564595580101], "Lt. Humeral Lateral Epicn": [0.28282827138900757, 0.15470735728740692, 0.0408480241894722], "Lt. Humeral Medial Epicn": [0.21721883118152618, 0.12247306853532791, 0.03726043179631233], "Lt. Iliocristale": [0.13777349889278412, 0.08027888834476471, 0.11986789107322693], "Lt. Infraorbitale": [-0.012631062418222427, 0.6099886298179626, 0.1761253923177719], "Lt. Knee Crease": [0.13321688771247864, -0.47150811553001404, -0.06543385237455368], "Lt. Lateral Malleolus": [0.1602325439453125, -0.8485859036445618, -0.08453065156936646], "Lt. Medial Malleolus": [0.09704212099313736, -0.8531165719032288, -0.07121265679597855], "Lt. Metacarpal Phal. II": [0.35387787222862244, -0.15709751844406128, 0.10003957152366638], "Lt. Metacarpal Phal. V": [0.34477391839027405, -0.15995647013187408, 0.04541073366999626], "Lt. Metatarsal Phal. I": [0.12329708784818649, -0.9110402464866638, 0.08355417102575302], "Lt. Metatarsal Phal. V": [0.1876453161239624, -0.9099554419517517, 0.04384735971689224], "Lt. Olecranon": [0.24062472581863403, 0.12895095348358154, 0.023135431110858917], "Lt. PSIS": [0.056581880897283554, 0.004140017554163933, -0.019356437027454376], "Lt. Radial Styloid": [0.31480011343955994, -0.06904041767120361, 0.08496326953172684], "Lt. Radiale": [0.28058263659477234, 0.1325058937072754, 0.03621039539575577], "Lt. Sphyrion": [0.09830697625875473, -0.8749939203262329, -0.06774307042360306], "Lt. Thelion/Bustpoint": [0.13161639869213104, 0.23754338920116425, 0.1910705417394638], "Lt. Tragion": [0.017190853133797646, 0.6494928598403931, 0.10671120882034302], "Lt. Trochanterion": [0.17246197164058685, -0.0865016058087349, 0.09420701861381531], "Lt. Ulnar Styloid": [0.337082177400589, -0.06782478839159012, 0.04872627183794975], "Nuchale": [-0.022238673642277718, 0.6101246476173401, 0.003652407554909587], "Rt. 10th Rib": [-0.0785355195403099, 0.12315603345632553, 0.15071779489517212], "Rt. ASIS": [-0.11084719747304916, 0.013343502767384052, 0.15481731295585632], "Rt. Acromion": [-0.16875188052654266, 0.4099838137626648, 0.07961519062519073], "Rt. Axilla, Ant.": [-0.12027683854103088, 0.3431704342365265, 0.08328468352556229], "Rt. Axilla, Post.": [-0.13556118309497833, 0.2942105233669281, 0.008308901451528072], "Rt. Calcaneous, Post.": [-0.1727936714887619, -0.8892684578895569, -0.15412279963493347], "Rt. Clavicale": [0.003310171654447913, 0.43013662099838257, 0.11329764872789383], "Rt. Dactylion": [-0.363955557346344, -0.22953924536705017, 0.06302973628044128], "Rt. Digit II": [-0.19122332334518433, -0.9177854657173157, 0.08759640902280807], "Rt. Femoral Lateral Epicn": [-0.19782571494579315, -0.4740881025791168, -0.03867124766111374], "Rt. Femoral Medial Epicn": [-0.09558000415563583, -0.4752521216869354, -0.06404640525579453], "Rt. Gonion": [-0.049103621393442154, 0.525409996509552, 0.08449714630842209], "Rt. Humeral Lateral Epicn": [-0.25048160552978516, 0.15374669432640076, 0.04086604341864586], "Rt. Humeral Medial Epicn": [-0.18254247307777405, 0.11584701389074326, 0.05567246675491333], "Rt. Iliocristale": [-0.13313716650009155, 0.07619842886924744, 0.11699417233467102], "Rt. Infraorbitale": [-0.06362918764352798, 0.5517396330833435, 0.16054598987102509], "Rt. Knee Crease": [-0.1510370522737503, -0.4627739191055298, -0.0858481153845787], "Rt. Lateral Malleolus": [-0.20339062809944153, -0.8442869782447815, -0.09301503002643585], "Rt. Medial Malleolus": [-0.136492520570755, -0.8476178050041199, -0.0829923003911972], "Rt. Metacarpal Phal. II": [-0.3587610721588135, -0.14197967946529388, 0.079442597925663], "Rt. Metacarpal Phal. V": [-0.34594523906707764, -0.14482998847961426, 0.01973137818276882], "Rt. Metatarsal Phal. I": [-0.15187609195709229, -0.904308557510376, 0.06845886260271072], "Rt. Metatarsal Phal. V": [-0.22315044701099396, -0.9043670892715454, 0.04121145233511925], "Rt. Olecranon": [-0.21014970541000366, 0.1298384666442871, 0.025375496596097946], "Rt. PSIS": [-0.04602447897195816, 0.006753029301762581, -0.0252681914716959], "Rt. Radial Styloid": [-0.31438493728637695, -0.06728269904851913, 0.081015445291996], "Rt. Radiale": [-0.2480568140745163, 0.13351134955883026, 0.034183651208877563], "Rt. Sphyrion": [-0.13839486241340637, -0.8682061433792114, -0.08068126440048218], "Rt. Thelion/Bustpoint": [-0.07773729413747787, 0.24602463841438293, 0.1840294599533081], "Rt. Tragion": [-0.08386491984128952, 0.5509978532791138, 0.07005943357944489], "Rt. Trochanterion": [-0.17813479900360107, -0.08373687416315079, 0.08151452988386154], "Rt. Ulnar Styloid": [-0.33255815505981445, -0.06259793788194656, 0.02739729732275009], "Sellion": [-0.06107967719435692, 0.5939006209373474, 0.18139977753162384], "Substernale": [0.016616391018033028, 0.179244726896286, 0.17073580622673035], "Supramenton": [0.005754845682531595, 0.5292635560035706, 0.16647586226463318], "Suprasternale": [0.030471069738268852, 0.40016716718673706, 0.13160698115825653], "Waist, Preferred, Post.": [0.004968689754605293, 0.0070908633060753345, -0.02626429684460163]}