{"10th Rib Midspine": [0.006054042838513851, 0.17552636563777924, -0.02733675017952919], "Cervicale": [0.008860870264470577, 0.5100806951522827, -0.01839613914489746], "Lt. 10th Rib": [0.10139723122119904, 0.12384495884180069, 0.10986201465129852], "Lt. ASIS": [0.12355314940214157, 0.022390825673937798, 0.11554596573114395], "Lt. Acromion": [0.20649483799934387, 0.43788227438926697, 0.0207759328186512], "Lt. Axilla, Ant.": [0.1648622453212738, 0.35923632979393005, 0.029539955779910088], "Lt. Axilla, Post.": [0.17545261979103088, 0.31287190318107605, -0.031655166298151016], "Lt. Calcaneous, Post.": [0.10822868347167969, -0.8941872715950012, -0.15125784277915955], "Lt. Clavicale": [0.04003803804516792, 0.4361797571182251, 0.09172362089157104], "Lt. Dactylion": [0.4611052870750427, -0.17432671785354614, 0.06456996500492096], "Lt. Digit II": [0.13462841510772705, -0.9170549511909485, 0.08916572481393814], "Lt. Femoral Lateral Epicn": [0.16630980372428894, -0.48424452543258667, -0.03585383668541908], "Lt. Femoral Medial Epicn": [0.0649024248123169, -0.4808768928050995, -0.05923417583107948], "Lt. Gonion": [0.07773423194885254, 0.5872994661331177, 0.0808543786406517], "Lt. Humeral Lateral Epicn": [0.31779253482818604, 0.19272232055664062, 0.0012523792684078217], "Lt. Humeral Medial Epicn": [0.2599049210548401, 0.14587341248989105, -0.0018850461347028613], "Lt. Iliocristale": [0.13381296396255493, 0.09104720503091812, 0.08574925363063812], "Lt. Infraorbitale": [0.05866824463009834, 0.6130174398422241, 0.15560907125473022], "Lt. Knee Crease": [0.11768282204866409, -0.47128990292549133, -0.08100958913564682], "Lt. Lateral Malleolus": [0.1398375928401947, -0.8497624397277832, -0.09444364905357361], "Lt. Medial Malleolus": [0.07637236267328262, -0.853110134601593, -0.08132685720920563], "Lt. Metacarpal Phal. II": [0.447327584028244, -0.0942419096827507, 0.07418496161699295], "Lt. Metacarpal Phal. V": [0.44362837076187134, -0.10097767412662506, 0.016262782737612724], "Lt. Metatarsal Phal. I": [0.10320442169904709, -0.9111212491989136, 0.07361190766096115], "Lt. Metatarsal Phal. V": [0.17003223299980164, -0.908065676689148, 0.03082803636789322], "Lt. Olecranon": [0.2834338843822479, 0.1577669382095337, -0.01741553097963333], "Lt. PSIS": [0.05534505471587181, 0.006812762934714556, -0.0531129390001297], "Lt. Radial Styloid": [0.39752817153930664, -0.017323214560747147, 0.051582083106040955], "Lt. Radiale": [0.3210451602935791, 0.17038367688655853, -0.003333170199766755], "Lt. Sphyrion": [0.07718415558338165, -0.870041012763977, -0.07815190404653549], "Lt. Thelion/Bustpoint": [0.12066929787397385, 0.24383847415447235, 0.15786609053611755], "Lt. Tragion": [0.09034387022256851, 0.6295228004455566, 0.07601524889469147], "Lt. Trochanterion": [0.17112475633621216, -0.08136969059705734, 0.06285709142684937], "Lt. Ulnar Styloid": [0.42563629150390625, -0.012555364519357681, 0.014890778809785843], "Nuchale": [0.016914717853069305, 0.6376079320907593, -0.008867944590747356], "Rt. 10th Rib": [-0.08044660836458206, 0.12579524517059326, 0.12060219049453735], "Rt. ASIS": [-0.10955365002155304, 0.018571630120277405, 0.12457698583602905], "Rt. Acromion": [-0.18999585509300232, 0.4285288155078888, 0.036194413900375366], "Rt. Axilla, Ant.": [-0.14031487703323364, 0.35912665724754333, 0.04890648275613785], "Rt. Axilla, Post.": [-0.16408975422382355, 0.306275337934494, -0.020496387034654617], "Rt. Calcaneous, Post.": [-0.15033720433712006, -0.8868642449378967, -0.16631253063678741], "Rt. Clavicale": [-0.016008581966161728, 0.4366021752357483, 0.08968530595302582], "Rt. Dactylion": [-0.4695976674556732, -0.15737490355968475, 0.12335420399904251], "Rt. Digit II": [-0.18301807343959808, -0.917301595211029, 0.07308191806077957], "Rt. Femoral Lateral Epicn": [-0.1841151863336563, -0.473673552274704, -0.054290033876895905], "Rt. Femoral Medial Epicn": [-0.08061788976192474, -0.4761923849582672, -0.07051736116409302], "Rt. Gonion": [-0.039789870381355286, 0.5862165093421936, 0.08126991242170334], "Rt. Humeral Lateral Epicn": [-0.305961549282074, 0.18963491916656494, 0.02413778565824032], "Rt. Humeral Medial Epicn": [-0.2452365607023239, 0.14169104397296906, 0.02717476524412632], "Rt. Iliocristale": [-0.13448292016983032, 0.08236365765333176, 0.08753668516874313], "Rt. Infraorbitale": [-0.018057597801089287, 0.6074041128158569, 0.15659330785274506], "Rt. Knee Crease": [-0.13441824913024902, -0.4631434381008148, -0.09803633391857147], "Rt. Lateral Malleolus": [-0.18557187914848328, -0.8449462652206421, -0.10613548010587692], "Rt. Medial Malleolus": [-0.11953018605709076, -0.8493117690086365, -0.0951499491930008], "Rt. Metacarpal Phal. II": [-0.4505012333393097, -0.0695083737373352, 0.12253693491220474], "Rt. Metacarpal Phal. V": [-0.4535633623600006, -0.09275353699922562, 0.06843440979719162], "Rt. Metatarsal Phal. I": [-0.15305054187774658, -0.9043824076652527, 0.059985045343637466], "Rt. Metatarsal Phal. V": [-0.21699956059455872, -0.9033157825469971, 0.020998405292630196], "Rt. Olecranon": [-0.2737971246242523, 0.1564932018518448, 0.0039566149935126305], "Rt. PSIS": [-0.046498510986566544, 0.013296409510076046, -0.05621606856584549], "Rt. Radial Styloid": [-0.3961246907711029, -0.008065233007073402, 0.09880348294973373], "Rt. Radiale": [-0.31076520681381226, 0.1707429438829422, 0.02118363417685032], "Rt. Sphyrion": [-0.12196264415979385, -0.8673825263977051, -0.08830767869949341], "Rt. Thelion/Bustpoint": [-0.08797670155763626, 0.24651062488555908, 0.15826831758022308], "Rt. Tragion": [-0.05408796668052673, 0.6290176510810852, 0.07780168205499649], "Rt. Trochanterion": [-0.17810793220996857, -0.07766149938106537, 0.053297027945518494], "Rt. Ulnar Styloid": [-0.4243033528327942, -0.012233204208314419, 0.05225246399641037], "Sellion": [0.01690615527331829, 0.6337238550186157, 0.1735621988773346], "Substernale": [0.008939916267991066, 0.18423092365264893, 0.1452052891254425], "Supramenton": [0.018272362649440765, 0.5433174967765808, 0.14859901368618011], "Suprasternale": [0.012776311486959457, 0.4049689769744873, 0.10658861696720123], "Waist, Preferred, Post.": [0.0037879610899835825, 0.009930530562996864, -0.05914326012134552]}