{"10th Rib Midspine": [0.056018050760030746, 0.15778948366641998, -0.2573188245296478], "Cervicale": [0.07157375663518906, 0.48389825224876404, -0.2395607978105545], "Lt. 10th Rib": [0.1877739578485489, 0.11185436695814133, -0.0560571663081646], "Lt. ASIS": [0.21976453065872192, 0.007651573978364468, -0.06362669914960861], "Lt. Acromion": [0.20240271091461182, 0.5270926356315613, -0.20842480659484863], "Lt. Axilla, Ant.": [0.2381424903869629, 0.4361914396286011, -0.15571966767311096], "Lt. Axilla, Post.": [0.3022325932979584, 0.43999189138412476, -0.18000392615795135], "Lt. Calcaneous, Post.": [0.12271322309970856, -0.8692829608917236, -0.3385385274887085], "Lt. Clavicale": [0.0891466960310936, 0.4254041910171509, -0.1078227236866951], "Lt. Dactylion": [0.39331358671188354, 1.0032354593276978, -0.07719890028238297], "Lt. Digit II": [0.16171491146087646, -0.9014551043510437, -0.09176068007946014], "Lt. Femoral Lateral Epicn": [0.2113656848669052, -0.47447624802589417, -0.2310556024312973], "Lt. Femoral Medial Epicn": [0.09244054555892944, -0.4714597761631012, -0.25257861614227295], "Lt. Gonion": [0.11868207156658173, 0.5475289225578308, -0.13410867750644684], "Lt. Humeral Lateral Epicn": [0.4006686508655548, 0.618644654750824, -0.1616400182247162], "Lt. Humeral Medial Epicn": [0.42676201462745667, 0.5891835689544678, -0.08834803849458694], "Lt. Iliocristale": [0.23215024173259735, 0.07950626313686371, -0.10508767515420914], "Lt. Infraorbitale": [0.08940344303846359, 0.5888980627059937, -0.06503097712993622], "Lt. Knee Crease": [0.15368935465812683, -0.4593508541584015, -0.28387677669525146], "Lt. Lateral Malleolus": [0.17165210843086243, -0.8280721306800842, -0.2844681739807129], "Lt. Medial Malleolus": [0.10139314830303192, -0.8285213112831116, -0.2636112570762634], "Lt. Metacarpal Phal. II": [0.38506829738616943, 0.9165400266647339, -0.04343799129128456], "Lt. Metacarpal Phal. V": [0.44538289308547974, 0.916234016418457, -0.07613964378833771], "Lt. Metatarsal Phal. I": [0.14283323287963867, -0.8937309384346008, -0.11582359671592712], "Lt. Metatarsal Phal. V": [0.2067643404006958, -0.884568452835083, -0.1921589970588684], "Lt. Olecranon": [0.4351395070552826, 0.5994716882705688, -0.12371838092803955], "Lt. PSIS": [0.11177396029233932, 0.005689393263310194, -0.2816465497016907], "Lt. Radial Styloid": [0.4221622347831726, 0.8192944526672363, -0.021329322829842567], "Lt. Radiale": [0.4138767123222351, 0.6326049566268921, -0.15071777999401093], "Lt. Sphyrion": [0.10266628861427307, -0.8499999046325684, -0.2609010636806488], "Lt. Thelion/Bustpoint": [0.17628152668476105, 0.2788484990596771, -0.003542240709066391], "Lt. Tragion": [0.1263982653617859, 0.5923121571540833, -0.14504437148571014], "Lt. Trochanterion": [0.24685658514499664, -0.08708851784467697, -0.1377219259738922], "Lt. Ulnar Styloid": [0.4486335515975952, 0.8312625885009766, -0.06434682011604309], "Nuchale": [0.07120025902986526, 0.5657250285148621, -0.2411831021308899], "Rt. 10th Rib": [-0.057924140244722366, 0.12031634151935577, -0.03349459916353226], "Rt. ASIS": [-0.09752628952264786, 0.003841677913442254, -0.03904499113559723], "Rt. Acromion": [-0.06795673072338104, 0.5259572863578796, -0.21239922940731049], "Rt. Axilla, Ant.": [-0.1061258390545845, 0.4286468029022217, -0.15695391595363617], "Rt. Axilla, Post.": [-0.1782141774892807, 0.43958574533462524, -0.18658578395843506], "Rt. Calcaneous, Post.": [-0.0464797280728817, -0.8757818341255188, -0.34010815620422363], "Rt. Clavicale": [0.039321716874837875, 0.4295595586299896, -0.10687339305877686], "Rt. Dactylion": [-0.2818869650363922, 1.011025071144104, -0.03445037081837654], "Rt. Digit II": [-0.1495765894651413, -0.9003597497940063, -0.11250999569892883], "Rt. Femoral Lateral Epicn": [-0.1299099177122116, -0.4653303325176239, -0.23525869846343994], "Rt. Femoral Medial Epicn": [-0.008685348555445671, -0.4728260934352875, -0.23325613141059875], "Rt. Gonion": [0.0005346296820789576, 0.5448499321937561, -0.1428198218345642], "Rt. Humeral Lateral Epicn": [-0.27854326367378235, 0.6180369257926941, -0.1665383130311966], "Rt. Humeral Medial Epicn": [-0.29305267333984375, 0.5875740647315979, -0.08845514804124832], "Rt. Iliocristale": [-0.12787652015686035, 0.07529621571302414, -0.09506279975175858], "Rt. Infraorbitale": [0.01882382109761238, 0.5825063586235046, -0.07015474140644073], "Rt. Knee Crease": [-0.06188296526670456, -0.4553094506263733, -0.2729472517967224], "Rt. Lateral Malleolus": [-0.10347288846969604, -0.8260811567306519, -0.29627320170402527], "Rt. Medial Malleolus": [-0.03999636322259903, -0.8282511234283447, -0.25926828384399414], "Rt. Metacarpal Phal. II": [-0.25301310420036316, 0.9161611199378967, -0.03448885306715965], "Rt. Metacarpal Phal. V": [-0.3238460123538971, 0.9154135584831238, -0.039223309606313705], "Rt. Metatarsal Phal. I": [-0.11401379108428955, -0.8875239491462708, -0.1206909790635109], "Rt. Metatarsal Phal. V": [-0.1667211502790451, -0.8883285522460938, -0.17279033362865448], "Rt. Olecranon": [-0.3128860592842102, 0.5982188582420349, -0.1339077651500702], "Rt. PSIS": [-0.01296307984739542, 0.010259733535349369, -0.2812347412109375], "Rt. Radial Styloid": [-0.2690422534942627, 0.8222159147262573, -0.014704132452607155], "Rt. Radiale": [-0.29323843121528625, 0.628724992275238, -0.15440203249454498], "Rt. Sphyrion": [-0.04396390542387962, -0.8481347560882568, -0.2525375783443451], "Rt. Thelion/Bustpoint": [-0.0465240478515625, 0.27742499113082886, -0.011964483186602592], "Rt. Tragion": [-0.010633832775056362, 0.5885826945304871, -0.15378332138061523], "Rt. Trochanterion": [-0.149966761469841, -0.08277035504579544, -0.13226008415222168], "Rt. Ulnar Styloid": [-0.3183225095272064, 0.8333803415298462, -0.049768950790166855], "Sellion": [0.04669839143753052, 0.6107361912727356, -0.059894002974033356], "Substernale": [0.06317716091871262, 0.21928295493125916, 0.013572392985224724], "Supramenton": [0.05142364650964737, 0.5231004357337952, -0.061278220266103745], "Suprasternale": [0.06311261653900146, 0.4085380733013153, -0.09089230000972748], "Waist, Preferred, Post.": [0.049120064824819565, 0.0077330549247562885, -0.28722548484802246]}