{"10th Rib Midspine": [0.002980949589982629, 0.2563205659389496, -0.1074691191315651], "Cervicale": [0.019838370382785797, 0.6227864027023315, -0.11820971220731735], "Lt. 10th Rib": [-0.19272558391094208, 0.233287513256073, -0.14129869639873505], "Lt. ASIS": [-0.20430554449558258, 0.12356821447610855, -0.1571851372718811], "Lt. Acromion": [-0.14870508015155792, 0.5459006428718567, 0.08286388218402863], "Lt. Axilla, Ant.": [-0.13011902570724487, 0.4628729522228241, 0.008017532527446747], "Lt. Axilla, Post.": [-0.024787666276097298, 0.4566584527492523, 0.05405822768807411], "Lt. Calcaneous, Post.": [-0.19439484179019928, -0.8861870169639587, -0.21515396237373352], "Lt. Clavicale": [-0.11630993336439133, 0.5600822567939758, -0.1436353325843811], "Lt. Dactylion": [-0.11366648972034454, -0.10554578900337219, 0.06213558837771416], "Lt. Digit II": [-0.38285887241363525, -0.8667704463005066, -0.38482239842414856], "Lt. Femoral Lateral Epicn": [-0.24066412448883057, -0.43594256043434143, -0.13963712751865387], "Lt. Femoral Medial Epicn": [-0.14816412329673767, -0.43373027443885803, -0.19863314926624298], "Lt. Gonion": [-0.10388745367527008, 0.7170361876487732, -0.10595060139894485], "Lt. Humeral Lateral Epicn": [-0.07602217048406601, 0.2962084412574768, 0.18500077724456787], "Lt. Humeral Medial Epicn": [0.004412389826029539, 0.28315794467926025, 0.16111259162425995], "Lt. Iliocristale": [-0.19460459053516388, 0.19937393069267273, -0.10479644685983658], "Lt. Infraorbitale": [-0.14147934317588806, 0.7614158987998962, -0.1692938357591629], "Lt. Knee Crease": [-0.16501553356647491, -0.4269656240940094, -0.13663184642791748], "Lt. Lateral Malleolus": [-0.267374187707901, -0.8302616477012634, -0.22360645234584808], "Lt. Medial Malleolus": [-0.2240542769432068, -0.8246110677719116, -0.28632834553718567], "Lt. Metacarpal Phal. II": [-0.15002508461475372, -0.052417438477277756, 0.10529089719057083], "Lt. Metacarpal Phal. V": [-0.09484066814184189, -0.06351752579212189, 0.1416531354188919], "Lt. Metatarsal Phal. I": [-0.3681790232658386, -0.869137167930603, -0.3859986662864685], "Lt. Metatarsal Phal. V": [-0.3808939754962921, -0.8712981343269348, -0.3136586844921112], "Lt. Olecranon": [-0.01505043264478445, 0.2921298146247864, 0.19312185049057007], "Lt. PSIS": [-0.04304846376180649, 0.08884412795305252, -0.058857791125774384], "Lt. Radial Styloid": [-0.09812574088573456, 0.046578530222177505, 0.1041983962059021], "Lt. Radiale": [-0.06545976549386978, 0.2772146463394165, 0.190084308385849], "Lt. Sphyrion": [-0.2285693734884262, -0.8475694060325623, -0.2900885045528412], "Lt. Thelion/Bustpoint": [-0.194346621632576, 0.3937363922595978, -0.12423336505889893], "Lt. Tragion": [-0.09890055656433105, 0.761983335018158, -0.08819926530122757], "Lt. Trochanterion": [-0.23188738524913788, 0.004010258708149195, -0.11000092327594757], "Lt. Ulnar Styloid": [-0.09132213890552521, 0.03961034491658211, 0.15864433348178864], "Nuchale": [0.023250285536050797, 0.7416003346443176, -0.0863100066781044], "Rt. 10th Rib": [-0.03868814930319786, 0.2390138953924179, -0.29747021198272705], "Rt. ASIS": [-0.00525532616302371, 0.10224974900484085, -0.3109275996685028], "Rt. Acromion": [0.013919271528720856, 0.5712923407554626, -0.38862454891204834], "Rt. Axilla, Ant.": [-0.012695709243416786, 0.4861902892589569, -0.3352719247341156], "Rt. Axilla, Post.": [0.020646778866648674, 0.4252224862575531, -0.389711856842041], "Rt. Calcaneous, Post.": [0.1215362697839737, -0.8914731740951538, -0.04635240137577057], "Rt. Clavicale": [-0.08580806106328964, 0.5591736435890198, -0.20355787873268127], "Rt. Dactylion": [-0.36442190408706665, 0.6812744140625, -0.6729775667190552], "Rt. Digit II": [0.052466981112957, -0.8902502059936523, -0.3107597529888153], "Rt. Femoral Lateral Epicn": [0.13950887322425842, -0.43444573879241943, -0.18289026618003845], "Rt. Femoral Medial Epicn": [0.05621540918946266, -0.43293532729148865, -0.11379476636648178], "Rt. Gonion": [-0.021656036376953125, 0.7157461643218994, -0.20817364752292633], "Rt. Humeral Lateral Epicn": [-0.07602903991937637, 0.43738117814064026, -0.5705894231796265], "Rt. Humeral Medial Epicn": [-0.14177539944648743, 0.3717709481716156, -0.5467216372489929], "Rt. Iliocristale": [0.0310982596129179, 0.1784043312072754, -0.2994069755077362], "Rt. Infraorbitale": [-0.09571121633052826, 0.7571811676025391, -0.23059192299842834], "Rt. Knee Crease": [0.1143382117152214, -0.41473114490509033, -0.1170332133769989], "Rt. Lateral Malleolus": [0.13652782142162323, -0.8388652205467224, -0.12068823724985123], "Rt. Medial Malleolus": [0.06304850429296494, -0.8389238715171814, -0.10513553023338318], "Rt. Metacarpal Phal. II": [-0.32622504234313965, 0.6721353530883789, -0.6679291725158691], "Rt. Metacarpal Phal. V": [-0.36382201313972473, 0.621775209903717, -0.696974515914917], "Rt. Metatarsal Phal. I": [0.019765105098485947, -0.8826479315757751, -0.28077924251556396], "Rt. Metatarsal Phal. V": [0.10848987847566605, -0.8885318636894226, -0.26953428983688354], "Rt. Olecranon": [-0.10813657939434052, 0.3733319938182831, -0.5861059427261353], "Rt. PSIS": [0.03822527453303337, 0.08802013099193573, -0.12037372589111328], "Rt. Radial Styloid": [-0.28327926993370056, 0.5967041254043579, -0.6130895018577576], "Rt. Radiale": [-0.112278051674366, 0.4188096821308136, -0.6066278219223022], "Rt. Sphyrion": [0.06098662316799164, -0.8610471487045288, -0.11135221272706985], "Rt. Thelion/Bustpoint": [-0.06186911463737488, 0.39158502221107483, -0.28498420119285583], "Rt. Tragion": [-0.004557718522846699, 0.7627816796302795, -0.20388107001781464], "Rt. Trochanterion": [0.07403044402599335, -0.009464271366596222, -0.29510894417762756], "Rt. Ulnar Styloid": [-0.31248825788497925, 0.5554342269897461, -0.6554818153381348], "Sellion": [-0.12717477977275848, 0.7892447710037231, -0.21183505654335022], "Substernale": [-0.13332848250865936, 0.32115209102630615, -0.23007938265800476], "Supramenton": [-0.13260656595230103, 0.6858863234519958, -0.21576018631458282], "Suprasternale": [-0.11008801311254501, 0.5356979966163635, -0.18007531762123108], "Waist, Preferred, Post.": [-0.004046478308737278, 0.08465966582298279, -0.09075957536697388]}