{"10th Rib Midspine": [0.14241854846477509, 0.14603465795516968, -0.15765447914600372], "Cervicale": [0.15929479897022247, 0.46736982464790344, -0.14821895956993103], "Lt. 10th Rib": [0.21689960360527039, 0.0832832008600235, -0.01464266236871481], "Lt. ASIS": [0.22450228035449982, -0.031455714255571365, -0.02127838507294655], "Lt. Acromion": [0.30195072293281555, 0.4908284842967987, -0.12097403407096863], "Lt. Axilla, Ant.": [0.30278289318084717, 0.4316662549972534, -0.05299235135316849], "Lt. Axilla, Post.": [0.3697071671485901, 0.45114532113075256, -0.056819312274456024], "Lt. Calcaneous, Post.": [0.07938231527805328, -0.8776100873947144, -0.292195200920105], "Lt. Clavicale": [0.16530939936637878, 0.41683346033096313, -0.03261282294988632], "Lt. Dactylion": [0.3014293313026428, 0.9923624992370605, 0.05176900327205658], "Lt. Digit II": [0.053966645151376724, -0.9132742881774902, -0.06163830682635307], "Lt. Femoral Lateral Epicn": [0.1876354068517685, -0.507690966129303, -0.21132703125476837], "Lt. Femoral Medial Epicn": [0.08887428045272827, -0.486186146736145, -0.2594856023788452], "Lt. Gonion": [0.20931664109230042, 0.541013777256012, -0.0437101311981678], "Lt. Humeral Lateral Epicn": [0.45010456442832947, 0.6384098529815674, -0.03610626980662346], "Lt. Humeral Medial Epicn": [0.4638362228870392, 0.6289993524551392, 0.03346993401646614], "Lt. Iliocristale": [0.2483600676059723, 0.04683233052492142, -0.043650127947330475], "Lt. Infraorbitale": [0.18098413944244385, 0.5602741241455078, 0.028996851295232773], "Lt. Knee Crease": [0.15895596146583557, -0.48875725269317627, -0.2666015625], "Lt. Lateral Malleolus": [0.10862303525209427, -0.8447729349136353, -0.23383913934230804], "Lt. Medial Malleolus": [0.04492349177598953, -0.8363586664199829, -0.23311984539031982], "Lt. Metacarpal Phal. II": [0.3604227602481842, 0.9377675652503967, 0.0168888121843338], "Lt. Metacarpal Phal. V": [0.37215107679367065, 0.9270796179771423, 0.08169788122177124], "Lt. Metatarsal Phal. I": [0.025183837860822678, -0.8987359404563904, -0.08350683748722076], "Lt. Metatarsal Phal. V": [0.06986840814352036, -0.8936973214149475, -0.1023959368467331], "Lt. Olecranon": [0.48024067282676697, 0.6372495293617249, 0.00820103194564581], "Lt. PSIS": [0.19611260294914246, -0.022693121805787086, -0.2107446789741516], "Lt. Radial Styloid": [0.39754173159599304, 0.8544687628746033, 0.02064112015068531], "Lt. Radiale": [0.4626472294330597, 0.657860279083252, -0.024671437218785286], "Lt. Sphyrion": [0.04314732179045677, -0.8535342812538147, -0.22846569120883942], "Lt. Thelion/Bustpoint": [0.2211928814649582, 0.2553764283657074, 0.03821205720305443], "Lt. Tragion": [0.2226022481918335, 0.5819615721702576, -0.049223098903894424], "Lt. Trochanterion": [0.26805341243743896, -0.13850803673267365, -0.06669647246599197], "Lt. Ulnar Styloid": [0.43282726407051086, 0.8680728673934937, 0.044795650988817215], "Nuchale": [0.1640610545873642, 0.6055707931518555, -0.134273499250412], "Rt. 10th Rib": [0.020430900156497955, 0.09487146139144897, -0.042745232582092285], "Rt. ASIS": [-0.02107362449169159, -0.00808114092797041, -0.075167216360569], "Rt. Acromion": [0.028602326288819313, 0.5170362591743469, -0.1380050927400589], "Rt. Axilla, Ant.": [0.008186467923223972, 0.43326708674430847, -0.07895290851593018], "Rt. Axilla, Post.": [-0.06082525476813316, 0.4833877384662628, -0.08338557183742523], "Rt. Calcaneous, Post.": [0.08201136440038681, -0.32390931248664856, -0.2135303020477295], "Rt. Clavicale": [0.11812834441661835, 0.4196180999279022, -0.037779051810503006], "Rt. Dactylion": [0.04379459470510483, 1.0078433752059937, 0.05778506025671959], "Rt. Digit II": [0.0817299485206604, -0.55205899477005, -0.21443957090377808], "Rt. Femoral Lateral Epicn": [-0.3029807209968567, -0.2990247905254364, -0.1379823535680771], "Rt. Femoral Medial Epicn": [-0.23998284339904785, -0.3218241035938263, -0.02701007016003132], "Rt. Gonion": [0.0927758440375328, 0.5465437173843384, -0.06171421706676483], "Rt. Humeral Lateral Epicn": [-0.12487299740314484, 0.6805001497268677, -0.05898266285657883], "Rt. Humeral Medial Epicn": [-0.11383052170276642, 0.666141152381897, 0.014007600955665112], "Rt. Iliocristale": [-0.027870148420333862, 0.0519266203045845, -0.10981728881597519], "Rt. Infraorbitale": [0.1079695001244545, 0.5602470636367798, 0.023484952747821808], "Rt. Knee Crease": [-0.2660767734050751, -0.28382396697998047, -0.15099091827869415], "Rt. Lateral Malleolus": [0.026815326884388924, -0.37140899896621704, -0.22314371168613434], "Rt. Medial Malleolus": [0.04325655475258827, -0.3797719478607178, -0.16118881106376648], "Rt. Metacarpal Phal. II": [-0.01876227557659149, 0.9623350501060486, 0.0035469750873744488], "Rt. Metacarpal Phal. V": [-0.0357549786567688, 0.9577943086624146, 0.06522452086210251], "Rt. Metatarsal Phal. I": [0.0811963677406311, -0.5356348752975464, -0.18090060353279114], "Rt. Metatarsal Phal. V": [0.0605013333261013, -0.5058470964431763, -0.24888284504413605], "Rt. Olecranon": [-0.15005408227443695, 0.6769872903823853, -0.012763476930558681], "Rt. PSIS": [0.08836542814970016, -0.014396159909665585, -0.242709681391716], "Rt. Radial Styloid": [-0.060877807438373566, 0.8975191712379456, -0.018141914159059525], "Rt. Radiale": [-0.13474081456661224, 0.6959989666938782, -0.047613371163606644], "Rt. Sphyrion": [0.05959155410528183, -0.38634052872657776, -0.16716645658016205], "Rt. Thelion/Bustpoint": [0.02822873182594776, 0.2672175168991089, 0.008228001184761524], "Rt. Tragion": [0.08289765566587448, 0.5914867520332336, -0.06099620833992958], "Rt. Trochanterion": [-0.07876058667898178, -0.0713227167725563, -0.19005794823169708], "Rt. Ulnar Styloid": [-0.0945715457201004, 0.9037061929702759, 0.025230640545487404], "Sellion": [0.14158301055431366, 0.5815479755401611, 0.045670974999666214], "Substernale": [0.12046658992767334, 0.1856500506401062, 0.015842463821172714], "Supramenton": [0.13907602429389954, 0.49913838505744934, 0.01891271583735943], "Suprasternale": [0.13794079422950745, 0.3918689489364624, -0.025126682594418526], "Waist, Preferred, Post.": [0.139945849776268, -0.02349974401295185, -0.22921045124530792]}