{"10th Rib Midspine": [0.058622561395168304, 0.17052172124385834, -0.25478285551071167], "Cervicale": [0.06679411232471466, 0.49642089009284973, -0.2006615698337555], "Lt. 10th Rib": [0.18628805875778198, 0.10327324271202087, -0.0574791394174099], "Lt. ASIS": [0.2194463163614273, 0.0014561398420482874, -0.07037466019392014], "Lt. Acromion": [0.24703015387058258, 0.45661163330078125, -0.16003863513469696], "Lt. Axilla, Ant.": [0.23157377541065216, 0.342467725276947, -0.13529901206493378], "Lt. Axilla, Post.": [0.22300051152706146, 0.3420305848121643, -0.2567490041255951], "Lt. Calcaneous, Post.": [0.12307529151439667, -0.8717794418334961, -0.33808159828186035], "Lt. Clavicale": [0.08869778364896774, 0.4144275486469269, -0.07644259184598923], "Lt. Dactylion": [0.4418354630470276, -0.17994825541973114, -0.21695025265216827], "Lt. Digit II": [0.17350725829601288, -0.894260585308075, -0.1105586513876915], "Lt. Femoral Lateral Epicn": [0.21259364485740662, -0.4758690893650055, -0.24722714722156525], "Lt. Femoral Medial Epicn": [0.09359359741210938, -0.47081175446510315, -0.2679343819618225], "Lt. Gonion": [0.12022911012172699, 0.54435795545578, -0.09145079553127289], "Lt. Humeral Lateral Epicn": [0.34628432989120483, 0.22272691130638123, -0.20721088349819183], "Lt. Humeral Medial Epicn": [0.29357409477233887, 0.19958120584487915, -0.2688727378845215], "Lt. Iliocristale": [0.23440247774124146, 0.07415671646595001, -0.10785026103258133], "Lt. Infraorbitale": [0.09081409871578217, 0.5774148106575012, -0.02054041251540184], "Lt. Knee Crease": [0.1548680067062378, -0.4591653645038605, -0.29886236786842346], "Lt. Lateral Malleolus": [0.1713809221982956, -0.8282190561294556, -0.2864644229412079], "Lt. Medial Malleolus": [0.10298436135053635, -0.8275881409645081, -0.262538880109787], "Lt. Metacarpal Phal. II": [0.38741570711135864, -0.1026601493358612, -0.2243867665529251], "Lt. Metacarpal Phal. V": [0.44712740182876587, -0.07762091606855392, -0.24006499350070953], "Lt. Metatarsal Phal. I": [0.14526140689849854, -0.8938508033752441, -0.11400379240512848], "Lt. Metatarsal Phal. V": [0.21216274797916412, -0.8899235725402832, -0.16672366857528687], "Lt. Olecranon": [0.32517528533935547, 0.21358348429203033, -0.2569904923439026], "Lt. PSIS": [0.11164659261703491, 0.01977994665503502, -0.290304571390152], "Lt. Radial Styloid": [0.3667106330394745, -0.0072739627212285995, -0.2525881826877594], "Lt. Radiale": [0.35217708349227905, 0.2032163441181183, -0.2186170369386673], "Lt. Sphyrion": [0.10401882976293564, -0.8487789034843445, -0.2573157846927643], "Lt. Thelion/Bustpoint": [0.17366968095302582, 0.2514244019985199, 0.014226344414055347], "Lt. Tragion": [0.12757304310798645, 0.5888649225234985, -0.09644009172916412], "Lt. Trochanterion": [0.2452768236398697, -0.08481010794639587, -0.14751358330249786], "Lt. Ulnar Styloid": [0.4161932170391083, -0.003784159431234002, -0.22405293583869934], "Nuchale": [0.0678858608007431, 0.5766239762306213, -0.19663846492767334], "Rt. 10th Rib": [-0.05967923626303673, 0.10457644611597061, -0.03666866198182106], "Rt. ASIS": [-0.09917540103197098, -0.004839020315557718, -0.047075871378183365], "Rt. Acromion": [-0.12385407835245132, 0.4489915668964386, -0.1624632179737091], "Rt. Axilla, Ant.": [-0.10839448869228363, 0.34835776686668396, -0.13841669261455536], "Rt. Axilla, Post.": [-0.10927307605743408, 0.3294377326965332, -0.25632959604263306], "Rt. Calcaneous, Post.": [-0.041504815220832825, -0.8727936148643494, -0.3377486765384674], "Rt. Clavicale": [0.03299199789762497, 0.4171597957611084, -0.07419297844171524], "Rt. Dactylion": [-0.3513537645339966, -0.17091506719589233, -0.255567729473114], "Rt. Digit II": [-0.1500261276960373, -0.8999841213226318, -0.1130174994468689], "Rt. Femoral Lateral Epicn": [-0.12865981459617615, -0.4659765064716339, -0.24716655910015106], "Rt. Femoral Medial Epicn": [-0.006983956787735224, -0.47104719281196594, -0.24377234280109406], "Rt. Gonion": [0.0025887174997478724, 0.5415109992027283, -0.10154727101325989], "Rt. Humeral Lateral Epicn": [-0.2276974469423294, 0.22393536567687988, -0.21551775932312012], "Rt. Humeral Medial Epicn": [-0.17332203686237335, 0.19970929622650146, -0.27882814407348633], "Rt. Iliocristale": [-0.13216128945350647, 0.07195542752742767, -0.09985731542110443], "Rt. Infraorbitale": [0.022949254140257835, 0.5730892419815063, -0.023506788536906242], "Rt. Knee Crease": [-0.059996750205755234, -0.4574204683303833, -0.28501397371292114], "Rt. Lateral Malleolus": [-0.10091948509216309, -0.8243748545646667, -0.29290929436683655], "Rt. Medial Malleolus": [-0.03840659186244011, -0.8272895216941833, -0.2566371560096741], "Rt. Metacarpal Phal. II": [-0.2853395342826843, -0.09954825043678284, -0.2502172887325287], "Rt. Metacarpal Phal. V": [-0.3500680923461914, -0.06604010611772537, -0.26542943716049194], "Rt. Metatarsal Phal. I": [-0.11392083764076233, -0.8885960578918457, -0.11816192418336868], "Rt. Metatarsal Phal. V": [-0.1641187071800232, -0.8874639868736267, -0.17329299449920654], "Rt. Olecranon": [-0.2173110991716385, 0.22013840079307556, -0.2630643844604492], "Rt. PSIS": [-0.01305883564054966, 0.0224757082760334, -0.28960785269737244], "Rt. Radial Styloid": [-0.2529459595680237, -0.009037641808390617, -0.26238855719566345], "Rt. Radiale": [-0.23459991812705994, 0.20946861803531647, -0.2256762534379959], "Rt. Sphyrion": [-0.04131609946489334, -0.8512441515922546, -0.25216835737228394], "Rt. Thelion/Bustpoint": [-0.05188148468732834, 0.24983662366867065, 0.0016154638724401593], "Rt. Tragion": [-0.008860670030117035, 0.5894594788551331, -0.10898952186107635], "Rt. Trochanterion": [-0.1497545689344406, -0.08118118345737457, -0.14403541386127472], "Rt. Ulnar Styloid": [-0.3129710555076599, 0.004844600800424814, -0.24756206572055817], "Sellion": [0.050850242376327515, 0.6009023189544678, -0.0105569614097476], "Substernale": [0.05925453081727028, 0.19493013620376587, 0.01561557874083519], "Supramenton": [0.05429765209555626, 0.5111797451972961, -0.023279152810573578], "Suprasternale": [0.061462417244911194, 0.393894761800766, -0.057434942573308945], "Waist, Preferred, Post.": [0.048736441880464554, 0.02060398831963539, -0.2960621416568756]}