{"10th Rib Midspine": [0.0039957016706466675, 0.3019458055496216, -0.4221131503582001], "Cervicale": [-0.0034582505468279123, 0.6602516770362854, -0.368529349565506], "Lt. 10th Rib": [0.15526260435581207, 0.22837893664836884, -0.20783907175064087], "Lt. ASIS": [0.1435580998659134, 0.14955514669418335, -0.23610623180866241], "Lt. Acromion": [0.17619577050209045, 0.6104828715324402, -0.18975317478179932], "Lt. Axilla, Ant.": [0.12587794661521912, 0.5188774466514587, -0.17151103913784027], "Lt. Axilla, Post.": [0.1765836775302887, 0.465933233499527, -0.1780976802110672], "Lt. Calcaneous, Post.": [0.15181373059749603, -0.7902286648750305, -0.4844096004962921], "Lt. Clavicale": [0.029887469485402107, 0.5622061491012573, -0.21676459908485413], "Lt. Dactylion": [0.004543922375887632, 0.43418487906455994, 0.45431751012802124], "Lt. Digit II": [0.23977038264274597, -0.8229070901870728, -0.24985405802726746], "Lt. Femoral Lateral Epicn": [0.18067361414432526, -0.3548867702484131, -0.364719420671463], "Lt. Femoral Medial Epicn": [0.07041380554437637, -0.3655681014060974, -0.3539370000362396], "Lt. Gonion": [0.06981417536735535, 0.6948153972625732, -0.24777474999427795], "Lt. Humeral Lateral Epicn": [0.15982824563980103, 0.5005688667297363, 0.034102339297533035], "Lt. Humeral Medial Epicn": [0.09590765833854675, 0.456991970539093, 0.03217611461877823], "Lt. Iliocristale": [0.1783614456653595, 0.20179268717765808, -0.27116522192955017], "Lt. Infraorbitale": [0.03994343429803848, 0.7414886355400085, -0.1833694726228714], "Lt. Knee Crease": [0.11594706773757935, -0.34218400716781616, -0.39832642674446106], "Lt. Lateral Malleolus": [0.20142199099063873, -0.7430461645126343, -0.4312898814678192], "Lt. Medial Malleolus": [0.13970601558685303, -0.7546030282974243, -0.4010116755962372], "Lt. Metacarpal Phal. II": [0.040282413363456726, 0.4857727885246277, 0.38853856921195984], "Lt. Metacarpal Phal. V": [0.0401812307536602, 0.4196355640888214, 0.35684770345687866], "Lt. Metatarsal Phal. I": [0.21161282062530518, -0.8197308778762817, -0.2620998024940491], "Lt. Metatarsal Phal. V": [0.27934423089027405, -0.8064191341400146, -0.3250904679298401], "Lt. Olecranon": [0.1291230171918869, 0.46223363280296326, 0.033928751945495605], "Lt. PSIS": [0.05554545670747757, 0.15075500309467316, -0.446652889251709], "Lt. Radial Styloid": [0.052318718284368515, 0.4960114061832428, 0.27176931500434875], "Lt. Radiale": [0.14857491850852966, 0.49475911259651184, 0.05489117279648781], "Lt. Sphyrion": [0.14613094925880432, -0.7770299315452576, -0.4007062315940857], "Lt. Thelion/Bustpoint": [0.11496053636074066, 0.38633227348327637, -0.13585354387760162], "Lt. Tragion": [0.07287457585334778, 0.7458431720733643, -0.2632300555706024], "Lt. Trochanterion": [0.1796623170375824, 0.05482456833124161, -0.2936619520187378], "Lt. Ulnar Styloid": [0.08633317798376083, 0.450695276260376, 0.274939626455307], "Nuchale": [0.005161517299711704, 0.7388036847114563, -0.35974112153053284], "Rt. 10th Rib": [-0.13956686854362488, 0.2424979954957962, -0.17226214706897736], "Rt. ASIS": [-0.1408318430185318, 0.14157827198505402, -0.21713967621326447], "Rt. Acromion": [-0.15191158652305603, 0.6454592347145081, -0.17301221191883087], "Rt. Axilla, Ant.": [-0.11679969727993011, 0.5501348972320557, -0.16023467481136322], "Rt. Axilla, Post.": [-0.18394674360752106, 0.49110424518585205, -0.17038582265377045], "Rt. Calcaneous, Post.": [-0.17637445032596588, -0.7843466401100159, -0.5068636536598206], "Rt. Clavicale": [-0.018610043451189995, 0.5640093088150024, -0.21043772995471954], "Rt. Dactylion": [-0.01336116436868906, 0.4405989348888397, 0.45321768522262573], "Rt. Digit II": [-0.2814196050167084, -0.8212070465087891, -0.2694431245326996], "Rt. Femoral Lateral Epicn": [-0.19275344908237457, -0.34370049834251404, -0.39026153087615967], "Rt. Femoral Medial Epicn": [-0.08933453261852264, -0.3615538477897644, -0.3714923560619354], "Rt. Gonion": [-0.0744631364941597, 0.6904248595237732, -0.2540174424648285], "Rt. Humeral Lateral Epicn": [-0.1762024164199829, 0.5091235041618347, 0.04494301602244377], "Rt. Humeral Medial Epicn": [-0.12656442821025848, 0.43406379222869873, 0.043946776539087296], "Rt. Iliocristale": [-0.18504273891448975, 0.203558549284935, -0.266959011554718], "Rt. Infraorbitale": [-0.03788056969642639, 0.734054684638977, -0.18009066581726074], "Rt. Knee Crease": [-0.13031096756458282, -0.3358958065509796, -0.41428235173225403], "Rt. Lateral Malleolus": [-0.23027245700359344, -0.7406253218650818, -0.45298904180526733], "Rt. Medial Malleolus": [-0.16783276200294495, -0.7491558790206909, -0.4173787236213684], "Rt. Metacarpal Phal. II": [-0.0419485904276371, 0.4781975746154785, 0.38110145926475525], "Rt. Metacarpal Phal. V": [-0.04685486480593681, 0.4133624732494354, 0.36467888951301575], "Rt. Metatarsal Phal. I": [-0.23872394859790802, -0.8138622045516968, -0.2740800082683563], "Rt. Metatarsal Phal. V": [-0.3032941520214081, -0.8085959553718567, -0.3373817801475525], "Rt. Olecranon": [-0.17611105740070343, 0.4570075273513794, 0.04747585952281952], "Rt. PSIS": [-0.05597933381795883, 0.15404899418354034, -0.44926154613494873], "Rt. Radial Styloid": [-0.04171282798051834, 0.4921480417251587, 0.27390363812446594], "Rt. Radiale": [-0.17139917612075806, 0.49552643299102783, 0.06158096343278885], "Rt. Sphyrion": [-0.1747807115316391, -0.7723139524459839, -0.4183085858821869], "Rt. Thelion/Bustpoint": [-0.10584747046232224, 0.39979612827301025, -0.12478729337453842], "Rt. Tragion": [-0.07863358408212662, 0.7456727027893066, -0.2655230760574341], "Rt. Trochanterion": [-0.18484170734882355, 0.0642237439751625, -0.3013792932033539], "Rt. Ulnar Styloid": [-0.07691062241792679, 0.4381536841392517, 0.279171884059906], "Sellion": [-0.004764108452945948, 0.7737177610397339, -0.1699765920639038], "Substernale": [0.009823264554142952, 0.3206475079059601, -0.11467203497886658], "Supramenton": [-0.00026023457758128643, 0.6460093855857849, -0.153485506772995], "Suprasternale": [0.005341235548257828, 0.5426937341690063, -0.19822068512439728], "Waist, Preferred, Post.": [-0.0011134505039080977, 0.15288051962852478, -0.44731631875038147]}