{"10th Rib Midspine": [0.14558045566082, 0.2879562973976135, 0.005225341767072678], "Cervicale": [0.1258188933134079, 0.6702126264572144, -0.0056507280096411705], "Lt. 10th Rib": [-0.10392638295888901, 0.25296634435653687, -0.02626747079193592], "Lt. ASIS": [-0.11140277981758118, 0.15451961755752563, -0.05357735604047775], "Lt. Acromion": [-0.06703480333089828, 0.5644594430923462, 0.14619344472885132], "Lt. Axilla, Ant.": [-0.05582303926348686, 0.49053090810775757, 0.12214004248380661], "Lt. Axilla, Post.": [0.06175994500517845, 0.48101872205734253, 0.1741781085729599], "Lt. Calcaneous, Post.": [-0.1402403563261032, -0.8093419075012207, -0.14986172318458557], "Lt. Clavicale": [-0.018802696838974953, 0.5754422545433044, -0.058754149824380875], "Lt. Dactylion": [0.16801820695400238, -0.11012684553861618, 0.21905073523521423], "Lt. Digit II": [-0.3286614418029785, -0.8191798329353333, -0.3249223828315735], "Lt. Femoral Lateral Epicn": [-0.22453585267066956, -0.36455684900283813, -0.15422381460666656], "Lt. Femoral Medial Epicn": [-0.14565764367580414, -0.3671964108943939, -0.22362443804740906], "Lt. Gonion": [-0.02813328057527542, 0.7305079102516174, -0.016771458089351654], "Lt. Humeral Lateral Epicn": [0.010214940644800663, 0.30038097500801086, 0.24750645458698273], "Lt. Humeral Medial Epicn": [0.0824340358376503, 0.3063809871673584, 0.25177496671676636], "Lt. Iliocristale": [-0.09385691583156586, 0.21127581596374512, 0.014550456777215004], "Lt. Infraorbitale": [-0.06238976866006851, 0.7744094729423523, -0.0890931561589241], "Lt. Knee Crease": [-0.146713525056839, -0.35941293835639954, -0.1592540740966797], "Lt. Lateral Malleolus": [-0.2092098891735077, -0.7665512561798096, -0.15690402686595917], "Lt. Medial Malleolus": [-0.16924679279327393, -0.7618404626846313, -0.21438223123550415], "Lt. Metacarpal Phal. II": [0.08594681322574615, -0.037818122655153275, 0.22529031336307526], "Lt. Metacarpal Phal. V": [0.14038629829883575, -0.01553783193230629, 0.26388275623321533], "Lt. Metatarsal Phal. I": [-0.28778505325317383, -0.808593213558197, -0.32549744844436646], "Lt. Metatarsal Phal. V": [-0.3249523937702179, -0.8183796405792236, -0.24960574507713318], "Lt. Olecranon": [0.05143554508686066, 0.31082937121391296, 0.26700684428215027], "Lt. PSIS": [0.07910197973251343, 0.10136540234088898, 0.01641302928328514], "Lt. Radial Styloid": [0.07417254149913788, 0.07031777501106262, 0.23354516923427582], "Lt. Radiale": [0.016162853688001633, 0.2822636663913727, 0.25521206855773926], "Lt. Sphyrion": [-0.1735970824956894, -0.7828283905982971, -0.21855488419532776], "Lt. Thelion/Bustpoint": [-0.1219448521733284, 0.3896850347518921, -0.01891452446579933], "Lt. Tragion": [-0.03310568630695343, 0.7785221934318542, -0.0012599698966369033], "Lt. Trochanterion": [-0.12743526697158813, 0.02291519194841385, -0.025178348645567894], "Lt. Ulnar Styloid": [0.08162258565425873, 0.0639488473534584, 0.2870572507381439], "Nuchale": [0.08215585350990295, 0.7712317109107971, 0.00772543391212821], "Rt. 10th Rib": [0.07582756131887436, 0.27572742104530334, -0.24513307213783264], "Rt. ASIS": [0.10107672214508057, 0.16857053339481354, -0.2648738622665405], "Rt. Acromion": [0.10814685374498367, 0.6946526169776917, -0.2062494456768036], "Rt. Axilla, Ant.": [0.08655200153589249, 0.5920897126197815, -0.21341173350811005], "Rt. Axilla, Post.": [0.1130610778927803, 0.5876931548118591, -0.2859526574611664], "Rt. Calcaneous, Post.": [0.15022671222686768, -0.8281993269920349, -0.040155719965696335], "Rt. Clavicale": [0.017026474699378014, 0.5917983651161194, -0.11535686999559402], "Rt. Dactylion": [-0.4225587844848633, 0.7035982608795166, -0.650880753993988], "Rt. Digit II": [0.0846206471323967, -0.8233261704444885, -0.2920653820037842], "Rt. Femoral Lateral Epicn": [0.18780258297920227, -0.3655976951122284, -0.13493472337722778], "Rt. Femoral Medial Epicn": [0.09929917752742767, -0.3604736328125, -0.06849581003189087], "Rt. Gonion": [0.06839340180158615, 0.7344807386398315, -0.11668674647808075], "Rt. Humeral Lateral Epicn": [-0.04076584801077843, 0.6793340444564819, -0.4186606705188751], "Rt. Humeral Medial Epicn": [-0.057716380804777145, 0.6010715365409851, -0.4343615174293518], "Rt. Iliocristale": [0.17213910818099976, 0.2246270775794983, -0.24597954750061035], "Rt. Infraorbitale": [-0.009429529309272766, 0.7730769515037537, -0.1449381709098816], "Rt. Knee Crease": [0.1644708216190338, -0.3465319275856018, -0.06696998327970505], "Rt. Lateral Malleolus": [0.17013762891292572, -0.7743077278137207, -0.1076609268784523], "Rt. Medial Malleolus": [0.09526647627353668, -0.7711101770401001, -0.0946427583694458], "Rt. Metacarpal Phal. II": [-0.3479713201522827, 0.719479501247406, -0.5928590297698975], "Rt. Metacarpal Phal. V": [-0.3346917927265167, 0.6494055986404419, -0.6334832906723022], "Rt. Metatarsal Phal. I": [0.05493883043527603, -0.8182746767997742, -0.2612767219543457], "Rt. Metatarsal Phal. V": [0.15002234280109406, -0.8240456581115723, -0.2556598484516144], "Rt. Olecranon": [-0.03047914057970047, 0.6430591344833374, -0.4440310597419739], "Rt. PSIS": [0.16940240561962128, 0.12247098982334137, -0.0553869791328907], "Rt. Radial Styloid": [-0.27373260259628296, 0.6844695210456848, -0.5364019870758057], "Rt. Radiale": [-0.04904460906982422, 0.672970712184906, -0.4349576532840729], "Rt. Sphyrion": [0.09707226604223251, -0.7946351170539856, -0.10020523518323898], "Rt. Thelion/Bustpoint": [0.046836480498313904, 0.41585758328437805, -0.2437528371810913], "Rt. Tragion": [0.08088310062885284, 0.785354495048523, -0.11545566469430923], "Rt. Trochanterion": [0.18513990938663483, 0.06364545971155167, -0.2508445680141449], "Rt. Ulnar Styloid": [-0.25090235471725464, 0.6760562062263489, -0.596001386642456], "Sellion": [-0.04348786920309067, 0.799332320690155, -0.1306377500295639], "Substernale": [-0.058408912271261215, 0.35431933403015137, -0.17115209996700287], "Supramenton": [-0.03670666739344597, 0.7030454277992249, -0.1297788769006729], "Suprasternale": [-0.00782762374728918, 0.5568825602531433, -0.1019575372338295], "Waist, Preferred, Post.": [0.12439529597759247, 0.10997690260410309, -0.02032308280467987]}