{"10th Rib Midspine": [0.11355873197317123, 0.14727160334587097, -0.17486456036567688], "Cervicale": [0.12823912501335144, 0.4780481457710266, -0.1905030459165573], "Lt. 10th Rib": [0.23104020953178406, 0.1011132076382637, -0.010815653018653393], "Lt. ASIS": [0.2612910866737366, -0.013982295989990234, -0.022771712392568588], "Lt. Acromion": [0.26933562755584717, 0.4925766587257385, -0.15831151604652405], "Lt. Axilla, Ant.": [0.2993660271167755, 0.4056485891342163, -0.10104744136333466], "Lt. Axilla, Post.": [0.3708134889602661, 0.3920615613460541, -0.11549685895442963], "Lt. Calcaneous, Post.": [0.25622954964637756, -0.8819177150726318, -0.2716754078865051], "Lt. Clavicale": [0.1395479440689087, 0.4301682412624359, -0.051591116935014725], "Lt. Dactylion": [0.4720248878002167, 0.9125145673751831, 0.057055193930864334], "Lt. Digit II": [0.26915404200553894, -0.9131881594657898, -0.03387768566608429], "Lt. Femoral Lateral Epicn": [0.2845805585384369, -0.4819456934928894, -0.18964740633964539], "Lt. Femoral Medial Epicn": [0.16865970194339752, -0.4924679100513458, -0.22320562601089478], "Lt. Gonion": [0.18761900067329407, 0.5339176654815674, -0.07709797471761703], "Lt. Humeral Lateral Epicn": [0.491701602935791, 0.5488869547843933, -0.11081722378730774], "Lt. Humeral Medial Epicn": [0.5190320014953613, 0.5244374871253967, -0.04350830242037773], "Lt. Iliocristale": [0.28397276997566223, 0.058564089238643646, -0.0520205982029438], "Lt. Infraorbitale": [0.15265055000782013, 0.5674804449081421, -0.007517521269619465], "Lt. Knee Crease": [0.236465185880661, -0.4743703007698059, -0.24638164043426514], "Lt. Lateral Malleolus": [0.29300084710121155, -0.8359936475753784, -0.21079598367214203], "Lt. Medial Malleolus": [0.22556808590888977, -0.8395147919654846, -0.20168140530586243], "Lt. Metacarpal Phal. II": [0.4477368891239166, 0.8437076807022095, 0.02508425898849964], "Lt. Metacarpal Phal. V": [0.5077210664749146, 0.8393471837043762, 0.01117177028208971], "Lt. Metatarsal Phal. I": [0.25294873118400574, -0.9029841423034668, -0.058836035430431366], "Lt. Metatarsal Phal. V": [0.2816617488861084, -0.8975200057029724, -0.057832032442092896], "Lt. Olecranon": [0.5296483039855957, 0.5325730443000793, -0.07695648074150085], "Lt. PSIS": [0.17685388028621674, 0.007193521596491337, -0.23431140184402466], "Lt. Radial Styloid": [0.4662521779537201, 0.7395104765892029, 0.0004048350383527577], "Lt. Radiale": [0.5052655339241028, 0.5620929002761841, -0.10269474983215332], "Lt. Sphyrion": [0.22800686955451965, -0.863218367099762, -0.19824376702308655], "Lt. Thelion/Bustpoint": [0.22265858948230743, 0.26402410864830017, 0.03255409002304077], "Lt. Tragion": [0.19253651797771454, 0.5776714086532593, -0.08622857928276062], "Lt. Trochanterion": [0.3028296232223511, -0.09788771718740463, -0.08588267862796783], "Lt. Ulnar Styloid": [0.5064732432365417, 0.7578999400138855, -0.024596713483333588], "Nuchale": [0.12801192700862885, 0.5644802451133728, -0.18520541489124298], "Rt. 10th Rib": [0.0010224470170214772, 0.10914529114961624, 0.007174511440098286], "Rt. ASIS": [-0.04131319373846054, -0.003289099782705307, -0.014904733747243881], "Rt. Acromion": [-0.01800236478447914, 0.5014434456825256, -0.16808819770812988], "Rt. Axilla, Ant.": [-0.04783738777041435, 0.4165225625038147, -0.0995006263256073], "Rt. Axilla, Post.": [-0.13930687308311462, 0.4277603030204773, -0.12763088941574097], "Rt. Calcaneous, Post.": [-0.05468764156103134, -0.8783648014068604, -0.3032153248786926], "Rt. Clavicale": [0.0850667729973793, 0.43240150809288025, -0.05586111173033714], "Rt. Dactylion": [-0.18427841365337372, 0.989906370639801, 0.051259201020002365], "Rt. Digit II": [-0.12336103618144989, -0.9053255319595337, -0.07858886569738388], "Rt. Femoral Lateral Epicn": [-0.08943711966276169, -0.4739840030670166, -0.2204023003578186], "Rt. Femoral Medial Epicn": [0.03325345739722252, -0.48313042521476746, -0.22938817739486694], "Rt. Gonion": [0.05005976930260658, 0.5279892683029175, -0.09070251882076263], "Rt. Humeral Lateral Epicn": [-0.22114136815071106, 0.6215987801551819, -0.11861991882324219], "Rt. Humeral Medial Epicn": [-0.23996400833129883, 0.5966249108314514, -0.04099956527352333], "Rt. Iliocristale": [-0.07385247200727463, 0.06414870917797089, -0.05889732390642166], "Rt. Infraorbitale": [0.07417462021112442, 0.560759961605072, -0.01375039666891098], "Rt. Knee Crease": [-0.02692810818552971, -0.4640815258026123, -0.26488810777664185], "Rt. Lateral Malleolus": [-0.1041778102517128, -0.8315101265907288, -0.2506645619869232], "Rt. Medial Malleolus": [-0.04111885279417038, -0.8368565440177917, -0.22611792385578156], "Rt. Metacarpal Phal. II": [-0.16744700074195862, 0.9132965207099915, 0.010955670848488808], "Rt. Metacarpal Phal. V": [-0.22631417214870453, 0.9172027707099915, 0.009921165183186531], "Rt. Metatarsal Phal. I": [-0.09083030372858047, -0.8973467350006104, -0.09153536707162857], "Rt. Metatarsal Phal. V": [-0.14620327949523926, -0.8952125906944275, -0.1313391774892807], "Rt. Olecranon": [-0.2597630023956299, 0.6103870868682861, -0.08638210594654083], "Rt. PSIS": [0.048364657908678055, 0.017606087028980255, -0.24116259813308716], "Rt. Radial Styloid": [-0.18367324769496918, 0.8199742436408997, -0.0034164648968726397], "Rt. Radiale": [-0.2343749701976776, 0.6380407810211182, -0.10966990888118744], "Rt. Sphyrion": [-0.044084757566452026, -0.8577023148536682, -0.226717010140419], "Rt. Thelion/Bustpoint": [-0.0029916027560830116, 0.2620285749435425, 0.024418916553258896], "Rt. Tragion": [0.043071992695331573, 0.5800529718399048, -0.10177253931760788], "Rt. Trochanterion": [-0.1098305806517601, -0.0814175233244896, -0.1109343096613884], "Rt. Ulnar Styloid": [-0.2349202036857605, 0.8383898138999939, -0.02512037567794323], "Sellion": [0.10788179188966751, 0.5902226567268372, -0.0027381752151995897], "Substernale": [0.10826748609542847, 0.20701132714748383, 0.053906917572021484], "Supramenton": [0.112126924097538, 0.49909719824790955, -0.012404460459947586], "Suprasternale": [0.11093264818191528, 0.4137812554836273, -0.036742620170116425], "Waist, Preferred, Post.": [0.11316311359405518, 0.010281285271048546, -0.23955871164798737]}