{"10th Rib Midspine": [-0.012703143991529942, 0.24430768191814423, -0.22038330137729645], "Cervicale": [0.006496496498584747, 0.5763098001480103, -0.21224868297576904], "Lt. 10th Rib": [0.1082131415605545, 0.1848997175693512, -0.05877172201871872], "Lt. ASIS": [0.1382521241903305, 0.07950622588396072, -0.0762847438454628], "Lt. Acromion": [0.17261537909507751, 0.5300790667533875, -0.08033476769924164], "Lt. Axilla, Ant.": [0.11488436907529831, 0.4323984682559967, -0.06276003271341324], "Lt. Axilla, Post.": [0.15305392444133759, 0.4019727110862732, -0.06314440071582794], "Lt. Calcaneous, Post.": [0.1142776757478714, -0.8129435777664185, -0.3158838748931885], "Lt. Clavicale": [0.024159731343388557, 0.4951767325401306, -0.10195226967334747], "Lt. Dactylion": [0.17129190266132355, 0.7799150347709656, 0.12255537509918213], "Lt. Digit II": [0.13703149557113647, -0.8396568894386292, -0.09267096221446991], "Lt. Femoral Lateral Epicn": [0.17525923252105713, -0.4071801006793976, -0.21326471865177155], "Lt. Femoral Medial Epicn": [0.057776376605033875, -0.4105115830898285, -0.23072244226932526], "Lt. Gonion": [0.0704834908246994, 0.6404450535774231, -0.12950590252876282], "Lt. Humeral Lateral Epicn": [0.13160952925682068, 0.4148693382740021, 0.13065829873085022], "Lt. Humeral Medial Epicn": [0.05875092372298241, 0.4040318429470062, 0.13399764895439148], "Lt. Iliocristale": [0.1489325910806656, 0.15542180836200714, -0.09419198334217072], "Lt. Infraorbitale": [0.042945679277181625, 0.6782836318016052, -0.06073538959026337], "Lt. Knee Crease": [0.1128256693482399, -0.39722320437431335, -0.26421278715133667], "Lt. Lateral Malleolus": [0.1532890647649765, -0.7719132304191589, -0.26871347427368164], "Lt. Medial Malleolus": [0.09254319965839386, -0.7699799537658691, -0.24807462096214294], "Lt. Metacarpal Phal. II": [0.15459103882312775, 0.7009331583976746, 0.11438754200935364], "Lt. Metacarpal Phal. V": [0.15175387263298035, 0.7101768255233765, 0.1717715859413147], "Lt. Metatarsal Phal. I": [0.12043048441410065, -0.8337663412094116, -0.10260070860385895], "Lt. Metatarsal Phal. V": [0.1886931210756302, -0.8271295428276062, -0.1801019310951233], "Lt. Olecranon": [0.08066154271364212, 0.3944072127342224, 0.15838128328323364], "Lt. PSIS": [0.06149584800004959, 0.09068253636360168, -0.28501391410827637], "Lt. Radial Styloid": [0.09860900044441223, 0.6234858632087708, 0.13597363233566284], "Lt. Radiale": [0.12001972645521164, 0.4198260009288788, 0.15109774470329285], "Lt. Sphyrion": [0.09471142292022705, -0.7907002568244934, -0.2441355437040329], "Lt. Thelion/Bustpoint": [0.09981289505958557, 0.30809473991394043, -0.023895444348454475], "Lt. Tragion": [0.07377883791923523, 0.6842702627182007, -0.14109215140342712], "Lt. Trochanterion": [0.18982301652431488, -0.008982307277619839, -0.14361709356307983], "Lt. Ulnar Styloid": [0.12376932799816132, 0.6250047087669373, 0.17876794934272766], "Nuchale": [0.008180316537618637, 0.6642758846282959, -0.22272729873657227], "Rt. 10th Rib": [-0.11019022762775421, 0.18749499320983887, -0.049912016838788986], "Rt. ASIS": [-0.14184081554412842, 0.0743580013513565, -0.07027969509363174], "Rt. Acromion": [-0.13267770409584045, 0.5469804406166077, -0.06353197246789932], "Rt. Axilla, Ant.": [-0.11682022362947464, 0.42887571454048157, -0.06830180436372757], "Rt. Axilla, Post.": [-0.16039569675922394, 0.4189307987689972, -0.04085567593574524], "Rt. Calcaneous, Post.": [-0.14606265723705292, -0.8116112947463989, -0.32951435446739197], "Rt. Clavicale": [-0.015655558556318283, 0.4968915283679962, -0.0976533368229866], "Rt. Dactylion": [-0.15012092888355255, 0.7833966612815857, 0.11838159710168839], "Rt. Digit II": [-0.18495959043502808, -0.8408772945404053, -0.11032776534557343], "Rt. Femoral Lateral Epicn": [-0.20508986711502075, -0.406014084815979, -0.24641290307044983], "Rt. Femoral Medial Epicn": [-0.0888800248503685, -0.41238856315612793, -0.24337002635002136], "Rt. Gonion": [-0.05190933495759964, 0.6281821131706238, -0.1327420324087143], "Rt. Humeral Lateral Epicn": [-0.10546304285526276, 0.42149248719215393, 0.14767208695411682], "Rt. Humeral Medial Epicn": [-0.032821983098983765, 0.41958245635032654, 0.12625421583652496], "Rt. Iliocristale": [-0.17232105135917664, 0.1401747167110443, -0.10291336476802826], "Rt. Infraorbitale": [-0.02870343066751957, 0.6643443703651428, -0.060798417776823044], "Rt. Knee Crease": [-0.14006200432777405, -0.39676275849342346, -0.28238335251808167], "Rt. Lateral Malleolus": [-0.19410882890224457, -0.7669709920883179, -0.28753820061683655], "Rt. Medial Malleolus": [-0.13755129277706146, -0.7655736207962036, -0.2618418335914612], "Rt. Metacarpal Phal. II": [-0.13588298857212067, 0.7065441012382507, 0.113487109541893], "Rt. Metacarpal Phal. V": [-0.1258803755044937, 0.7175600528717041, 0.1670377105474472], "Rt. Metatarsal Phal. I": [-0.17146305739879608, -0.8265436887741089, -0.11838043481111526], "Rt. Metatarsal Phal. V": [-0.2323252558708191, -0.8304848074913025, -0.1578340083360672], "Rt. Olecranon": [-0.05733337998390198, 0.39982837438583374, 0.16753146052360535], "Rt. PSIS": [-0.0656280592083931, 0.09237156808376312, -0.2912899851799011], "Rt. Radial Styloid": [-0.07876847684383392, 0.6413058042526245, 0.11716894060373306], "Rt. Radiale": [-0.09223905950784683, 0.4259156584739685, 0.16451962292194366], "Rt. Sphyrion": [-0.13671156764030457, -0.7834581136703491, -0.259027898311615], "Rt. Thelion/Bustpoint": [-0.10522022843360901, 0.31984981894493103, -0.028386730700731277], "Rt. Tragion": [-0.06459047645330429, 0.6730112433433533, -0.14562158286571503], "Rt. Trochanterion": [-0.21136657893657684, -0.00858017336577177, -0.16746971011161804], "Rt. Ulnar Styloid": [-0.08677543699741364, 0.6420084238052368, 0.1716289073228836], "Sellion": [-0.0006780203548260033, 0.6988537311553955, -0.04699116572737694], "Substernale": [-0.008894679136574268, 0.26225438714027405, -0.0347459651529789], "Supramenton": [0.007925734855234623, 0.6096524000167847, -0.04986631125211716], "Suprasternale": [0.002033906988799572, 0.46359753608703613, -0.08397134393453598], "Waist, Preferred, Post.": [-0.0031526389066129923, 0.09189889580011368, -0.288975328207016]}