{"10th Rib Midspine": [-0.02835933305323124, 0.2954578995704651, -0.2418721467256546], "Cervicale": [-0.04065911844372749, 0.6464208364486694, -0.16434353590011597], "Lt. 10th Rib": [0.10373809933662415, 0.2132335752248764, -0.025284385308623314], "Lt. ASIS": [0.1010468453168869, 0.12793581187725067, -0.06125734746456146], "Lt. Acromion": [0.19390538334846497, 0.5371931195259094, -0.07900219410657883], "Lt. Axilla, Ant.": [0.16648221015930176, 0.46293145418167114, -0.05601154640316963], "Lt. Axilla, Post.": [0.17879362404346466, 0.41659727692604065, -0.15683700144290924], "Lt. Calcaneous, Post.": [0.13315308094024658, -0.8003305196762085, -0.34279802441596985], "Lt. Clavicale": [-0.015107664279639721, 0.5374177694320679, -0.024918368086218834], "Lt. Dactylion": [0.614554226398468, -0.012256809510290623, -0.15941765904426575], "Lt. Digit II": [0.20364439487457275, -0.8475980162620544, -0.10231414437294006], "Lt. Femoral Lateral Epicn": [0.1430487036705017, -0.3653133511543274, -0.20614728331565857], "Lt. Femoral Medial Epicn": [0.03406643494963646, -0.38065022230148315, -0.20495495200157166], "Lt. Gonion": [0.016400722786784172, 0.6741811633110046, -0.041508469730615616], "Lt. Humeral Lateral Epicn": [0.3543444871902466, 0.34441858530044556, -0.13155825436115265], "Lt. Humeral Medial Epicn": [0.3104124069213867, 0.28233978152275085, -0.120028555393219], "Lt. Iliocristale": [0.13218966126441956, 0.1874384582042694, -0.08432074636220932], "Lt. Infraorbitale": [-0.010418535210192204, 0.7147105932235718, 0.02841542847454548], "Lt. Knee Crease": [0.0822003185749054, -0.3550878167152405, -0.24560536444187164], "Lt. Lateral Malleolus": [0.1755392998456955, -0.755111575126648, -0.2830212414264679], "Lt. Medial Malleolus": [0.11204266548156738, -0.7666020393371582, -0.2586282789707184], "Lt. Metacarpal Phal. II": [0.5732300281524658, 0.07772558927536011, -0.1037207618355751], "Lt. Metacarpal Phal. V": [0.5463813543319702, 0.06954140961170197, -0.17800205945968628], "Lt. Metatarsal Phal. I": [0.17036990821361542, -0.8306478261947632, -0.1122458204627037], "Lt. Metatarsal Phal. V": [0.21673473715782166, -0.8118597269058228, -0.1797666996717453], "Lt. Olecranon": [0.32454434037208557, 0.3062993884086609, -0.14074084162712097], "Lt. PSIS": [0.021635539829730988, 0.14111551642417908, -0.26986628770828247], "Lt. Radial Styloid": [0.4882839024066925, 0.13008026778697968, -0.09599920362234116], "Lt. Radiale": [0.3655438721179962, 0.32469144463539124, -0.12875790894031525], "Lt. Sphyrion": [0.1190410777926445, -0.7884348034858704, -0.2581113874912262], "Lt. Thelion/Bustpoint": [0.07391929626464844, 0.3574972152709961, 0.05215660110116005], "Lt. Tragion": [0.017497168853878975, 0.7285457849502563, -0.0507068857550621], "Lt. Trochanterion": [0.1374790370464325, 0.03773283585906029, -0.11371005326509476], "Lt. Ulnar Styloid": [0.5046135783195496, 0.1432897001504898, -0.14945733547210693], "Nuchale": [-0.054760146886110306, 0.7247191071510315, -0.14601869881153107], "Rt. 10th Rib": [-0.1884147971868515, 0.22083087265491486, -0.026257438585162163], "Rt. ASIS": [-0.18981213867664337, 0.1254073679447174, -0.05340483412146568], "Rt. Acromion": [-0.27440014481544495, 0.5417821407318115, -0.10997322201728821], "Rt. Axilla, Ant.": [-0.25522395968437195, 0.48035135865211487, -0.08507229387760162], "Rt. Axilla, Post.": [-0.2508685886859894, 0.42869749665260315, -0.20978660881519318], "Rt. Calcaneous, Post.": [-0.17648132145404816, -0.8017709851264954, -0.35961320996284485], "Rt. Clavicale": [-0.0812767967581749, 0.5392705202102661, -0.027708884328603745], "Rt. Dactylion": [-0.617257833480835, -0.06303483247756958, -0.22417668998241425], "Rt. Digit II": [-0.2737486660480499, -0.8361943364143372, -0.12034721672534943], "Rt. Femoral Lateral Epicn": [-0.2154172956943512, -0.3590559661388397, -0.22685375809669495], "Rt. Femoral Medial Epicn": [-0.11076129972934723, -0.3716244399547577, -0.21947799623012543], "Rt. Gonion": [-0.12431084364652634, 0.6647357940673828, -0.04167267680168152], "Rt. Humeral Lateral Epicn": [-0.4056847393512726, 0.3193690776824951, -0.1791302114725113], "Rt. Humeral Medial Epicn": [-0.34665447473526, 0.25603076815605164, -0.1995912343263626], "Rt. Iliocristale": [-0.23216110467910767, 0.18639369308948517, -0.11179191619157791], "Rt. Infraorbitale": [-0.08838681131601334, 0.7059280872344971, 0.032699331641197205], "Rt. Knee Crease": [-0.15549832582473755, -0.3493630290031433, -0.25690191984176636], "Rt. Lateral Malleolus": [-0.22926823794841766, -0.7536712884902954, -0.3017890751361847], "Rt. Medial Malleolus": [-0.16497591137886047, -0.7615588307380676, -0.27180349826812744], "Rt. Metacarpal Phal. II": [-0.583000123500824, 0.0062231444753706455, -0.17702624201774597], "Rt. Metacarpal Phal. V": [-0.5643011331558228, 0.002875403966754675, -0.25122779607772827], "Rt. Metatarsal Phal. I": [-0.22982634603977203, -0.8279176950454712, -0.12401965260505676], "Rt. Metatarsal Phal. V": [-0.2976555824279785, -0.821723997592926, -0.18573486804962158], "Rt. Olecranon": [-0.37659090757369995, 0.29724469780921936, -0.21610760688781738], "Rt. PSIS": [-0.08592717349529266, 0.14753815531730652, -0.27637043595314026], "Rt. Radial Styloid": [-0.5018212199211121, 0.07741071283817291, -0.1810111105442047], "Rt. Radiale": [-0.4067542254924774, 0.29987505078315735, -0.18721459805965424], "Rt. Sphyrion": [-0.17159129679203033, -0.7839064002037048, -0.26965203881263733], "Rt. Thelion/Bustpoint": [-0.18073879182338715, 0.3702843487262726, 0.030812613666057587], "Rt. Tragion": [-0.13465078175067902, 0.7180428504943848, -0.0515151210129261], "Rt. Trochanterion": [-0.22878937423229218, 0.04844275861978531, -0.12967044115066528], "Rt. Ulnar Styloid": [-0.5182165503501892, 0.08886150270700455, -0.2440401315689087], "Sellion": [-0.05571303516626358, 0.7433218359947205, 0.046117112040519714], "Substernale": [-0.055540964007377625, 0.29165130853652954, 0.07179732620716095], "Supramenton": [-0.046484481543302536, 0.6158327460289001, 0.050047617405653], "Suprasternale": [-0.055018387734889984, 0.519027829170227, -0.009186254814267159], "Waist, Preferred, Post.": [-0.03419515863060951, 0.14248019456863403, -0.2738669514656067]}