{"10th Rib Midspine": [0.09357287734746933, 0.21874387562274933, -0.009405463002622128], "Cervicale": [0.04899926111102104, 0.6009014844894409, -0.06630920618772507], "Lt. 10th Rib": [-0.120904341340065, 0.16835123300552368, -0.05944947525858879], "Lt. ASIS": [-0.11480673402547836, 0.0737147182226181, -0.06549322605133057], "Lt. Acromion": [-0.14631588757038116, 0.4777242839336395, 0.1071287989616394], "Lt. Axilla, Ant.": [-0.11385827511548996, 0.3812549412250519, 0.06205790862441063], "Lt. Axilla, Post.": [0.011789186857640743, 0.41830193996429443, 0.16175144910812378], "Lt. Calcaneous, Post.": [-0.18386593461036682, -0.8756704330444336, -0.14651905000209808], "Lt. Clavicale": [-0.0726323202252388, 0.4860023260116577, -0.11715912073850632], "Lt. Dactylion": [-0.08049497753381729, -0.17040245234966278, 0.1540323793888092], "Lt. Digit II": [-0.3577331602573395, -0.8843967318534851, -0.33715811371803284], "Lt. Femoral Lateral Epicn": [-0.2089732140302658, -0.44479963183403015, -0.10672391206026077], "Lt. Femoral Medial Epicn": [-0.12071526795625687, -0.45087701082229614, -0.16001340746879578], "Lt. Gonion": [-0.07987209409475327, 0.6567699909210205, -0.07550942897796631], "Lt. Humeral Lateral Epicn": [-0.0703909695148468, 0.2535642683506012, 0.2647254168987274], "Lt. Humeral Medial Epicn": [0.024946624413132668, 0.24863195419311523, 0.26733240485191345], "Lt. Iliocristale": [-0.11716265231370926, 0.14717136323451996, -0.002600360196083784], "Lt. Infraorbitale": [-0.1173052117228508, 0.7016994953155518, -0.14515624940395355], "Lt. Knee Crease": [-0.13532140851020813, -0.44377365708351135, -0.09599661827087402], "Lt. Lateral Malleolus": [-0.2452419102191925, -0.8295337557792664, -0.16643044352531433], "Lt. Medial Malleolus": [-0.19475926458835602, -0.8290218710899353, -0.2240237295627594], "Lt. Metacarpal Phal. II": [-0.09034886211156845, -0.06941718608140945, 0.17907793819904327], "Lt. Metacarpal Phal. V": [-0.04102768003940582, -0.09764732420444489, 0.22029981017112732], "Lt. Metatarsal Phal. I": [-0.31968361139297485, -0.8709233403205872, -0.3381621539592743], "Lt. Metatarsal Phal. V": [-0.3435291051864624, -0.8798694610595703, -0.26489973068237305], "Lt. Olecranon": [-0.008111624047160149, 0.2565336525440216, 0.29342544078826904], "Lt. PSIS": [0.051797203719615936, 0.03755692392587662, 0.0429537333548069], "Lt. Radial Styloid": [-0.028451500460505486, 0.020513705909252167, 0.20177647471427917], "Lt. Radiale": [-0.058903876692056656, 0.23415392637252808, 0.2734578251838684], "Lt. Sphyrion": [-0.20023870468139648, -0.8488723039627075, -0.22512879967689514], "Lt. Thelion/Bustpoint": [-0.15589958429336548, 0.29195520281791687, -0.08406015485525131], "Lt. Tragion": [-0.07806497067213058, 0.705665647983551, -0.061378363519907], "Lt. Trochanterion": [-0.14149509370326996, -0.03488275036215782, -0.015334045514464378], "Lt. Ulnar Styloid": [-0.03476821631193161, -0.0006895828410051763, 0.25380104780197144], "Nuchale": [0.04553615674376488, 0.6971915364265442, -0.05399661511182785], "Rt. 10th Rib": [0.058230042457580566, 0.17012053728103638, -0.22224658727645874], "Rt. ASIS": [0.09953098744153976, 0.044768936932086945, -0.23232418298721313], "Rt. Acromion": [0.15802150964736938, 0.5036584138870239, -0.28616654872894287], "Rt. Axilla, Ant.": [0.10180992633104324, 0.41599443554878235, -0.2513132393360138], "Rt. Axilla, Post.": [0.17034487426280975, 0.33286774158477783, -0.27670323848724365], "Rt. Calcaneous, Post.": [0.24958740174770355, -0.895217776298523, 0.07188507169485092], "Rt. Clavicale": [-0.018689259886741638, 0.48787397146224976, -0.16872426867485046], "Rt. Dactylion": [-0.2377188354730606, 0.45698052644729614, -0.7559635043144226], "Rt. Digit II": [0.19383960962295532, -0.9010160565376282, -0.18850240111351013], "Rt. Femoral Lateral Epicn": [0.22357501089572906, -0.45996013283729553, -0.08739829808473587], "Rt. Femoral Medial Epicn": [0.134719580411911, -0.4615783989429474, -0.02923593670129776], "Rt. Gonion": [0.018414108082652092, 0.6508947610855103, -0.1756296008825302], "Rt. Humeral Lateral Epicn": [0.09392352402210236, 0.35699841380119324, -0.4921105206012726], "Rt. Humeral Medial Epicn": [0.025713175535202026, 0.29409703612327576, -0.46204400062561035], "Rt. Iliocristale": [0.14713531732559204, 0.1211734339594841, -0.21718977391719818], "Rt. Infraorbitale": [-0.06315658986568451, 0.6978491544723511, -0.20547683537006378], "Rt. Knee Crease": [0.19593533873558044, -0.4420929551124573, -0.026785770431160927], "Rt. Lateral Malleolus": [0.2593998610973358, -0.8491209149360657, -0.0006657758494839072], "Rt. Medial Malleolus": [0.18649134039878845, -0.8518955111503601, 0.010749896988272667], "Rt. Metacarpal Phal. II": [-0.15450598299503326, 0.46039021015167236, -0.6924169063568115], "Rt. Metacarpal Phal. V": [-0.19043928384780884, 0.38312700390815735, -0.702557384967804], "Rt. Metatarsal Phal. I": [0.16846483945846558, -0.894224226474762, -0.16110683977603912], "Rt. Metatarsal Phal. V": [0.2486283928155899, -0.8975813984870911, -0.14374490082263947], "Rt. Olecranon": [0.07886350899934769, 0.30188894271850586, -0.48618173599243164], "Rt. PSIS": [0.14088352024555206, 0.04210897162556648, -0.012404642067849636], "Rt. Radial Styloid": [-0.11978806555271149, 0.42168042063713074, -0.6186473965644836], "Rt. Radiale": [0.0763130933046341, 0.3439624011516571, -0.5039759874343872], "Rt. Sphyrion": [0.19034649431705475, -0.8749339580535889, 0.007244727108627558], "Rt. Thelion/Bustpoint": [0.02165016531944275, 0.2911261022090912, -0.2610921263694763], "Rt. Tragion": [0.030644237995147705, 0.7026617527008057, -0.17344854772090912], "Rt. Trochanterion": [0.18430858850479126, -0.04788701981306076, -0.19607606530189514], "Rt. Ulnar Styloid": [-0.11274047940969467, 0.3584938943386078, -0.6375805735588074], "Sellion": [-0.09570451080799103, 0.7280003428459167, -0.19144821166992188], "Substernale": [-0.06645113974809647, 0.24045459926128387, -0.19509312510490417], "Supramenton": [-0.09680087119340897, 0.6274867057800293, -0.18833895027637482], "Suprasternale": [-0.050411369651556015, 0.463403582572937, -0.15338534116744995], "Waist, Preferred, Post.": [0.09809385985136032, 0.037824127823114395, 0.01770894043147564]}