{"10th Rib Midspine": [0.18327203392982483, 0.2647302746772766, -0.1607019305229187], "Cervicale": [0.1856192797422409, 0.6220149993896484, -0.13996531069278717], "Lt. 10th Rib": [0.2872870862483978, 0.211578369140625, -0.00811310950666666], "Lt. ASIS": [0.2761710286140442, 0.08612097054719925, -0.019409583881497383], "Lt. Acromion": [0.35236862301826477, 0.6838138103485107, -0.12290678173303604], "Lt. Axilla, Ant.": [0.3690073490142822, 0.6044976711273193, -0.05033756420016289], "Lt. Axilla, Post.": [0.45744243264198303, 0.6172305941581726, -0.0784299299120903], "Lt. Calcaneous, Post.": [0.08158455044031143, -0.8815300464630127, -0.27891454100608826], "Lt. Clavicale": [0.21444177627563477, 0.5703639388084412, -0.01634339615702629], "Lt. Dactylion": [0.2438952624797821, 1.163848638534546, 0.04894207790493965], "Lt. Digit II": [0.12093475461006165, -0.9072539806365967, -0.013995666056871414], "Lt. Femoral Lateral Epicn": [0.23750834167003632, -0.45316407084465027, -0.19178061187267303], "Lt. Femoral Medial Epicn": [0.13421505689620972, -0.42911192774772644, -0.21434183418750763], "Lt. Gonion": [0.2611313760280609, 0.7033807635307312, -0.026884978637099266], "Lt. Humeral Lateral Epicn": [0.5169150233268738, 0.8345801830291748, -0.056489989161491394], "Lt. Humeral Medial Epicn": [0.5505946278572083, 0.8216898441314697, 0.01824779063463211], "Lt. Iliocristale": [0.31135666370391846, 0.17570137977600098, -0.04071858152747154], "Lt. Infraorbitale": [0.24208533763885498, 0.7196671366691589, 0.05579192563891411], "Lt. Knee Crease": [0.19259946048259735, -0.4244973957538605, -0.24180331826210022], "Lt. Lateral Malleolus": [0.1319272369146347, -0.8392673134803772, -0.21596917510032654], "Lt. Medial Malleolus": [0.061041466891765594, -0.8293643593788147, -0.19724823534488678], "Lt. Metacarpal Phal. II": [0.3171919584274292, 1.1131328344345093, 0.005081701558083296], "Lt. Metacarpal Phal. V": [0.3221612572669983, 1.1109936237335205, 0.07860089093446732], "Lt. Metatarsal Phal. I": [0.09113841503858566, -0.9015915393829346, -0.03566163778305054], "Lt. Metatarsal Phal. V": [0.1537351757287979, -0.8922334313392639, -0.09276922792196274], "Lt. Olecranon": [0.5669172406196594, 0.8309245109558105, -0.013277887366712093], "Lt. PSIS": [0.22625772655010223, 0.09448900073766708, -0.2094339281320572], "Lt. Radial Styloid": [0.368564635515213, 1.0196326971054077, 0.03221769258379936], "Lt. Radiale": [0.5276141166687012, 0.8522567749023438, -0.044042184948921204], "Lt. Sphyrion": [0.05966220796108246, -0.8533370494842529, -0.19358567893505096], "Lt. Thelion/Bustpoint": [0.28505590558052063, 0.40711188316345215, 0.019628426060080528], "Lt. Tragion": [0.27156946063041687, 0.7475683689117432, -0.02355693094432354], "Lt. Trochanterion": [0.31566333770751953, -0.03250927850604057, -0.0731012299656868], "Lt. Ulnar Styloid": [0.4090277850627899, 1.0476337671279907, 0.047408219426870346], "Nuchale": [0.1911635398864746, 0.7698677778244019, -0.11490961909294128], "Rt. 10th Rib": [0.07110724598169327, 0.23092444241046906, -0.004678844474256039], "Rt. ASIS": [0.03304003179073334, 0.11809352040290833, -0.0403386689722538], "Rt. Acromion": [0.033745232969522476, 0.6918149590492249, -0.1137063279747963], "Rt. Axilla, Ant.": [0.021021217107772827, 0.6033650636672974, -0.038254670798778534], "Rt. Axilla, Post.": [-0.07251710444688797, 0.6376989483833313, -0.04022015258669853], "Rt. Calcaneous, Post.": [0.140059232711792, -0.18744485080242157, -0.14305171370506287], "Rt. Clavicale": [0.16099654138088226, 0.5728037357330322, -0.014976656064391136], "Rt. Dactylion": [0.1787680685520172, 1.1605688333511353, 0.007276244927197695], "Rt. Digit II": [0.11747325211763382, -0.444481760263443, -0.17408108711242676], "Rt. Femoral Lateral Epicn": [-0.29572632908821106, -0.17385710775852203, -0.024068782106041908], "Rt. Femoral Medial Epicn": [-0.2237768918275833, -0.19537271559238434, 0.07464823871850967], "Rt. Gonion": [0.12838637828826904, 0.7039161324501038, -0.015143152326345444], "Rt. Humeral Lateral Epicn": [-0.10921990871429443, 0.8554967045783997, -0.0020690965466201305], "Rt. Humeral Medial Epicn": [-0.1075332760810852, 0.8416579961776733, 0.0858754888176918], "Rt. Iliocristale": [0.01812753640115261, 0.18773311376571655, -0.06689518690109253], "Rt. Infraorbitale": [0.16407321393489838, 0.7169522643089294, 0.06368949264287949], "Rt. Knee Crease": [-0.26388758420944214, -0.16254082322120667, -0.04164627194404602], "Rt. Lateral Malleolus": [0.07411253452301025, -0.2379816323518753, -0.15740622580051422], "Rt. Medial Malleolus": [0.10060234367847443, -0.25318577885627747, -0.08979593962430954], "Rt. Metacarpal Phal. II": [0.11211702227592468, 1.1132724285125732, 0.02621864154934883], "Rt. Metacarpal Phal. V": [0.0921795666217804, 1.1091439723968506, 0.07389715313911438], "Rt. Metatarsal Phal. I": [0.12348850816488266, -0.4335780143737793, -0.1338387429714203], "Rt. Metatarsal Phal. V": [0.1027044728398323, -0.39000406861305237, -0.1948426365852356], "Rt. Olecranon": [-0.14740552008152008, 0.8583473563194275, 0.0461844876408577], "Rt. PSIS": [0.12435662746429443, 0.10052287578582764, -0.2181542068719864], "Rt. Radial Styloid": [0.08655278384685516, 1.0249792337417603, 0.04783900827169418], "Rt. Radiale": [-0.11540980637073517, 0.8729626536369324, 0.012224927544593811], "Rt. Sphyrion": [0.1197592169046402, -0.26428452134132385, -0.09932775795459747], "Rt. Thelion/Bustpoint": [0.08441342413425446, 0.4091242551803589, 0.017091719433665276], "Rt. Tragion": [0.121116504073143, 0.7542972564697266, -0.014616352505981922], "Rt. Trochanterion": [-0.04207199811935425, 0.04544452205300331, -0.11883824318647385], "Rt. Ulnar Styloid": [0.042480796575546265, 1.0555107593536377, 0.08326947689056396], "Sellion": [0.2027222067117691, 0.7382022142410278, 0.08262381702661514], "Substernale": [0.18464605510234833, 0.3086199462413788, 0.028743237257003784], "Supramenton": [0.19823089241981506, 0.641744077205658, 0.05347852036356926], "Suprasternale": [0.1858028918504715, 0.5491092801094055, -0.006887829862535], "Waist, Preferred, Post.": [0.17605718970298767, 0.09826210141181946, -0.21362201869487762]}