{"10th Rib Midspine": [-0.02355143055319786, 0.18007557094097137, -0.12825161218643188], "Cervicale": [-0.007860119454562664, 0.5041471123695374, -0.1832069754600525], "Lt. 10th Rib": [0.06940998136997223, 0.13371093571186066, 0.010641911998391151], "Lt. ASIS": [0.09368579089641571, 0.029329609125852585, 0.013268137350678444], "Lt. Acromion": [0.13438528776168823, 0.5124861001968384, -0.0702022835612297], "Lt. Axilla, Ant.": [0.09134384244680405, 0.4230259954929352, -0.058079447597265244], "Lt. Axilla, Post.": [0.11610966920852661, 0.4047639071941376, -0.023909611627459526], "Lt. Calcaneous, Post.": [0.04446089267730713, -0.8850030303001404, -0.25632232427597046], "Lt. Clavicale": [0.006300621200352907, 0.4592048227787018, -0.06120280548930168], "Lt. Dactylion": [0.06331736594438553, 0.8734361529350281, 0.10588046163320541], "Lt. Digit II": [0.09467285126447678, -0.9082241058349609, -0.015478638000786304], "Lt. Femoral Lateral Epicn": [0.11996577680110931, -0.4795513451099396, -0.14580704271793365], "Lt. Femoral Medial Epicn": [0.017535876482725143, -0.4727834463119507, -0.16624753177165985], "Lt. Gonion": [0.05275934562087059, 0.5947664976119995, -0.10254594683647156], "Lt. Humeral Lateral Epicn": [0.07287801057100296, 0.48044708371162415, 0.15351849794387817], "Lt. Humeral Medial Epicn": [0.004652290139347315, 0.46222829818725586, 0.16670699417591095], "Lt. Iliocristale": [0.10176817327737808, 0.10034617781639099, -0.01670626550912857], "Lt. Infraorbitale": [0.029545383527874947, 0.6270042061805725, -0.030371079221367836], "Lt. Knee Crease": [0.07069475948810577, -0.464386910200119, -0.1916036307811737], "Lt. Lateral Malleolus": [0.08174794167280197, -0.8417872190475464, -0.20213177800178528], "Lt. Medial Malleolus": [0.019571326673030853, -0.843527615070343, -0.18604916334152222], "Lt. Metacarpal Phal. II": [0.060418471693992615, 0.7846716046333313, 0.11252494901418686], "Lt. Metacarpal Phal. V": [0.044913437217473984, 0.7980169653892517, 0.16918589174747467], "Lt. Metatarsal Phal. I": [0.06002392619848251, -0.9038501381874084, -0.03599534556269646], "Lt. Metatarsal Phal. V": [0.12021289020776749, -0.9024203419685364, -0.0774538591504097], "Lt. Olecranon": [0.02788434363901615, 0.4602893888950348, 0.18899208307266235], "Lt. PSIS": [0.02078883722424507, 0.016480572521686554, -0.15622246265411377], "Lt. Radial Styloid": [0.005547574255615473, 0.703463613986969, 0.13316138088703156], "Lt. Radiale": [0.06350312381982803, 0.4907204210758209, 0.172885924577713], "Lt. Sphyrion": [0.020530210807919502, -0.8644914627075195, -0.18084616959095], "Lt. Thelion/Bustpoint": [0.08606502413749695, 0.28225117921829224, 0.0484447106719017], "Lt. Tragion": [0.06684313714504242, 0.6408335566520691, -0.11141145974397659], "Lt. Trochanterion": [0.1377158910036087, -0.07983332127332687, -0.04557761922478676], "Lt. Ulnar Styloid": [0.02086496911942959, 0.708268404006958, 0.17378784716129303], "Nuchale": [-0.006006538402289152, 0.6396422386169434, -0.19852173328399658], "Rt. 10th Rib": [-0.11251012980937958, 0.1367717981338501, 0.022681595757603645], "Rt. ASIS": [-0.13815543055534363, 0.02616492472589016, 0.02528494969010353], "Rt. Acromion": [-0.1451260894536972, 0.5239725112915039, -0.07224324345588684], "Rt. Axilla, Ant.": [-0.12308304011821747, 0.4357600808143616, -0.062446046620607376], "Rt. Axilla, Post.": [-0.15835396945476532, 0.4186553359031677, -0.017880134284496307], "Rt. Calcaneous, Post.": [-0.12951748073101044, -0.8842224478721619, -0.2533493936061859], "Rt. Clavicale": [-0.03185711428523064, 0.4568285346031189, -0.05945999175310135], "Rt. Dactylion": [-0.06362748891115189, 0.8764603734016418, 0.1192685067653656], "Rt. Digit II": [-0.18904419243335724, -0.9098517298698425, -0.02070935070514679], "Rt. Femoral Lateral Epicn": [-0.19191062450408936, -0.46787965297698975, -0.15350733697414398], "Rt. Femoral Medial Epicn": [-0.08671067655086517, -0.465797483921051, -0.16504690051078796], "Rt. Gonion": [-0.06775511801242828, 0.5953789353370667, -0.10654347389936447], "Rt. Humeral Lateral Epicn": [-0.10791793465614319, 0.4871562421321869, 0.15574337542057037], "Rt. Humeral Medial Epicn": [-0.03862028196454048, 0.4813080430030823, 0.1505471169948578], "Rt. Iliocristale": [-0.16287489235401154, 0.09205318987369537, -0.010332475416362286], "Rt. Infraorbitale": [-0.04559783637523651, 0.622037947177887, -0.03167228028178215], "Rt. Knee Crease": [-0.13917355239391327, -0.457328736782074, -0.19540457427501678], "Rt. Lateral Malleolus": [-0.17233727872371674, -0.841163694858551, -0.1963065266609192], "Rt. Medial Malleolus": [-0.10760466754436493, -0.8425821661949158, -0.17919985949993134], "Rt. Metacarpal Phal. II": [-0.09079286456108093, 0.7890690565109253, 0.12752899527549744], "Rt. Metacarpal Phal. V": [-0.06562840193510056, 0.8009006381034851, 0.17989133298397064], "Rt. Metatarsal Phal. I": [-0.15955370664596558, -0.8966345191001892, -0.03255389258265495], "Rt. Metatarsal Phal. V": [-0.2102223038673401, -0.8973371982574463, -0.07121705263853073], "Rt. Olecranon": [-0.06715645641088486, 0.46545153856277466, 0.18820065259933472], "Rt. PSIS": [-0.07966610789299011, 0.024903833866119385, -0.1558578908443451], "Rt. Radial Styloid": [-0.051620930433273315, 0.7091140151023865, 0.1351233869791031], "Rt. Radiale": [-0.10011650621891022, 0.4962286949157715, 0.17394277453422546], "Rt. Sphyrion": [-0.10930933803319931, -0.863381564617157, -0.17659558355808258], "Rt. Thelion/Bustpoint": [-0.11994343250989914, 0.2920681834220886, 0.04410490393638611], "Rt. Tragion": [-0.07898126542568207, 0.6394177079200745, -0.11790021508932114], "Rt. Trochanterion": [-0.20635870099067688, -0.07042399793863297, -0.04501377046108246], "Rt. Ulnar Styloid": [-0.05633610486984253, 0.7145289182662964, 0.18777509033679962], "Sellion": [-0.013252407312393188, 0.6476371884346008, -0.016954656690359116], "Substernale": [-0.023263057693839073, 0.22629323601722717, 0.032499924302101135], "Supramenton": [-0.012202552519738674, 0.5580592155456543, -0.03397884964942932], "Suprasternale": [-0.014108352363109589, 0.44274353981018066, -0.04946322739124298], "Waist, Preferred, Post.": [-0.030149953439831734, 0.019763339310884476, -0.16194283962249756]}