{"10th Rib Midspine": [0.02370203100144863, 0.1537141352891922, -0.15170837938785553], "Cervicale": [0.0329761765897274, 0.4719499945640564, -0.16516652703285217], "Lt. 10th Rib": [0.12416131794452667, 0.09623846411705017, -0.022631634026765823], "Lt. ASIS": [0.1456303745508194, -0.015199691988527775, -0.020387565717101097], "Lt. Acromion": [0.19632910192012787, 0.4335267245769501, -0.042186059057712555], "Lt. Axilla, Ant.": [0.15213707089424133, 0.35506364703178406, -0.022979678586125374], "Lt. Axilla, Post.": [0.16975747048854828, 0.33166712522506714, 0.0011113036889582872], "Lt. Calcaneous, Post.": [0.12302076071500778, -0.8850944638252258, -0.2459557056427002], "Lt. Clavicale": [0.05238514766097069, 0.40417999029159546, -0.045229606330394745], "Lt. Dactylion": [0.04609614610671997, 0.37622368335723877, 0.5804007649421692], "Lt. Digit II": [0.1348322182893753, -0.912097156047821, -0.014192932285368443], "Lt. Femoral Lateral Epicn": [0.15592463314533234, -0.4941593110561371, -0.18054422736167908], "Lt. Femoral Medial Epicn": [0.04894401878118515, -0.4979657530784607, -0.20631802082061768], "Lt. Gonion": [0.09665291011333466, 0.54163658618927, -0.064056895673275], "Lt. Humeral Lateral Epicn": [0.14138592779636383, 0.38369449973106384, 0.19383841753005981], "Lt. Humeral Medial Epicn": [0.09288841485977173, 0.3331504762172699, 0.19012431800365448], "Lt. Iliocristale": [0.15614578127861023, 0.0639624297618866, -0.05169299617409706], "Lt. Infraorbitale": [0.07295668125152588, 0.5615662336349487, 0.006504031363874674], "Lt. Knee Crease": [0.10833480954170227, -0.48560217022895813, -0.23145052790641785], "Lt. Lateral Malleolus": [0.15070100128650665, -0.8416027426719666, -0.1912180483341217], "Lt. Medial Malleolus": [0.08705883473157883, -0.8449057936668396, -0.18350884318351746], "Lt. Metacarpal Phal. II": [0.05863969027996063, 0.39762163162231445, 0.507366955280304], "Lt. Metacarpal Phal. V": [0.05482522025704384, 0.34279870986938477, 0.5049899816513062], "Lt. Metatarsal Phal. I": [0.09912186115980148, -0.9049030542373657, -0.02819269523024559], "Lt. Metatarsal Phal. V": [0.16612866520881653, -0.9025813937187195, -0.06195439025759697], "Lt. Olecranon": [0.12020048499107361, 0.3426767885684967, 0.19760556519031525], "Lt. PSIS": [0.0726497620344162, -0.010275526903569698, -0.2038659006357193], "Lt. Radial Styloid": [0.053099799901247025, 0.3909408152103424, 0.4108438789844513], "Lt. Radiale": [0.13408948481082916, 0.37299975752830505, 0.210937961935997], "Lt. Sphyrion": [0.08988865464925766, -0.8660848140716553, -0.17924682796001434], "Lt. Thelion/Bustpoint": [0.11520405113697052, 0.2420675903558731, 0.015224932692945004], "Lt. Tragion": [0.10869864374399185, 0.5835384130477905, -0.06843642890453339], "Lt. Trochanterion": [0.1839507818222046, -0.11407055705785751, -0.07928619533777237], "Lt. Ulnar Styloid": [0.07504399120807648, 0.35077381134033203, 0.41995447874069214], "Nuchale": [0.04424729943275452, 0.6024845242500305, -0.154262974858284], "Rt. 10th Rib": [-0.07944890111684799, 0.10414671897888184, -0.006800397764891386], "Rt. ASIS": [-0.11140335351228714, -0.011880599893629551, -0.013719644397497177], "Rt. Acromion": [-0.11653163284063339, 0.46005040407180786, -0.03403569757938385], "Rt. Axilla, Ant.": [-0.09024596959352493, 0.37853294610977173, -0.03072010725736618], "Rt. Axilla, Post.": [-0.1136263757944107, 0.35041162371635437, 0.004426909610629082], "Rt. Calcaneous, Post.": [-0.11979687958955765, -0.8825027942657471, -0.2549077272415161], "Rt. Clavicale": [0.008389858528971672, 0.4118840992450714, -0.044717904180288315], "Rt. Dactylion": [0.04609614610671997, 0.37622368335723877, 0.5804007649421692], "Rt. Digit II": [-0.14671538770198822, -0.9077933430671692, -0.024705689400434494], "Rt. Femoral Lateral Epicn": [-0.1600072681903839, -0.487596333026886, -0.17852960526943207], "Rt. Femoral Medial Epicn": [-0.04938945174217224, -0.4912669360637665, -0.19267703592777252], "Rt. Gonion": [-0.021545737981796265, 0.5430008172988892, -0.07611940056085587], "Rt. Humeral Lateral Epicn": [-0.07135558873414993, 0.390595018863678, 0.20010614395141602], "Rt. Humeral Medial Epicn": [-0.02372768335044384, 0.3317302167415619, 0.19183999300003052], "Rt. Iliocristale": [-0.13251078128814697, 0.054635509848594666, -0.05138456076383591], "Rt. Infraorbitale": [-0.0019527546828612685, 0.560387372970581, 0.0034416411072015762], "Rt. Knee Crease": [-0.10617968440055847, -0.4774009883403778, -0.22212034463882446], "Rt. Lateral Malleolus": [-0.1581946760416031, -0.8403193950653076, -0.198850616812706], "Rt. Medial Malleolus": [-0.09520326554775238, -0.8378598690032959, -0.18639205396175385], "Rt. Metacarpal Phal. II": [0.011140817776322365, 0.3953873813152313, 0.5068197846412659], "Rt. Metacarpal Phal. V": [0.014880879782140255, 0.3368987739086151, 0.5024301409721375], "Rt. Metatarsal Phal. I": [-0.11250421404838562, -0.8996639251708984, -0.03723156824707985], "Rt. Metatarsal Phal. V": [-0.1785169094800949, -0.9001322984695435, -0.066142737865448], "Rt. Olecranon": [-0.059296995401382446, 0.342314213514328, 0.20486098527908325], "Rt. PSIS": [-0.03770499676465988, -0.0025457125157117844, -0.20671145617961884], "Rt. Radial Styloid": [0.013010358437895775, 0.39611756801605225, 0.4242651164531708], "Rt. Radiale": [-0.07017413526773453, 0.37628433108329773, 0.21835802495479584], "Rt. Sphyrion": [-0.09677787125110626, -0.8593487739562988, -0.1828259974718094], "Rt. Thelion/Bustpoint": [-0.0746389627456665, 0.25695469975471497, 0.008259016089141369], "Rt. Tragion": [-0.03312657028436661, 0.5895445346832275, -0.07772877812385559], "Rt. Trochanterion": [-0.17688202857971191, -0.10206596553325653, -0.09626635909080505], "Rt. Ulnar Styloid": [-0.00686412351205945, 0.34485235810279846, 0.4317076802253723], "Sellion": [0.0318482406437397, 0.5830069780349731, 0.025265425443649292], "Substernale": [0.018628530204296112, 0.18918819725513458, 0.0033569801598787308], "Supramenton": [0.030343415215611458, 0.5020272731781006, 6.445503095164895e-05], "Suprasternale": [0.026394518092274666, 0.38414061069488525, -0.03354337811470032], "Waist, Preferred, Post.": [0.018451295793056488, -0.00533461757004261, -0.20513442158699036]}