{"10th Rib Midspine": [0.06642276048660278, 0.017281925305724144, -0.10966909676790237], "Cervicale": [0.08586882054805756, 0.3609730899333954, -0.10857709497213364], "Lt. 10th Rib": [0.1640724092721939, -0.01641375757753849, 0.038152482360601425], "Lt. ASIS": [0.17466814815998077, -0.13105691969394684, 0.05271128937602043], "Lt. Acromion": [0.24989758431911469, 0.3399633765220642, 0.06959357857704163], "Lt. Axilla, Ant.": [0.19905275106430054, 0.2632673382759094, 0.05623919144272804], "Lt. Axilla, Post.": [0.2399762123823166, 0.23096658289432526, 0.10996222496032715], "Lt. Calcaneous, Post.": [0.1670953929424286, -1.1139957904815674, -0.13317103683948517], "Lt. Clavicale": [0.10084614902734756, 0.29579687118530273, 0.01313379593193531], "Lt. Dactylion": [0.03574150800704956, 0.35136041045188904, 0.7638128995895386], "Lt. Digit II": [0.21019403636455536, -1.1343960762023926, 0.10378716886043549], "Lt. Femoral Lateral Epicn": [0.23723962903022766, -0.658737063407898, -0.10568129271268845], "Lt. Femoral Medial Epicn": [0.1390959471464157, -0.6587643027305603, -0.1116795688867569], "Lt. Gonion": [0.1506883054971695, 0.43954554200172424, -0.0029488205909729004], "Lt. Humeral Lateral Epicn": [0.19602714478969574, 0.321494460105896, 0.33786070346832275], "Lt. Humeral Medial Epicn": [0.1663176417350769, 0.26090380549430847, 0.34078076481819153], "Lt. Iliocristale": [0.1946355551481247, -0.04750099778175354, 0.02593843638896942], "Lt. Infraorbitale": [0.12546224892139435, 0.466190367937088, 0.06988072395324707], "Lt. Knee Crease": [0.1810295581817627, -0.6467227935791016, -0.14509552717208862], "Lt. Lateral Malleolus": [0.21416783332824707, -1.0660138130187988, -0.08649148792028427], "Lt. Medial Malleolus": [0.15539014339447021, -1.0617382526397705, -0.06248641386628151], "Lt. Metacarpal Phal. II": [0.0617799274623394, 0.3623340129852295, 0.668208122253418], "Lt. Metacarpal Phal. V": [0.05499470606446266, 0.2960833013057709, 0.6674104928970337], "Lt. Metatarsal Phal. I": [0.19329175353050232, -1.128499984741211, 0.09206027537584305], "Lt. Metatarsal Phal. V": [0.2622133791446686, -1.1329072713851929, 0.041492585092782974], "Lt. Olecranon": [0.19378629326820374, 0.27528467774391174, 0.3453458845615387], "Lt. PSIS": [0.1194358766078949, -0.13803796470165253, -0.12878558039665222], "Lt. Radial Styloid": [0.05890068784356117, 0.34167951345443726, 0.5638371109962463], "Lt. Radiale": [0.1910971999168396, 0.3156238794326782, 0.3584853410720825], "Lt. Sphyrion": [0.15836398303508759, -1.0862438678741455, -0.05739770829677582], "Lt. Thelion/Bustpoint": [0.15414196252822876, 0.14570286870002747, 0.04382369667291641], "Lt. Tragion": [0.1609499752521515, 0.4884987771511078, -0.008202988654375076], "Lt. Trochanterion": [0.22103701531887054, -0.2434377819299698, -0.006978838238865137], "Lt. Ulnar Styloid": [0.08825498819351196, 0.30821657180786133, 0.5783168077468872], "Nuchale": [0.09121788293123245, 0.4943588972091675, -0.09878434985876083], "Rt. 10th Rib": [-0.03485601767897606, -0.006020369473844767, 0.037927597761154175], "Rt. ASIS": [-0.06475614756345749, -0.1363033503293991, 0.04345502704381943], "Rt. Acromion": [-0.09409323334693909, 0.35483941435813904, 0.053302109241485596], "Rt. Axilla, Ant.": [-0.05481771007180214, 0.26613909006118774, 0.031226012855768204], "Rt. Axilla, Post.": [-0.10323653370141983, 0.24556060135364532, 0.09724105894565582], "Rt. Calcaneous, Post.": [-0.05244357883930206, -1.1082956790924072, -0.12307339906692505], "Rt. Clavicale": [0.05071932449936867, 0.2914019823074341, 0.010365162044763565], "Rt. Dactylion": [0.019794480875134468, 0.3559293746948242, 0.7506715655326843], "Rt. Digit II": [-0.16397692263126373, -1.1364414691925049, 0.0825364962220192], "Rt. Femoral Lateral Epicn": [-0.11149369925260544, -0.6590834856033325, -0.09940214455127716], "Rt. Femoral Medial Epicn": [-0.014299679547548294, -0.6621630787849426, -0.0903935357928276], "Rt. Gonion": [0.022596918046474457, 0.44361647963523865, -0.0049465675838291645], "Rt. Humeral Lateral Epicn": [-0.06875719130039215, 0.32973748445510864, 0.3231812119483948], "Rt. Humeral Medial Epicn": [-0.02047225646674633, 0.2723778188228607, 0.3323283791542053], "Rt. Iliocristale": [-0.08763102442026138, -0.06036515161395073, 0.01026027649641037], "Rt. Infraorbitale": [0.05358486622571945, 0.4624880850315094, 0.07238970696926117], "Rt. Knee Crease": [-0.05142419412732124, -0.6487079858779907, -0.12618939578533173], "Rt. Lateral Malleolus": [-0.10837846249341965, -1.0615376234054565, -0.08597181737422943], "Rt. Medial Malleolus": [-0.05734006315469742, -1.0627048015594482, -0.046414684504270554], "Rt. Metacarpal Phal. II": [0.0036951343063265085, 0.37128275632858276, 0.6665661334991455], "Rt. Metacarpal Phal. V": [0.013898189179599285, 0.3042367994785309, 0.666627049446106], "Rt. Metatarsal Phal. I": [-0.13152258098125458, -1.1238409280776978, 0.08887176215648651], "Rt. Metatarsal Phal. V": [-0.18724387884140015, -1.1331206560134888, 0.03317784145474434], "Rt. Olecranon": [-0.06373637914657593, 0.28664037585258484, 0.33329862356185913], "Rt. PSIS": [0.0180959552526474, -0.13308224081993103, -0.1354951113462448], "Rt. Radial Styloid": [0.021553058177232742, 0.3645179569721222, 0.5754209160804749], "Rt. Radiale": [-0.07075653225183487, 0.3193952739238739, 0.34408047795295715], "Rt. Sphyrion": [-0.060654450207948685, -1.0839260816574097, -0.04474703222513199], "Rt. Thelion/Bustpoint": [-0.020868923515081406, 0.14678485691547394, 0.04055505990982056], "Rt. Tragion": [0.017114058136940002, 0.49170181155204773, -0.014941376633942127], "Rt. Trochanterion": [-0.11342883110046387, -0.2359078973531723, -0.034923095256090164], "Rt. Ulnar Styloid": [-0.0010994239710271358, 0.31142657995224, 0.5800506472587585], "Sellion": [0.08521170169115067, 0.49074697494506836, 0.0897844135761261], "Substernale": [0.06757543236017227, 0.07203623652458191, 0.05994207784533501], "Supramenton": [0.08448324352502823, 0.3926616311073303, 0.0760919526219368], "Suprasternale": [0.07461345195770264, 0.2733798027038574, 0.01927368901669979], "Waist, Preferred, Post.": [0.06982727348804474, -0.13783273100852966, -0.13513748347759247]}