{"10th Rib Midspine": [0.047811802476644516, 0.15729086101055145, -0.3148510158061981], "Cervicale": [0.05526803061366081, 0.48737505078315735, -0.2849644124507904], "Lt. 10th Rib": [0.18908736109733582, 0.11589983850717545, -0.11208018660545349], "Lt. ASIS": [0.21277612447738647, 0.016574714332818985, -0.11575847119092941], "Lt. Acromion": [0.20566301047801971, 0.471770316362381, -0.1510610729455948], "Lt. Axilla, Ant.": [0.16132612526416779, 0.37608855962753296, -0.11002415418624878], "Lt. Axilla, Post.": [0.20884381234645844, 0.341408371925354, -0.10879836231470108], "Lt. Calcaneous, Post.": [0.11803671717643738, -0.8745783567428589, -0.3400576114654541], "Lt. Clavicale": [0.06746435910463333, 0.4133283197879791, -0.1548929065465927], "Lt. Dactylion": [0.06261638551950455, 0.4365237057209015, 0.46825334429740906], "Lt. Digit II": [0.1847088783979416, -0.8991455435752869, -0.0988474041223526], "Lt. Femoral Lateral Epicn": [0.20529596507549286, -0.47203075885772705, -0.2616939842700958], "Lt. Femoral Medial Epicn": [0.08441044390201569, -0.47189831733703613, -0.2699774205684662], "Lt. Gonion": [0.10497672855854034, 0.5458824634552002, -0.18340207636356354], "Lt. Humeral Lateral Epicn": [0.1796119064092636, 0.4317403733730316, 0.08562817424535751], "Lt. Humeral Medial Epicn": [0.1353607028722763, 0.3636869490146637, 0.08231988549232483], "Lt. Iliocristale": [0.2301735281944275, 0.08489230275154114, -0.16357852518558502], "Lt. Infraorbitale": [0.07754187285900116, 0.5913724303245544, -0.12112446874380112], "Lt. Knee Crease": [0.1399371474981308, -0.4589608907699585, -0.3087175488471985], "Lt. Lateral Malleolus": [0.17142023146152496, -0.8284845352172852, -0.2925213575363159], "Lt. Medial Malleolus": [0.10469303280115128, -0.8318634629249573, -0.26618877053260803], "Lt. Metacarpal Phal. II": [0.09945017844438553, 0.4648948907852173, 0.40065106749534607], "Lt. Metacarpal Phal. V": [0.0864827036857605, 0.41527795791625977, 0.39274296164512634], "Lt. Metatarsal Phal. I": [0.16010494530200958, -0.8922204375267029, -0.11884961277246475], "Lt. Metatarsal Phal. V": [0.23169951140880585, -0.8963955044746399, -0.17110908031463623], "Lt. Olecranon": [0.16219186782836914, 0.3875887989997864, 0.08823840320110321], "Lt. PSIS": [0.10308331251144409, 0.007050999905914068, -0.3379703462123871], "Lt. Radial Styloid": [0.0757770836353302, 0.45200052857398987, 0.29453709721565247], "Lt. Radiale": [0.1699608713388443, 0.42493996024131775, 0.10153796523809433], "Lt. Sphyrion": [0.10623230040073395, -0.8502892851829529, -0.26049500703811646], "Lt. Thelion/Bustpoint": [0.14942944049835205, 0.24707596004009247, -0.04588460549712181], "Lt. Tragion": [0.11621835082769394, 0.5885338187217712, -0.19897329807281494], "Lt. Trochanterion": [0.23756669461727142, -0.07684005796909332, -0.1914050579071045], "Lt. Ulnar Styloid": [0.10155411064624786, 0.41750824451446533, 0.309676855802536], "Nuchale": [0.05851350352168083, 0.5555965900421143, -0.2926613688468933], "Rt. 10th Rib": [-0.07617268711328506, 0.1183340921998024, -0.08380187302827835], "Rt. ASIS": [-0.10753429681062698, 0.009009654633700848, -0.08301416039466858], "Rt. Acromion": [-0.10284565389156342, 0.47271502017974854, -0.15663757920265198], "Rt. Axilla, Ant.": [-0.07512806355953217, 0.37116366624832153, -0.11938386410474777], "Rt. Axilla, Post.": [-0.11699791252613068, 0.345381498336792, -0.10312048345804214], "Rt. Calcaneous, Post.": [-0.03459905460476875, -0.8764705657958984, -0.33851346373558044], "Rt. Clavicale": [0.030723918229341507, 0.4161778688430786, -0.15158896148204803], "Rt. Dactylion": [0.036275193095207214, 0.43015655875205994, 0.47958916425704956], "Rt. Digit II": [-0.14940455555915833, -0.8995862007141113, -0.11505977809429169], "Rt. Femoral Lateral Epicn": [-0.1254400610923767, -0.46469923853874207, -0.2645009756088257], "Rt. Femoral Medial Epicn": [-0.0041346014477312565, -0.46759673953056335, -0.25287628173828125], "Rt. Gonion": [-0.009197431616485119, 0.5425687432289124, -0.1923496425151825], "Rt. Humeral Lateral Epicn": [-0.08811889588832855, 0.4361678957939148, 0.0858156830072403], "Rt. Humeral Medial Epicn": [-0.042768631130456924, 0.36073049902915955, 0.08799070864915848], "Rt. Iliocristale": [-0.14282116293907166, 0.0795469656586647, -0.1485380381345749], "Rt. Infraorbitale": [0.0058861179277300835, 0.5867075324058533, -0.12531642615795135], "Rt. Knee Crease": [-0.05497393012046814, -0.4555719792842865, -0.2964048981666565], "Rt. Lateral Malleolus": [-0.09355995059013367, -0.8257449865341187, -0.2965955436229706], "Rt. Medial Malleolus": [-0.032835692167282104, -0.8283854126930237, -0.2567664682865143], "Rt. Metacarpal Phal. II": [0.0037050959654152393, 0.47974663972854614, 0.41040587425231934], "Rt. Metacarpal Phal. V": [0.014199979603290558, 0.41232848167419434, 0.3943318724632263], "Rt. Metatarsal Phal. I": [-0.10827368497848511, -0.8905434012413025, -0.12053558230400085], "Rt. Metatarsal Phal. V": [-0.16224218904972076, -0.8891403079032898, -0.17774853110313416], "Rt. Olecranon": [-0.08031640946865082, 0.3890828788280487, 0.09307780861854553], "Rt. PSIS": [-0.021153884008526802, 0.013816066086292267, -0.3347361981868744], "Rt. Radial Styloid": [0.015443059615790844, 0.48028498888015747, 0.31110048294067383], "Rt. Radiale": [-0.08558427542448044, 0.4220239222049713, 0.10532575100660324], "Rt. Sphyrion": [-0.03713268041610718, -0.8497059345245361, -0.2494748830795288], "Rt. Thelion/Bustpoint": [-0.06129727140069008, 0.2508637011051178, -0.06402535736560822], "Rt. Tragion": [-0.02024872601032257, 0.5865265130996704, -0.20702049136161804], "Rt. Trochanterion": [-0.15328483283519745, -0.07478197664022446, -0.1803123503923416], "Rt. Ulnar Styloid": [-0.012814715504646301, 0.42286962270736694, 0.31596168875694275], "Sellion": [0.03815380483865738, 0.616531491279602, -0.11676916480064392], "Substernale": [0.051005639135837555, 0.2064545750617981, -0.048471566289663315], "Supramenton": [0.03850066289305687, 0.5262132883071899, -0.1099262461066246], "Suprasternale": [0.047966279089450836, 0.39468809962272644, -0.13374586403369904], "Waist, Preferred, Post.": [0.04048376530408859, 0.009861978702247143, -0.3382440209388733]}