{"10th Rib Midspine": [0.04869731888175011, 0.15900439023971558, -0.2433539777994156], "Cervicale": [0.0069441888481378555, 0.482205867767334, -0.19393326342105865], "Lt. 10th Rib": [0.19056695699691772, 0.1107182651758194, -0.05151863023638725], "Lt. ASIS": [0.22693875432014465, 0.003718059975653887, -0.060226745903491974], "Lt. Acromion": [0.22087426483631134, 0.4459449350833893, -0.15855737030506134], "Lt. Axilla, Ant.": [0.218070387840271, 0.33524495363235474, -0.13530763983726501], "Lt. Axilla, Post.": [0.2051166445016861, 0.3151596486568451, -0.2418242245912552], "Lt. Calcaneous, Post.": [0.15223410725593567, -0.8736796975135803, -0.33296099305152893], "Lt. Clavicale": [0.05758358910679817, 0.41250818967819214, -0.0691647008061409], "Lt. Dactylion": [0.6178063750267029, -0.05875543877482414, -0.2552897334098816], "Lt. Digit II": [0.17971502244472504, -0.9003852605819702, -0.09755712747573853], "Lt. Femoral Lateral Epicn": [0.22957558929920197, -0.47603434324264526, -0.22205117344856262], "Lt. Femoral Medial Epicn": [0.11221059411764145, -0.4724047780036926, -0.2506999373435974], "Lt. Gonion": [0.02909477986395359, 0.5619871020317078, -0.08367721736431122], "Lt. Humeral Lateral Epicn": [0.34904247522354126, 0.23555810749530792, -0.24880351126194], "Lt. Humeral Medial Epicn": [0.3032630681991577, 0.17507867515087128, -0.22100235521793365], "Lt. Iliocristale": [0.23496553301811218, 0.08060599863529205, -0.10160347074270248], "Lt. Infraorbitale": [-0.019017349928617477, 0.5899664163589478, -0.01804540492594242], "Lt. Knee Crease": [0.17427881062030792, -0.45908594131469727, -0.27775561809539795], "Lt. Lateral Malleolus": [0.19716854393482208, -0.8270574808120728, -0.2734470069408417], "Lt. Medial Malleolus": [0.12686936557292938, -0.8297773599624634, -0.26217108964920044], "Lt. Metacarpal Phal. II": [0.5749382376670837, -0.01823374629020691, -0.19140444695949554], "Lt. Metacarpal Phal. V": [0.5481846928596497, -0.00418358389288187, -0.26205459237098694], "Lt. Metatarsal Phal. I": [0.14862468838691711, -0.8949363231658936, -0.10591457784175873], "Lt. Metatarsal Phal. V": [0.21573010087013245, -0.8855614066123962, -0.15903571248054504], "Lt. Olecranon": [0.3188774883747101, 0.1930091232061386, -0.24592962861061096], "Lt. PSIS": [0.10334576666355133, 0.01267071720212698, -0.2738182246685028], "Lt. Radial Styloid": [0.49291136860847473, 0.05561782792210579, -0.1945967823266983], "Lt. Radiale": [0.3569381833076477, 0.21615740656852722, -0.2504037022590637], "Lt. Sphyrion": [0.12715044617652893, -0.8514623045921326, -0.2570940852165222], "Lt. Thelion/Bustpoint": [0.17008425295352936, 0.2544492185115814, 0.021266121417284012], "Lt. Tragion": [0.018603848293423653, 0.6028774380683899, -0.09622474014759064], "Lt. Trochanterion": [0.2502785921096802, -0.08269314467906952, -0.13490895926952362], "Lt. Ulnar Styloid": [0.5011076927185059, 0.058366622775793076, -0.2474462389945984], "Nuchale": [-0.014557616785168648, 0.5412861108779907, -0.18976092338562012], "Rt. 10th Rib": [-0.05690415948629379, 0.10079722851514816, -0.009449216537177563], "Rt. ASIS": [-0.09059841930866241, -0.008588741533458233, -0.018647003918886185], "Rt. Acromion": [-0.1677369922399521, 0.3806023597717285, -0.13595324754714966], "Rt. Axilla, Ant.": [-0.13860268890857697, 0.28842681646347046, -0.10653945803642273], "Rt. Axilla, Post.": [-0.13717718422412872, 0.2454487681388855, -0.20930734276771545], "Rt. Calcaneous, Post.": [-0.10292401909828186, -0.8703566789627075, -0.34718215465545654], "Rt. Clavicale": [0.0016813328256830573, 0.40510204434394836, -0.061826255172491074], "Rt. Dactylion": [-0.470920592546463, -0.20678026974201202, -0.12525567412376404], "Rt. Digit II": [-0.15564706921577454, -0.8996468186378479, -0.10628598183393478], "Rt. Femoral Lateral Epicn": [-0.15186914801597595, -0.4646567404270172, -0.2223680168390274], "Rt. Femoral Medial Epicn": [-0.03147035837173462, -0.4720015823841095, -0.23995254933834076], "Rt. Gonion": [-0.06776858121156693, 0.4987751543521881, -0.09285830706357956], "Rt. Humeral Lateral Epicn": [-0.26808086037635803, 0.14612841606140137, -0.20260271430015564], "Rt. Humeral Medial Epicn": [-0.20677222311496735, 0.0956680178642273, -0.17029286921024323], "Rt. Iliocristale": [-0.12811319530010223, 0.06428825110197067, -0.0741000846028328], "Rt. Infraorbitale": [-0.07775323837995529, 0.5453602075576782, -0.023815680295228958], "Rt. Knee Crease": [-0.09053144603967667, -0.4556976556777954, -0.26939690113067627], "Rt. Lateral Malleolus": [-0.14630666375160217, -0.8220686316490173, -0.2914232909679413], "Rt. Medial Malleolus": [-0.07795794308185577, -0.8303114175796509, -0.26654869318008423], "Rt. Metacarpal Phal. II": [-0.45026323199272156, -0.11655862629413605, -0.10692134499549866], "Rt. Metacarpal Phal. V": [-0.418925404548645, -0.1296788603067398, -0.165071502327919], "Rt. Metatarsal Phal. I": [-0.12599709630012512, -0.8891052603721619, -0.11467938125133514], "Rt. Metatarsal Phal. V": [-0.18370170891284943, -0.8890100717544556, -0.15705731511116028], "Rt. Olecranon": [-0.23311111330986023, 0.1124158650636673, -0.20653800666332245], "Rt. PSIS": [-0.022699272260069847, 0.014665310271084309, -0.2644154727458954], "Rt. Radial Styloid": [-0.3874374032020569, -0.04239214211702347, -0.10500997304916382], "Rt. Radiale": [-0.2684147357940674, 0.12660552561283112, -0.20535141229629517], "Rt. Sphyrion": [-0.08002810180187225, -0.8507843613624573, -0.2604518532752991], "Rt. Thelion/Bustpoint": [-0.05327272042632103, 0.22404669225215912, 0.021062863990664482], "Rt. Tragion": [-0.10046231001615524, 0.5308160781860352, -0.10524800419807434], "Rt. Trochanterion": [-0.14784716069698334, -0.08783262223005295, -0.11174308508634567], "Rt. Ulnar Styloid": [-0.39043524861335754, -0.05555161461234093, -0.1683139055967331], "Sellion": [-0.06639298796653748, 0.5870610475540161, -0.014083931222558022], "Substernale": [0.06270390748977661, 0.19633518159389496, 0.02927338518202305], "Supramenton": [-0.015820123255252838, 0.5118603110313416, -0.009096767753362656], "Suprasternale": [0.033626534044742584, 0.390375554561615, -0.04703857749700546], "Waist, Preferred, Post.": [0.04203597456216812, 0.014895614236593246, -0.27546265721321106]}