{"10th Rib Midspine": [0.03457493707537651, 0.13551275432109833, -0.15913565456867218], "Cervicale": [0.05549457669258118, 0.46984410285949707, -0.18886235356330872], "Lt. 10th Rib": [0.16953371465206146, 0.09108874201774597, -0.0014163348823785782], "Lt. ASIS": [0.19159777462482452, -0.008785742335021496, 0.0023703009355813265], "Lt. Acromion": [0.22256678342819214, 0.4301832318305969, -0.04915378987789154], "Lt. Axilla, Ant.": [0.15671798586845398, 0.35753104090690613, -0.003292100504040718], "Lt. Axilla, Post.": [0.21784381568431854, 0.2771408259868622, -0.03139543533325195], "Lt. Calcaneous, Post.": [0.1379976123571396, -0.8850961327552795, -0.2476729452610016], "Lt. Clavicale": [0.06982919573783875, 0.4153587520122528, -0.04894828796386719], "Lt. Dactylion": [0.20760074257850647, 0.6439839005470276, 0.05760958790779114], "Lt. Digit II": [0.17656268179416656, -0.9065210819244385, -0.012070251628756523], "Lt. Femoral Lateral Epicn": [0.1836133599281311, -0.4838104248046875, -0.1626448631286621], "Lt. Femoral Medial Epicn": [0.06478721648454666, -0.4883888065814972, -0.1838066130876541], "Lt. Gonion": [0.11957069486379623, 0.5284231305122375, -0.09490411728620529], "Lt. Humeral Lateral Epicn": [0.24335116147994995, 0.27282798290252686, 0.12233970314264297], "Lt. Humeral Medial Epicn": [0.16751421988010406, 0.25588542222976685, 0.16212691366672516], "Lt. Iliocristale": [0.2174685001373291, 0.05500973016023636, -0.03979024291038513], "Lt. Infraorbitale": [0.0877615287899971, 0.5656047463417053, -0.02619907632470131], "Lt. Knee Crease": [0.13048480451107025, -0.4740639925003052, -0.21304765343666077], "Lt. Lateral Malleolus": [0.17847006022930145, -0.8379867672920227, -0.1926332712173462], "Lt. Medial Malleolus": [0.11370205879211426, -0.8422414064407349, -0.17378735542297363], "Lt. Metacarpal Phal. II": [0.21100227534770966, 0.557992696762085, 0.02876022644340992], "Lt. Metacarpal Phal. V": [0.21324017643928528, 0.5563027262687683, 0.09194549918174744], "Lt. Metatarsal Phal. I": [0.15559446811676025, -0.9054674506187439, -0.03439510241150856], "Lt. Metatarsal Phal. V": [0.2108796387910843, -0.8988316655158997, -0.06871625036001205], "Lt. Olecranon": [0.20379434525966644, 0.24971814453601837, 0.1708027720451355], "Lt. PSIS": [0.09261388331651688, -0.006605419330298901, -0.20547258853912354], "Lt. Radial Styloid": [0.1905709058046341, 0.45234033465385437, 0.057565975934267044], "Lt. Radiale": [0.23562735319137573, 0.28012341260910034, 0.13863235712051392], "Lt. Sphyrion": [0.11536895483732224, -0.8639969229698181, -0.1709628403186798], "Lt. Thelion/Bustpoint": [0.15498101711273193, 0.22980919480323792, 0.04401875287294388], "Lt. Tragion": [0.12464568018913269, 0.5740704536437988, -0.10780321061611176], "Lt. Trochanterion": [0.2272420972585678, -0.09616314619779587, -0.06134386733174324], "Lt. Ulnar Styloid": [0.21368353068828583, 0.4709848463535309, 0.09782139956951141], "Nuchale": [0.05510476231575012, 0.5535842776298523, -0.20095911622047424], "Rt. 10th Rib": [-0.07016533613204956, 0.10773231089115143, 0.031238606199622154], "Rt. ASIS": [-0.11278734356164932, 0.0022964912932366133, 0.028835726901888847], "Rt. Acromion": [-0.13220709562301636, 0.4188230037689209, -0.06421066075563431], "Rt. Axilla, Ant.": [-0.0636211484670639, 0.37037327885627747, -0.001995519269257784], "Rt. Axilla, Post.": [-0.13660745322704315, 0.2640922963619232, -0.030809685587882996], "Rt. Calcaneous, Post.": [-0.11514901369810104, -0.8794622421264648, -0.2554800510406494], "Rt. Clavicale": [0.01982436142861843, 0.41578999161720276, -0.05138884857296944], "Rt. Dactylion": [-0.1096058338880539, 0.6531703472137451, 0.06747424602508545], "Rt. Digit II": [-0.1702730357646942, -0.9090616106987, -0.026114890351891518], "Rt. Femoral Lateral Epicn": [-0.15581385791301727, -0.47703221440315247, -0.16407500207424164], "Rt. Femoral Medial Epicn": [-0.03206362947821617, -0.48285478353500366, -0.1756472885608673], "Rt. Gonion": [-0.02033640630543232, 0.5263993144035339, -0.10249150544404984], "Rt. Humeral Lateral Epicn": [-0.14684820175170898, 0.2774713635444641, 0.12725615501403809], "Rt. Humeral Medial Epicn": [-0.05917154625058174, 0.26446497440338135, 0.14923758804798126], "Rt. Iliocristale": [-0.14970743656158447, 0.06773403286933899, -0.02130579762160778], "Rt. Infraorbitale": [0.010638302192091942, 0.5621901750564575, -0.029386453330516815], "Rt. Knee Crease": [-0.09536074846982956, -0.46539124846458435, -0.20925161242485046], "Rt. Lateral Malleolus": [-0.16036352515220642, -0.8359835147857666, -0.20047838985919952], "Rt. Medial Malleolus": [-0.09554614871740341, -0.839136004447937, -0.17854714393615723], "Rt. Metacarpal Phal. II": [-0.11703764647245407, 0.5666663646697998, 0.036933332681655884], "Rt. Metacarpal Phal. V": [-0.12194028496742249, 0.5635867714881897, 0.10089755803346634], "Rt. Metatarsal Phal. I": [-0.1296471804380417, -0.9082562923431396, -0.039968378841876984], "Rt. Metatarsal Phal. V": [-0.19392453134059906, -0.8973163962364197, -0.07876777648925781], "Rt. Olecranon": [-0.1115521714091301, 0.2547766864299774, 0.1726396232843399], "Rt. PSIS": [-0.034645628184080124, 0.002746663521975279, -0.2047814279794693], "Rt. Radial Styloid": [-0.09615103155374527, 0.4747428596019745, 0.04739558696746826], "Rt. Radiale": [-0.14140717685222626, 0.28561583161354065, 0.14086392521858215], "Rt. Sphyrion": [-0.09856246411800385, -0.8596237897872925, -0.17783766984939575], "Rt. Thelion/Bustpoint": [-0.06766121834516525, 0.22388671338558197, 0.04625260829925537], "Rt. Tragion": [-0.026059914380311966, 0.5750396847724915, -0.11445608735084534], "Rt. Trochanterion": [-0.18621191382408142, -0.08038534969091415, -0.05543525516986847], "Rt. Ulnar Styloid": [-0.11976923793554306, 0.4832400977611542, 0.1030893549323082], "Sellion": [0.04404415935277939, 0.5906686782836914, -0.020687153562903404], "Substernale": [0.045903533697128296, 0.1965232491493225, 0.0587938167154789], "Supramenton": [0.04360795393586159, 0.4980030655860901, -0.025792229920625687], "Suprasternale": [0.04636833816766739, 0.37966614961624146, -0.021611984819173813], "Waist, Preferred, Post.": [0.02874460257589817, -0.0029187998734414577, -0.20614971220493317]}