{"10th Rib Midspine": [0.11387494206428528, 0.14331388473510742, -0.16957619786262512], "Cervicale": [0.13894575834274292, 0.4722941219806671, -0.13647058606147766], "Lt. 10th Rib": [0.2400863915681839, 0.08911259472370148, 0.04300074279308319], "Lt. ASIS": [0.2612842917442322, -0.008248545229434967, 0.04440353065729141], "Lt. Acromion": [0.32963770627975464, 0.41608452796936035, -0.09301277250051498], "Lt. Axilla, Ant.": [0.30270612239837646, 0.31691014766693115, -0.07211077958345413], "Lt. Axilla, Post.": [0.3221338093280792, 0.27041101455688477, -0.13942644000053406], "Lt. Calcaneous, Post.": [0.09280519932508469, -0.883343517780304, -0.20280703902244568], "Lt. Clavicale": [0.1588311791419983, 0.39735084772109985, -0.007658734451979399], "Lt. Dactylion": [0.789016842842102, 0.020717289298772812, -0.08497112989425659], "Lt. Digit II": [0.09531188756227493, -0.9087843894958496, 0.042198546230793], "Lt. Femoral Lateral Epicn": [0.21214620769023895, -0.4971913993358612, -0.08468769490718842], "Lt. Femoral Medial Epicn": [0.09557102620601654, -0.48125550150871277, -0.11508212238550186], "Lt. Gonion": [0.1875161975622177, 0.5320149064064026, -0.027635177597403526], "Lt. Humeral Lateral Epicn": [0.4958932399749756, 0.2336602509021759, -0.14103911817073822], "Lt. Humeral Medial Epicn": [0.4582180678844452, 0.17123904824256897, -0.10765361040830612], "Lt. Iliocristale": [0.2852631211280823, 0.058496054261922836, -0.002414268208667636], "Lt. Infraorbitale": [0.1595221608877182, 0.5701234340667725, 0.04108332097530365], "Lt. Knee Crease": [0.1590147614479065, -0.4777448773384094, -0.14170560240745544], "Lt. Lateral Malleolus": [0.136029452085495, -0.8442895412445068, -0.14172163605690002], "Lt. Medial Malleolus": [0.06477423757314682, -0.8345882296562195, -0.13130030035972595], "Lt. Metacarpal Phal. II": [0.7604585886001587, 0.050544608384370804, -0.05193311348557472], "Lt. Metacarpal Phal. V": [0.7437114119529724, 0.034740034490823746, -0.11237821727991104], "Lt. Metatarsal Phal. I": [0.08075787127017975, -0.9016186594963074, 0.021149715408682823], "Lt. Metatarsal Phal. V": [0.1489512324333191, -0.8968914747238159, -0.016034573316574097], "Lt. Olecranon": [0.4724786877632141, 0.18918633460998535, -0.13396099209785461], "Lt. PSIS": [0.16907194256782532, -0.00924193300306797, -0.18658700585365295], "Lt. Radial Styloid": [0.6628301739692688, 0.09198635816574097, -0.06492403894662857], "Lt. Radiale": [0.506256639957428, 0.2194443941116333, -0.1384132355451584], "Lt. Sphyrion": [0.06287438422441483, -0.8558359742164612, -0.12686747312545776], "Lt. Thelion/Bustpoint": [0.23097695410251617, 0.23013833165168762, 0.0975414589047432], "Lt. Tragion": [0.19603067636489868, 0.5747556090354919, -0.03713572770357132], "Lt. Trochanterion": [0.2807147204875946, -0.10091637820005417, -0.02379648946225643], "Lt. Ulnar Styloid": [0.6786772608757019, 0.09266862273216248, -0.11314743757247925], "Nuchale": [0.13954581320285797, 0.5567757487297058, -0.13442912697792053], "Rt. 10th Rib": [-0.016026217490434647, 0.11196731775999069, 0.05497991666197777], "Rt. ASIS": [-0.05714275687932968, 0.0064359693787992, 0.039951447397470474], "Rt. Acromion": [-0.06100630387663841, 0.4314196705818176, -0.10519714653491974], "Rt. Axilla, Ant.": [-0.048723652958869934, 0.3319438099861145, -0.07427006959915161], "Rt. Axilla, Post.": [-0.0727575421333313, 0.2813626229763031, -0.1505437195301056], "Rt. Calcaneous, Post.": [-0.11061752587556839, -0.264313280582428, -0.3977685272693634], "Rt. Clavicale": [0.10249646753072739, 0.40320611000061035, -0.006809421349316835], "Rt. Dactylion": [-0.6021119356155396, 0.05763368681073189, -0.09384296089410782], "Rt. Digit II": [-0.08455678075551987, -0.4259805977344513, -0.4518004059791565], "Rt. Femoral Lateral Epicn": [-0.17199791967868805, -0.41020864248275757, -0.02061784826219082], "Rt. Femoral Medial Epicn": [-0.03770456835627556, -0.45086193084716797, -0.04248214140534401], "Rt. Gonion": [0.07002341747283936, 0.5307491421699524, -0.0379023514688015], "Rt. Humeral Lateral Epicn": [-0.2514328062534332, 0.26769697666168213, -0.1537991315126419], "Rt. Humeral Medial Epicn": [-0.22085358202457428, 0.19458767771720886, -0.1136758103966713], "Rt. Iliocristale": [-0.08152156323194504, 0.07561875879764557, -0.02084476687014103], "Rt. Infraorbitale": [0.08777596801519394, 0.5633574724197388, 0.0374574176967144], "Rt. Knee Crease": [-0.06429331749677658, -0.384129136800766, -0.0667930468916893], "Rt. Lateral Malleolus": [-0.1542080044746399, -0.3168191611766815, -0.3504135012626648], "Rt. Medial Malleolus": [-0.08733625710010529, -0.3394872546195984, -0.35058966279029846], "Rt. Metacarpal Phal. II": [-0.5361547470092773, 0.11377055197954178, -0.06356705725193024], "Rt. Metacarpal Phal. V": [-0.5187495350837708, 0.0890422984957695, -0.12820884585380554], "Rt. Metatarsal Phal. I": [-0.07043474167585373, -0.42793381214141846, -0.4216071665287018], "Rt. Metatarsal Phal. V": [-0.14635387063026428, -0.41790980100631714, -0.4520907700061798], "Rt. Olecranon": [-0.23539794981479645, 0.22134871780872345, -0.1515348255634308], "Rt. PSIS": [0.04441048577427864, -0.002248396398499608, -0.1940404325723648], "Rt. Radial Styloid": [-0.44238048791885376, 0.1442728340625763, -0.0639355257153511], "Rt. Radiale": [-0.26150834560394287, 0.24956120550632477, -0.1550910323858261], "Rt. Sphyrion": [-0.08686003088951111, -0.34356218576431274, -0.366213858127594], "Rt. Thelion/Bustpoint": [0.006036810111254454, 0.2424584925174713, 0.07736452668905258], "Rt. Tragion": [0.05940927565097809, 0.576227068901062, -0.04895330220460892], "Rt. Trochanterion": [-0.11392959952354431, -0.09042363613843918, -0.044655684381723404], "Rt. Ulnar Styloid": [-0.4540998935699463, 0.13823534548282623, -0.1270977407693863], "Sellion": [0.11853097379207611, 0.5908868312835693, 0.0494648814201355], "Substernale": [0.11452890932559967, 0.19075262546539307, 0.1008625403046608], "Supramenton": [0.12024161219596863, 0.5026921033859253, 0.041805803775787354], "Suprasternale": [0.12629856169223785, 0.3790932893753052, 0.014642545953392982], "Waist, Preferred, Post.": [0.10787356644868851, -0.004515396431088448, -0.19588592648506165]}