{"10th Rib Midspine": [-0.00320015219040215, 0.3713202476501465, -0.15983322262763977], "Cervicale": [-0.004319520201534033, 0.7413398027420044, -0.11921994388103485], "Lt. 10th Rib": [0.1408156454563141, 0.31902238726615906, 0.036881010979413986], "Lt. ASIS": [0.15228387713432312, 0.21374887228012085, 0.026668312028050423], "Lt. Acromion": [0.2240675985813141, 0.68047034740448, 0.007992645725607872], "Lt. Axilla, Ant.": [0.20058447122573853, 0.5783496499061584, 0.014029133133590221], "Lt. Axilla, Post.": [0.279812753200531, 0.5558633804321289, -0.020365340635180473], "Lt. Calcaneous, Post.": [0.1598016321659088, -0.7407236099243164, -0.2927584946155548], "Lt. Clavicale": [0.02643219381570816, 0.6469807028770447, 0.028893809765577316], "Lt. Dactylion": [0.08134820312261581, 0.31988945603370667, 0.33046460151672363], "Lt. Digit II": [0.1687820702791214, -0.8501060605049133, -0.06721637398004532], "Lt. Femoral Lateral Epicn": [0.18758341670036316, -0.31701037287712097, -0.13210348784923553], "Lt. Femoral Medial Epicn": [0.07802744954824448, -0.32534995675086975, -0.1428496390581131], "Lt. Gonion": [0.0657210573554039, 0.8055939674377441, 0.006383177824318409], "Lt. Humeral Lateral Epicn": [0.37074968218803406, 0.5525949001312256, 0.15751218795776367], "Lt. Humeral Medial Epicn": [0.41787639260292053, 0.4946354925632477, 0.13969258964061737], "Lt. Iliocristale": [0.17833328247070312, 0.2898881733417511, -0.00982136931270361], "Lt. Infraorbitale": [0.03485289588570595, 0.8367241024971008, 0.08370023965835571], "Lt. Knee Crease": [0.1313469260931015, -0.2979052662849426, -0.18136776983737946], "Lt. Lateral Malleolus": [0.20774294435977936, -0.7165194749832153, -0.22659441828727722], "Lt. Medial Malleolus": [0.1382320672273636, -0.7196378111839294, -0.21164673566818237], "Lt. Metacarpal Phal. II": [0.14769768714904785, 0.3375381529331207, 0.2952572703361511], "Lt. Metacarpal Phal. V": [0.18305334448814392, 0.35549893975257874, 0.35869982838630676], "Lt. Metatarsal Phal. I": [0.14518111944198608, -0.8364599347114563, -0.08156869560480118], "Lt. Metatarsal Phal. V": [0.22693032026290894, -0.8347538113594055, -0.14640052616596222], "Lt. Olecranon": [0.42520108819007874, 0.5231354832649231, 0.1559249311685562], "Lt. PSIS": [0.06455989927053452, 0.20681177079677582, -0.16925048828125], "Lt. Radial Styloid": [0.2686328589916229, 0.36231717467308044, 0.2784569561481476], "Lt. Radiale": [0.37598875164985657, 0.5397295951843262, 0.17320138216018677], "Lt. Sphyrion": [0.1403084546327591, -0.7419379353523254, -0.2141890823841095], "Lt. Thelion/Bustpoint": [0.12427696585655212, 0.45455408096313477, 0.08359473943710327], "Lt. Tragion": [0.07550958544015884, 0.8525864481925964, 0.009487848728895187], "Lt. Trochanterion": [0.19684134423732758, 0.10138405114412308, -0.03173693269491196], "Lt. Ulnar Styloid": [0.2683878540992737, 0.39731401205062866, 0.32441815733909607], "Nuchale": [0.0021957424469292164, 0.8562294244766235, -0.0847373679280281], "Rt. 10th Rib": [-0.14225026965141296, 0.31801214814186096, 0.04748617485165596], "Rt. ASIS": [-0.147444948554039, 0.19893410801887512, 0.030723096802830696], "Rt. Acromion": [-0.22048687934875488, 0.6990759372711182, -0.004927470348775387], "Rt. Axilla, Ant.": [-0.20111992955207825, 0.5830705761909485, -0.007560012862086296], "Rt. Axilla, Post.": [-0.28042060136795044, 0.5700457692146301, -0.03719765692949295], "Rt. Calcaneous, Post.": [-0.17036260664463043, -0.7302606701850891, -0.3360983729362488], "Rt. Clavicale": [-0.049236007034778595, 0.6463316679000854, 0.030560322105884552], "Rt. Dactylion": [-0.09163381159305573, 0.3351118862628937, 0.35450583696365356], "Rt. Digit II": [-0.1889743059873581, -0.8473403453826904, -0.10506053268909454], "Rt. Femoral Lateral Epicn": [-0.18874438107013702, -0.3150617778301239, -0.1485811471939087], "Rt. Femoral Medial Epicn": [-0.07995292544364929, -0.3246779143810272, -0.15265268087387085], "Rt. Gonion": [-0.07630796730518341, 0.8010034561157227, 0.004031566437333822], "Rt. Humeral Lateral Epicn": [-0.37120556831359863, 0.5532942414283752, 0.1379387378692627], "Rt. Humeral Medial Epicn": [-0.38730114698410034, 0.4754638671875, 0.11403263360261917], "Rt. Iliocristale": [-0.18949739634990692, 0.2639859616756439, -0.023104961961507797], "Rt. Infraorbitale": [-0.04319598153233528, 0.8320931196212769, 0.08384976536035538], "Rt. Knee Crease": [-0.128728449344635, -0.29461541771888733, -0.18760764598846436], "Rt. Lateral Malleolus": [-0.21620187163352966, -0.703349769115448, -0.26851221919059753], "Rt. Medial Malleolus": [-0.14606808125972748, -0.7138161659240723, -0.24480853974819183], "Rt. Metacarpal Phal. II": [-0.16221380233764648, 0.35843583941459656, 0.3004615604877472], "Rt. Metacarpal Phal. V": [-0.19460107386112213, 0.3634198009967804, 0.35881879925727844], "Rt. Metatarsal Phal. I": [-0.1559574007987976, -0.8270747661590576, -0.12263339012861252], "Rt. Metatarsal Phal. V": [-0.23361773788928986, -0.83404541015625, -0.1598224937915802], "Rt. Olecranon": [-0.4122826159000397, 0.5212357640266418, 0.1331728845834732], "Rt. PSIS": [-0.05160801112651825, 0.2030935436487198, -0.16987663507461548], "Rt. Radial Styloid": [-0.25796061754226685, 0.3533453941345215, 0.2663879990577698], "Rt. Radiale": [-0.3792542815208435, 0.5386523604393005, 0.15359331667423248], "Rt. Sphyrion": [-0.14901311695575714, -0.7344101667404175, -0.2493588626384735], "Rt. Thelion/Bustpoint": [-0.14898309111595154, 0.4603424072265625, 0.07479719817638397], "Rt. Tragion": [-0.08598139882087708, 0.8517588973045349, 0.0018083874601870775], "Rt. Trochanterion": [-0.1956542581319809, 0.10040080547332764, -0.043732985854148865], "Rt. Ulnar Styloid": [-0.27524250745773315, 0.38919562101364136, 0.31916260719299316], "Sellion": [-0.01273549534380436, 0.8599808216094971, 0.10354917496442795], "Substernale": [-0.011192940175533295, 0.40439167618751526, 0.1048392578959465], "Supramenton": [-0.008837421424686909, 0.7619398236274719, 0.08240322768688202], "Suprasternale": [-0.015779100358486176, 0.6229217648506165, 0.04339078441262245], "Waist, Preferred, Post.": [0.007965614087879658, 0.20486301183700562, -0.16976328194141388]}