{"10th Rib Midspine": [0.004917948506772518, 0.2600937783718109, -0.17380964756011963], "Cervicale": [0.00456598587334156, 0.5934300422668457, -0.1039246991276741], "Lt. 10th Rib": [0.11706224083900452, 0.17970843613147736, -0.023880893364548683], "Lt. ASIS": [0.14218413829803467, 0.07279881089925766, -0.04300830140709877], "Lt. Acromion": [0.18811523914337158, 0.5625527501106262, -0.056175362318754196], "Lt. Axilla, Ant.": [0.16981424391269684, 0.4545653760433197, -0.07093343138694763], "Lt. Axilla, Post.": [0.17810885608196259, 0.4630568325519562, -0.17351673543453217], "Lt. Calcaneous, Post.": [0.10822517424821854, -0.8144912123680115, -0.3129703998565674], "Lt. Clavicale": [0.03271184489130974, 0.4897380471229553, -0.01443544588983059], "Lt. Dactylion": [0.338926762342453, -0.04137290269136429, -0.21136066317558289], "Lt. Digit II": [0.14144659042358398, -0.8455392122268677, -0.08314831554889679], "Lt. Femoral Lateral Epicn": [0.17646370828151703, -0.40877607464790344, -0.21104633808135986], "Lt. Femoral Medial Epicn": [0.060189224779605865, -0.4093400835990906, -0.22984279692173004], "Lt. Gonion": [0.06670442223548889, 0.6164335012435913, -0.0006073795375414193], "Lt. Humeral Lateral Epicn": [0.3117121160030365, 0.3385710120201111, -0.16578255593776703], "Lt. Humeral Medial Epicn": [0.27495285868644714, 0.3329155147075653, -0.22641050815582275], "Lt. Iliocristale": [0.1514534205198288, 0.15310443937778473, -0.05742102861404419], "Lt. Infraorbitale": [0.040561601519584656, 0.6374672055244446, 0.07325994223356247], "Lt. Knee Crease": [0.11764511466026306, -0.3959839642047882, -0.2610403299331665], "Lt. Lateral Malleolus": [0.14969302713871002, -0.7696298956871033, -0.26664939522743225], "Lt. Medial Malleolus": [0.08964590728282928, -0.7769506573677063, -0.24000805616378784], "Lt. Metacarpal Phal. II": [0.31552088260650635, 0.033142782747745514, -0.1822720170021057], "Lt. Metacarpal Phal. V": [0.3701206147670746, 0.042902614921331406, -0.2057204693555832], "Lt. Metatarsal Phal. I": [0.12499877065420151, -0.8379344344139099, -0.10006415098905563], "Lt. Metatarsal Phal. V": [0.18062041699886322, -0.8408613801002502, -0.12929797172546387], "Lt. Olecranon": [0.30495500564575195, 0.3388267755508423, -0.21629373729228973], "Lt. PSIS": [0.06598257273435593, 0.09879673272371292, -0.24869078397750854], "Lt. Radial Styloid": [0.30828821659088135, 0.12428873032331467, -0.19837786257266998], "Lt. Radiale": [0.3192472457885742, 0.3220813572406769, -0.17655248939990997], "Lt. Sphyrion": [0.09050767123699188, -0.7948423027992249, -0.23820853233337402], "Lt. Thelion/Bustpoint": [0.11299001425504684, 0.3197932243347168, 0.03075381927192211], "Lt. Tragion": [0.07049891352653503, 0.6581452488899231, -0.0027190956752747297], "Lt. Trochanterion": [0.19269055128097534, -0.010845895856618881, -0.11686352640390396], "Lt. Ulnar Styloid": [0.35960906744003296, 0.12664787471294403, -0.1917095184326172], "Nuchale": [0.004428446758538485, 0.6570224761962891, -0.08997900784015656], "Rt. 10th Rib": [-0.09993202239274979, 0.1780286580324173, -0.005288096144795418], "Rt. ASIS": [-0.1326151043176651, 0.06328849494457245, -0.036959681659936905], "Rt. Acromion": [-0.17415885627269745, 0.5575386881828308, -0.04635351151227951], "Rt. Axilla, Ant.": [-0.15814514458179474, 0.4552207589149475, -0.053023338317871094], "Rt. Axilla, Post.": [-0.1753895878791809, 0.4523686468601227, -0.16802778840065002], "Rt. Calcaneous, Post.": [-0.1398739367723465, -0.8084296584129333, -0.3259753882884979], "Rt. Clavicale": [-0.01867428608238697, 0.49153319001197815, -0.008993684314191341], "Rt. Dactylion": [-0.347621351480484, -0.047052860260009766, -0.19545325636863708], "Rt. Digit II": [-0.1844477653503418, -0.8428242206573486, -0.10805243998765945], "Rt. Femoral Lateral Epicn": [-0.20041468739509583, -0.406559020280838, -0.23670697212219238], "Rt. Femoral Medial Epicn": [-0.08432658016681671, -0.41128358244895935, -0.2407570779323578], "Rt. Gonion": [-0.05627858638763428, 0.6061707139015198, -0.005387906450778246], "Rt. Humeral Lateral Epicn": [-0.3044068515300751, 0.32847899198532104, -0.15080037713050842], "Rt. Humeral Medial Epicn": [-0.2524680495262146, 0.31489866971969604, -0.20486706495285034], "Rt. Iliocristale": [-0.16400714218616486, 0.1378360241651535, -0.062287721782922745], "Rt. Infraorbitale": [-0.029971549287438393, 0.6254954934120178, 0.07219582051038742], "Rt. Knee Crease": [-0.1377977579832077, -0.3962480425834656, -0.27726051211357117], "Rt. Lateral Malleolus": [-0.1899862140417099, -0.7654089331626892, -0.2808149456977844], "Rt. Medial Malleolus": [-0.13278549909591675, -0.7641522884368896, -0.25882261991500854], "Rt. Metacarpal Phal. II": [-0.3171708881855011, 0.021133942529559135, -0.1711212396621704], "Rt. Metacarpal Phal. V": [-0.3731901943683624, 0.03267587348818779, -0.18482138216495514], "Rt. Metatarsal Phal. I": [-0.16868099570274353, -0.8297359347343445, -0.11627237498760223], "Rt. Metatarsal Phal. V": [-0.22773580253124237, -0.8295825123786926, -0.15483398735523224], "Rt. Olecranon": [-0.29563823342323303, 0.3260660469532013, -0.1985449194908142], "Rt. PSIS": [-0.06119316816329956, 0.10076022148132324, -0.2530481517314911], "Rt. Radial Styloid": [-0.30727729201316833, 0.11005167663097382, -0.17818543314933777], "Rt. Radiale": [-0.3135918378829956, 0.3123946189880371, -0.16459181904792786], "Rt. Sphyrion": [-0.13268029689788818, -0.7855011820793152, -0.25522807240486145], "Rt. Thelion/Bustpoint": [-0.1003577932715416, 0.3269041180610657, 0.034996338188648224], "Rt. Tragion": [-0.068205326795578, 0.6498467922210693, -0.010519334115087986], "Rt. Trochanterion": [-0.20886880159378052, -0.012966282665729523, -0.14021793007850647], "Rt. Ulnar Styloid": [-0.3568791449069977, 0.11317221075296402, -0.1667613685131073], "Sellion": [-0.0006543495692312717, 0.6553728580474854, 0.09120002388954163], "Substernale": [0.005244082305580378, 0.2656109631061554, 0.014705915004014969], "Supramenton": [0.007355890236794949, 0.569182276725769, 0.07017065584659576], "Suprasternale": [0.006944635417312384, 0.45837321877479553, -0.0012344415299594402], "Waist, Preferred, Post.": [-0.00040618653292767704, 0.09741757810115814, -0.2543262541294098]}