{"10th Rib Midspine": [0.009886118583381176, 0.15181036293506622, -0.21415384113788605], "Cervicale": [0.02899312414228916, 0.48785826563835144, -0.1996413916349411], "Lt. 10th Rib": [0.13352838158607483, 0.09096928685903549, -0.050364214926958084], "Lt. ASIS": [0.16130298376083374, -0.008973430842161179, -0.06668740510940552], "Lt. Acromion": [0.21600815653800964, 0.39454638957977295, -0.134296253323555], "Lt. Axilla, Ant.": [0.19383279979228973, 0.2925603687763214, -0.11321964859962463], "Lt. Axilla, Post.": [0.18620532751083374, 0.272331565618515, -0.22356705367565155], "Lt. Calcaneous, Post.": [0.12707547843456268, -0.8783604502677917, -0.3020951449871063], "Lt. Clavicale": [0.0411297082901001, 0.4116535782814026, -0.0669044628739357], "Lt. Dactylion": [0.45180296897888184, -0.2105066180229187, -0.2576877772808075], "Lt. Digit II": [0.18868188560009003, -0.9101940989494324, -0.07271640002727509], "Lt. Femoral Lateral Epicn": [0.16815213859081268, -0.4803701639175415, -0.23621603846549988], "Lt. Femoral Medial Epicn": [0.04881710186600685, -0.48781493306159973, -0.25327879190444946], "Lt. Gonion": [0.0876735970377922, 0.5412616729736328, -0.09892445057630539], "Lt. Humeral Lateral Epicn": [0.33385732769966125, 0.16989126801490784, -0.2091919481754303], "Lt. Humeral Medial Epicn": [0.2712711989879608, 0.1311500519514084, -0.23928123712539673], "Lt. Iliocristale": [0.18647007644176483, 0.06048109754920006, -0.09737809002399445], "Lt. Infraorbitale": [0.05383673682808876, 0.5878838896751404, -0.03382764011621475], "Lt. Knee Crease": [0.11138806492090225, -0.47324663400650024, -0.283546507358551], "Lt. Lateral Malleolus": [0.17083102464675903, -0.8347383737564087, -0.25014054775238037], "Lt. Medial Malleolus": [0.10660246759653091, -0.8402826189994812, -0.22715049982070923], "Lt. Metacarpal Phal. II": [0.4394074082374573, -0.13173902034759521, -0.21912147104740143], "Lt. Metacarpal Phal. V": [0.42897728085517883, -0.12303768843412399, -0.2746596038341522], "Lt. Metatarsal Phal. I": [0.16440759599208832, -0.9025968313217163, -0.09053494036197662], "Lt. Metatarsal Phal. V": [0.22036510705947876, -0.8980991244316101, -0.13331402838230133], "Lt. Olecranon": [0.30207109451293945, 0.15099027752876282, -0.2462630271911621], "Lt. PSIS": [0.07671444863080978, 0.017541073262691498, -0.2736463248729706], "Lt. Radial Styloid": [0.376545786857605, -0.05256107077002525, -0.2134007215499878], "Lt. Radiale": [0.3366950750350952, 0.14954189956188202, -0.21856409311294556], "Lt. Sphyrion": [0.10895325243473053, -0.8583577871322632, -0.22617439925670624], "Lt. Thelion/Bustpoint": [0.12042737007141113, 0.2255127876996994, 0.00933767855167389], "Lt. Tragion": [0.09460190683603287, 0.5852691531181335, -0.11222875863313675], "Lt. Trochanterion": [0.20144787430763245, -0.09398546069860458, -0.1371922641992569], "Lt. Ulnar Styloid": [0.400269478559494, -0.04350374639034271, -0.25874194502830505], "Nuchale": [0.03141477704048157, 0.5524293184280396, -0.20702238380908966], "Rt. 10th Rib": [-0.10104244947433472, 0.09894026070833206, -0.03145495429635048], "Rt. ASIS": [-0.1387549489736557, -0.0024005279410630465, -0.047151170670986176], "Rt. Acromion": [-0.1810334175825119, 0.3971345126628876, -0.15093956887722015], "Rt. Axilla, Ant.": [-0.1637854278087616, 0.3093831241130829, -0.11701025813817978], "Rt. Axilla, Post.": [-0.16230465471744537, 0.2630020081996918, -0.23603768646717072], "Rt. Calcaneous, Post.": [-0.16577081382274628, -0.8741321563720703, -0.3302035629749298], "Rt. Clavicale": [-0.018166128545999527, 0.41090744733810425, -0.06963290274143219], "Rt. Dactylion": [-0.5025889873504639, -0.17608502507209778, -0.20684191584587097], "Rt. Digit II": [-0.21984823048114777, -0.9038868546485901, -0.10040337592363358], "Rt. Femoral Lateral Epicn": [-0.1961967796087265, -0.4704647362232208, -0.2465423345565796], "Rt. Femoral Medial Epicn": [-0.07333444058895111, -0.4819371700286865, -0.2610141336917877], "Rt. Gonion": [-0.04477755352854729, 0.5341390371322632, -0.11145207285881042], "Rt. Humeral Lateral Epicn": [-0.3173080384731293, 0.16844573616981506, -0.21089376509189606], "Rt. Humeral Medial Epicn": [-0.2463049590587616, 0.11646006256341934, -0.21807646751403809], "Rt. Iliocristale": [-0.17599619925022125, 0.06732146441936493, -0.09257595986127853], "Rt. Infraorbitale": [-0.024406516924500465, 0.5769261717796326, -0.03969491273164749], "Rt. Knee Crease": [-0.13834726810455322, -0.46223774552345276, -0.2938080430030823], "Rt. Lateral Malleolus": [-0.21044959127902985, -0.8296182751655579, -0.2754661738872528], "Rt. Medial Malleolus": [-0.1453586369752884, -0.8331257104873657, -0.25694435834884644], "Rt. Metacarpal Phal. II": [-0.4726121425628662, -0.10241761803627014, -0.1848316192626953], "Rt. Metacarpal Phal. V": [-0.4658772647380829, -0.0972805917263031, -0.23660142719745636], "Rt. Metatarsal Phal. I": [-0.18817606568336487, -0.8952265381813049, -0.11160684376955032], "Rt. Metatarsal Phal. V": [-0.2471543252468109, -0.8926856517791748, -0.15401607751846313], "Rt. Olecranon": [-0.28321021795272827, 0.14227361977100372, -0.24010039865970612], "Rt. PSIS": [-0.055007319897413254, 0.025165073573589325, -0.2780940532684326], "Rt. Radial Styloid": [-0.396684467792511, -0.04959399625658989, -0.17627516388893127], "Rt. Radiale": [-0.32203051447868347, 0.15042206645011902, -0.2173195630311966], "Rt. Sphyrion": [-0.14917178452014923, -0.8512817621231079, -0.2518807351589203], "Rt. Thelion/Bustpoint": [-0.10650970041751862, 0.22085189819335938, -0.0044614532962441444], "Rt. Tragion": [-0.055584415793418884, 0.579914927482605, -0.12544837594032288], "Rt. Trochanterion": [-0.20995019376277924, -0.07914727181196213, -0.14061520993709564], "Rt. Ulnar Styloid": [-0.4219556450843811, -0.03860114887356758, -0.23000341653823853], "Sellion": [0.008151496760547161, 0.6101497411727905, -0.0325477309525013], "Substernale": [0.005204156506806612, 0.18179400265216827, 0.02197284623980522], "Supramenton": [0.015270124189555645, 0.5170182585716248, -0.026714559644460678], "Suprasternale": [0.00942156556993723, 0.38680699467658997, -0.047656454145908356], "Waist, Preferred, Post.": [0.009593590162694454, 0.01961170881986618, -0.277862012386322]}