{"10th Rib Midspine": [0.10523903369903564, 0.15929925441741943, -0.22500887513160706], "Cervicale": [0.12158309668302536, 0.48475492000579834, -0.20007871091365814], "Lt. 10th Rib": [0.21604391932487488, 0.0848754271864891, -0.05687911435961723], "Lt. ASIS": [0.2275901436805725, -0.017820077016949654, -0.07097634673118591], "Lt. Acromion": [0.27598264813423157, 0.4753280282020569, -0.16938480734825134], "Lt. Axilla, Ant.": [0.29798173904418945, 0.3875059485435486, -0.11435920000076294], "Lt. Axilla, Post.": [0.35926228761672974, 0.36180368065834045, -0.12059362977743149], "Lt. Calcaneous, Post.": [0.06176992133259773, -0.8821659088134766, -0.29587671160697937], "Lt. Clavicale": [0.1385735124349594, 0.41977208852767944, -0.06589876115322113], "Lt. Dactylion": [0.3178093135356903, 0.8397541642189026, -0.0787600576877594], "Lt. Digit II": [0.07480700314044952, -0.9084875583648682, -0.06613856554031372], "Lt. Femoral Lateral Epicn": [0.17112727463245392, -0.4927269518375397, -0.21894100308418274], "Lt. Femoral Medial Epicn": [0.05713455379009247, -0.4770931899547577, -0.2639061212539673], "Lt. Gonion": [0.18548651039600372, 0.5288987159729004, -0.08734045177698135], "Lt. Humeral Lateral Epicn": [0.4982784688472748, 0.4900871515274048, -0.10612645000219345], "Lt. Humeral Medial Epicn": [0.5156933665275574, 0.4736686944961548, -0.022870037704706192], "Lt. Iliocristale": [0.25984400510787964, 0.047720495611429214, -0.09688330441713333], "Lt. Infraorbitale": [0.15667742490768433, 0.5662707686424255, -0.015771711245179176], "Lt. Knee Crease": [0.13201984763145447, -0.47650641202926636, -0.28045088052749634], "Lt. Lateral Malleolus": [0.09931765496730804, -0.839940071105957, -0.23384323716163635], "Lt. Medial Malleolus": [0.03256560489535332, -0.8318718671798706, -0.23349466919898987], "Lt. Metacarpal Phal. II": [0.3586421012878418, 0.76177978515625, -0.0972602367401123], "Lt. Metacarpal Phal. V": [0.37631091475486755, 0.7768800854682922, -0.0342688225209713], "Lt. Metatarsal Phal. I": [0.04698949307203293, -0.9000000953674316, -0.08848582208156586], "Lt. Metatarsal Phal. V": [0.10964253544807434, -0.8947189450263977, -0.11976253241300583], "Lt. Olecranon": [0.5368582010269165, 0.4806387722492218, -0.05720628425478935], "Lt. PSIS": [0.16599500179290771, 0.005057980306446552, -0.2935926914215088], "Lt. Radial Styloid": [0.3879776895046234, 0.6632022857666016, -0.05584300309419632], "Lt. Radiale": [0.5093027353286743, 0.506334125995636, -0.09296827763319016], "Lt. Sphyrion": [0.029623771086335182, -0.8531776070594788, -0.22592277824878693], "Lt. Thelion/Bustpoint": [0.2167125642299652, 0.2412693202495575, 0.0029663797467947006], "Lt. Tragion": [0.19390243291854858, 0.5761139988899231, -0.10008680820465088], "Lt. Trochanterion": [0.25761139392852783, -0.10174869000911713, -0.13226507604122162], "Lt. Ulnar Styloid": [0.41774970293045044, 0.6935213208198547, -0.029906131327152252], "Nuchale": [0.1266644299030304, 0.5644517540931702, -0.1983601450920105], "Rt. 10th Rib": [-0.018025387078523636, 0.12030817568302155, -0.05335630103945732], "Rt. ASIS": [-0.06808997690677643, 0.02031751349568367, -0.09219227731227875], "Rt. Acromion": [-0.04341982305049896, 0.4903677999973297, -0.1760101318359375], "Rt. Axilla, Ant.": [-0.049058884382247925, 0.4024879038333893, -0.10877867043018341], "Rt. Axilla, Post.": [-0.1378536969423294, 0.3814511001110077, -0.12745417654514313], "Rt. Calcaneous, Post.": [0.04155464097857475, -0.3890305161476135, -0.19920428097248077], "Rt. Clavicale": [0.08427748829126358, 0.4245228171348572, -0.07121868431568146], "Rt. Dactylion": [-0.027142895385622978, 0.8433365225791931, -0.1338430792093277], "Rt. Digit II": [0.08340723812580109, -0.5847240090370178, -0.17359691858291626], "Rt. Femoral Lateral Epicn": [-0.24138128757476807, -0.2574160099029541, 0.05162467807531357], "Rt. Femoral Medial Epicn": [-0.12212938070297241, -0.27920231223106384, 0.10637076199054718], "Rt. Gonion": [0.05000736191868782, 0.531059205532074, -0.09756915271282196], "Rt. Humeral Lateral Epicn": [-0.25908637046813965, 0.5323599576950073, -0.09837773442268372], "Rt. Humeral Medial Epicn": [-0.24519585072994232, 0.5190073251724243, -0.014086774550378323], "Rt. Iliocristale": [-0.08902477473020554, 0.08154652267694473, -0.13894818723201752], "Rt. Infraorbitale": [0.078886479139328, 0.5632072687149048, -0.021293748170137405], "Rt. Knee Crease": [-0.21973061561584473, -0.24810311198234558, 0.01578773558139801], "Rt. Lateral Malleolus": [-0.017212124541401863, -0.44058144092559814, -0.16815200448036194], "Rt. Medial Malleolus": [0.03171434998512268, -0.43509238958358765, -0.12148068100214005], "Rt. Metacarpal Phal. II": [-0.06951240450143814, 0.7679482698440552, -0.14918196201324463], "Rt. Metacarpal Phal. V": [-0.08909329026937485, 0.7868307828903198, -0.08772831410169601], "Rt. Metatarsal Phal. I": [0.09166198968887329, -0.5769049525260925, -0.16589538753032684], "Rt. Metatarsal Phal. V": [0.05472594499588013, -0.5652530789375305, -0.19254253804683685], "Rt. Olecranon": [-0.29094061255455017, 0.5327233672142029, -0.04905235767364502], "Rt. PSIS": [0.036028970032930374, 0.01699662394821644, -0.3124326765537262], "Rt. Radial Styloid": [-0.09687495231628418, 0.6823111772537231, -0.11215880513191223], "Rt. Radiale": [-0.26443731784820557, 0.5488013029098511, -0.09092166274785995], "Rt. Sphyrion": [0.04731718450784683, -0.44184690713882446, -0.13714882731437683], "Rt. Thelion/Bustpoint": [-0.009599920362234116, 0.23849257826805115, -0.013161959126591682], "Rt. Tragion": [0.04421743005514145, 0.5808409452438354, -0.10725002735853195], "Rt. Trochanterion": [-0.1500706672668457, -0.03140007704496384, -0.1798086315393448], "Rt. Ulnar Styloid": [-0.12966401875019073, 0.7139118909835815, -0.07443499565124512], "Sellion": [0.11396792531013489, 0.589205801486969, -0.010058635845780373], "Substernale": [0.10111450403928757, 0.19241522252559662, 0.015815846621990204], "Supramenton": [0.11271229386329651, 0.4993797540664673, -0.021053414791822433], "Suprasternale": [0.10858876258134842, 0.39760467410087585, -0.04940413683652878], "Waist, Preferred, Post.": [0.10020896792411804, 0.007944297045469284, -0.304194837808609]}