{"10th Rib Midspine": [0.061908867210149765, 0.2648735046386719, -0.10505035519599915], "Cervicale": [0.06552775204181671, 0.6274229288101196, -0.09025225788354874], "Lt. 10th Rib": [0.17647016048431396, 0.22891782224178314, 0.04886452481150627], "Lt. ASIS": [0.18537884950637817, 0.10020054876804352, 0.039457131177186966], "Lt. Acromion": [0.1976059228181839, 0.6967180371284485, -0.0643574595451355], "Lt. Axilla, Ant.": [0.22727367281913757, 0.6228187680244446, 0.007433504331856966], "Lt. Axilla, Post.": [0.3073493540287018, 0.6564446091651917, -0.0034697242081165314], "Lt. Calcaneous, Post.": [0.1802707314491272, -0.8824493288993835, -0.23285458981990814], "Lt. Clavicale": [0.0897202119231224, 0.5732816457748413, 0.030663419514894485], "Lt. Dactylion": [0.22464941442012787, 1.2603875398635864, 0.15036346018314362], "Lt. Digit II": [0.23433898389339447, -0.9075878858566284, 0.02620648220181465], "Lt. Femoral Lateral Epicn": [0.23513485491275787, -0.43770337104797363, -0.12770888209342957], "Lt. Femoral Medial Epicn": [0.12558872997760773, -0.4380514919757843, -0.13515228033065796], "Lt. Gonion": [0.13985615968704224, 0.7125783562660217, 0.016215767711400986], "Lt. Humeral Lateral Epicn": [0.3068945109844208, 0.887237548828125, 0.02546425350010395], "Lt. Humeral Medial Epicn": [0.3415609300136566, 0.8671917915344238, 0.10113707184791565], "Lt. Iliocristale": [0.20419055223464966, 0.1930389255285263, 0.016634535044431686], "Lt. Infraorbitale": [0.11411330103874207, 0.7378727793693542, 0.09505946189165115], "Lt. Knee Crease": [0.1769322156906128, -0.4179286062717438, -0.17197635769844055], "Lt. Lateral Malleolus": [0.22561034560203552, -0.8348421454429626, -0.16874508559703827], "Lt. Medial Malleolus": [0.15780438482761383, -0.8440812826156616, -0.14927557110786438], "Lt. Metacarpal Phal. II": [0.23276089131832123, 1.2161681652069092, 0.13463105261325836], "Lt. Metacarpal Phal. V": [0.27722179889678955, 1.1850723028182983, 0.13846398890018463], "Lt. Metatarsal Phal. I": [0.21896973252296448, -0.906697690486908, 0.006210400722920895], "Lt. Metatarsal Phal. V": [0.2570270895957947, -0.8848950266838074, -0.06384759396314621], "Lt. Olecranon": [0.3519543409347534, 0.873974084854126, 0.06837093830108643], "Lt. PSIS": [0.11462181806564331, 0.09893032163381577, -0.14453847706317902], "Lt. Radial Styloid": [0.2579173445701599, 1.12461256980896, 0.17338861525058746], "Lt. Radiale": [0.3166225552558899, 0.9038659334182739, 0.040697600692510605], "Lt. Sphyrion": [0.16181765496730804, -0.8652108907699585, -0.1456805169582367], "Lt. Thelion/Bustpoint": [0.15628479421138763, 0.410409539937973, 0.0651324987411499], "Lt. Tragion": [0.14737975597381592, 0.7572662234306335, 0.011921094730496407], "Lt. Trochanterion": [0.23326073586940765, -0.012998088262975216, -0.02225843444466591], "Lt. Ulnar Styloid": [0.297213613986969, 1.1303037405014038, 0.1368921548128128], "Nuchale": [0.06942655891180038, 0.7588314414024353, -0.08473652601242065], "Rt. 10th Rib": [-0.04420343413949013, 0.23350653052330017, 0.05434729531407356], "Rt. ASIS": [-0.061209071427583694, 0.09994672983884811, 0.04184034839272499], "Rt. Acromion": [-0.05577542632818222, 0.7135565876960754, -0.06288670748472214], "Rt. Axilla, Ant.": [-0.08276678621768951, 0.6238425374031067, 0.007883777841925621], "Rt. Axilla, Post.": [-0.16793999075889587, 0.677910566329956, 0.008602147921919823], "Rt. Calcaneous, Post.": [-0.12041025608778, -0.8801120519638062, -0.22652114927768707], "Rt. Clavicale": [0.03646097332239151, 0.5725641846656799, 0.029931243509054184], "Rt. Dactylion": [-0.044064637273550034, 1.1977862119674683, 0.20287109911441803], "Rt. Digit II": [-0.20374992489814758, -0.9096676111221313, 0.04058089479804039], "Rt. Femoral Lateral Epicn": [-0.16250644624233246, -0.4248877465724945, -0.138748437166214], "Rt. Femoral Medial Epicn": [-0.052980829030275345, -0.43482181429862976, -0.140589639544487], "Rt. Gonion": [0.0055428133346140385, 0.7059470415115356, 0.02155994437634945], "Rt. Humeral Lateral Epicn": [-0.1670968383550644, 0.9058364033699036, 0.05587341636419296], "Rt. Humeral Medial Epicn": [-0.18362493813037872, 0.8814296126365662, 0.14339318871498108], "Rt. Iliocristale": [-0.0900600254535675, 0.1793811023235321, 0.006556666921824217], "Rt. Infraorbitale": [0.036850135773420334, 0.7322105169296265, 0.09977200627326965], "Rt. Knee Crease": [-0.1010848730802536, -0.41386938095092773, -0.17801503837108612], "Rt. Lateral Malleolus": [-0.17021359503269196, -0.8317993879318237, -0.16406957805156708], "Rt. Medial Malleolus": [-0.10170754790306091, -0.83510422706604, -0.1394319385290146], "Rt. Metacarpal Phal. II": [-0.06873711943626404, 1.2032766342163086, 0.18226006627082825], "Rt. Metacarpal Phal. V": [-0.10451501607894897, 1.1820977926254272, 0.18552587926387787], "Rt. Metatarsal Phal. I": [-0.15262731909751892, -0.9041681289672852, 0.027700714766979218], "Rt. Metatarsal Phal. V": [-0.2297583967447281, -0.8994393348693848, -0.03171982988715172], "Rt. Olecranon": [-0.20746387541294098, 0.8955469131469727, 0.09468971192836761], "Rt. PSIS": [0.011397081427276134, 0.1060173436999321, -0.14345815777778625], "Rt. Radial Styloid": [-0.07390393316745758, 1.1227208375930786, 0.21080774068832397], "Rt. Radiale": [-0.17617547512054443, 0.9197295904159546, 0.07210478186607361], "Rt. Sphyrion": [-0.10435356199741364, -0.8605480790138245, -0.1356196105480194], "Rt. Thelion/Bustpoint": [-0.038019005209207535, 0.4144977331161499, 0.057114142924547195], "Rt. Tragion": [-0.004042980261147022, 0.7572110891342163, 0.013157013803720474], "Rt. Trochanterion": [-0.1276964694261551, 0.003722118679434061, -0.031418703496456146], "Rt. Ulnar Styloid": [-0.13335713744163513, 1.1319447755813599, 0.19509683549404144], "Sellion": [0.07235068082809448, 0.7602100968360901, 0.11745517700910568], "Substernale": [0.059886183589696884, 0.3160867989063263, 0.08318129181861877], "Supramenton": [0.07545571774244308, 0.661683976650238, 0.10209344327449799], "Suprasternale": [0.06367762386798859, 0.5475077033042908, 0.038518764078617096], "Waist, Preferred, Post.": [0.06550196558237076, 0.0987912118434906, -0.1460389345884323]}