{"10th Rib Midspine": [0.028956511989235878, 0.15226824581623077, -0.15675412118434906], "Cervicale": [0.040531791746616364, 0.4742453992366791, -0.1713007241487503], "Lt. 10th Rib": [0.12228283286094666, 0.09786521643400192, -0.022356178611516953], "Lt. ASIS": [0.14392796158790588, -0.013483564369380474, -0.02384341135621071], "Lt. Acromion": [0.21269747614860535, 0.42122116684913635, -0.0474950335919857], "Lt. Axilla, Ant.": [0.15703430771827698, 0.32947400212287903, -0.04771500825881958], "Lt. Axilla, Post.": [0.16917690634727478, 0.31280627846717834, -0.02533898502588272], "Lt. Calcaneous, Post.": [0.12019763141870499, -0.8814383745193481, -0.24561406672000885], "Lt. Clavicale": [0.057176388800144196, 0.40854302048683167, -0.05645120143890381], "Lt. Dactylion": [0.25849729776382446, 0.6899054050445557, 0.13960212469100952], "Lt. Digit II": [0.12526729702949524, -0.9131997227668762, -0.018736839294433594], "Lt. Femoral Lateral Epicn": [0.15679915249347687, -0.494278222322464, -0.17724305391311646], "Lt. Femoral Medial Epicn": [0.05150393769145012, -0.49676579236984253, -0.20619119703769684], "Lt. Gonion": [0.10483897477388382, 0.5494047403335571, -0.07852096855640411], "Lt. Humeral Lateral Epicn": [0.17175692319869995, 0.3140108585357666, 0.15063919126987457], "Lt. Humeral Medial Epicn": [0.09887782484292984, 0.31178343296051025, 0.17508772015571594], "Lt. Iliocristale": [0.15804581344127655, 0.06312548369169235, -0.05572190880775452], "Lt. Infraorbitale": [0.08187457919120789, 0.5695412158966064, -0.004927234724164009], "Lt. Knee Crease": [0.11124715954065323, -0.4859136939048767, -0.2282537966966629], "Lt. Lateral Malleolus": [0.1508217751979828, -0.8419359922409058, -0.1914955973625183], "Lt. Medial Malleolus": [0.08697104454040527, -0.8425294160842896, -0.18239031732082367], "Lt. Metacarpal Phal. II": [0.2372818887233734, 0.604833722114563, 0.1352483183145523], "Lt. Metacarpal Phal. V": [0.24231329560279846, 0.6079311370849609, 0.19608329236507416], "Lt. Metatarsal Phal. I": [0.09535890072584152, -0.9052376747131348, -0.03138589486479759], "Lt. Metatarsal Phal. V": [0.16770197451114655, -0.904326319694519, -0.058326222002506256], "Lt. Olecranon": [0.12357092648744583, 0.29764536023139954, 0.186914324760437], "Lt. PSIS": [0.08098455518484116, -0.01057144533842802, -0.20938867330551147], "Lt. Radial Styloid": [0.182875394821167, 0.5295757055282593, 0.16244879364967346], "Lt. Radiale": [0.16690348088741302, 0.31897079944610596, 0.1691853404045105], "Lt. Sphyrion": [0.0895756334066391, -0.863453209400177, -0.1795864850282669], "Lt. Thelion/Bustpoint": [0.11786548048257828, 0.24583649635314941, 0.011771444231271744], "Lt. Tragion": [0.11975444853305817, 0.5910100936889648, -0.07998533546924591], "Lt. Trochanterion": [0.1851564347743988, -0.11442732065916061, -0.08128778636455536], "Lt. Ulnar Styloid": [0.2093542367219925, 0.5279535055160522, 0.20086641609668732], "Nuchale": [0.05388917773962021, 0.6093674302101135, -0.1655723601579666], "Rt. 10th Rib": [-0.07928674668073654, 0.1014377623796463, -0.019979648292064667], "Rt. ASIS": [-0.1128401830792427, -0.00783549714833498, -0.03271711617708206], "Rt. Acromion": [-0.13519299030303955, 0.4405704736709595, -0.0426323227584362], "Rt. Axilla, Ant.": [-0.07712052017450333, 0.3664034307003021, -0.0343414768576622], "Rt. Axilla, Post.": [-0.11379531770944595, 0.322296679019928, -0.0264766626060009], "Rt. Calcaneous, Post.": [-0.11877119541168213, -0.8818559050559998, -0.25383704900741577], "Rt. Clavicale": [0.011828577145934105, 0.41340410709381104, -0.05593503639101982], "Rt. Dactylion": [-0.17606103420257568, 0.6900031566619873, 0.10997673124074936], "Rt. Digit II": [-0.1492471992969513, -0.9097863435745239, -0.023363586515188217], "Rt. Femoral Lateral Epicn": [-0.15928584337234497, -0.48983141779899597, -0.18214161694049835], "Rt. Femoral Medial Epicn": [-0.04652108624577522, -0.4916221797466278, -0.18976864218711853], "Rt. Gonion": [-0.012407086789608002, 0.5534104108810425, -0.08720634877681732], "Rt. Humeral Lateral Epicn": [-0.1262628585100174, 0.3162381649017334, 0.15217524766921997], "Rt. Humeral Medial Epicn": [-0.05054280161857605, 0.3209657371044159, 0.16237494349479675], "Rt. Iliocristale": [-0.13187265396118164, 0.0578928105533123, -0.07486587017774582], "Rt. Infraorbitale": [0.008222001604735851, 0.5695511698722839, -0.007595644798129797], "Rt. Knee Crease": [-0.10281952470541, -0.4785842299461365, -0.222429096698761], "Rt. Lateral Malleolus": [-0.15880237519741058, -0.8398687839508057, -0.20285463333129883], "Rt. Medial Malleolus": [-0.09587649255990982, -0.8371330499649048, -0.18620334565639496], "Rt. Metacarpal Phal. II": [-0.14860092103481293, 0.6053745150566101, 0.11454170197248459], "Rt. Metacarpal Phal. V": [-0.15163223445415497, 0.6196668148040771, 0.17558547854423523], "Rt. Metatarsal Phal. I": [-0.11102038621902466, -0.8995304107666016, -0.036430053412914276], "Rt. Metatarsal Phal. V": [-0.17820215225219727, -0.8982802629470825, -0.07075159251689911], "Rt. Olecranon": [-0.08732427656650543, 0.2948867082595825, 0.187911257147789], "Rt. PSIS": [-0.03019479662179947, -0.00451283436268568, -0.2195287048816681], "Rt. Radial Styloid": [-0.103779137134552, 0.5367320775985718, 0.13357864320278168], "Rt. Radiale": [-0.12160742282867432, 0.32057422399520874, 0.16934087872505188], "Rt. Sphyrion": [-0.0971774086356163, -0.8584449887275696, -0.18109995126724243], "Rt. Thelion/Bustpoint": [-0.07330312579870224, 0.25527286529541016, -0.0006166481762193143], "Rt. Tragion": [-0.02209477499127388, 0.5983968377113342, -0.0883684977889061], "Rt. Trochanterion": [-0.17397436499595642, -0.09665432572364807, -0.11584057658910751], "Rt. Ulnar Styloid": [-0.121527761220932, 0.5436259508132935, 0.18827812373638153], "Sellion": [0.04103682190179825, 0.5939031839370728, 0.012520331889390945], "Substernale": [0.017994733527302742, 0.18932713568210602, 0.0024517441634088755], "Supramenton": [0.03756804019212723, 0.5083993673324585, -0.011135110631585121], "Suprasternale": [0.02996871806681156, 0.38334450125694275, -0.043320633471012115], "Waist, Preferred, Post.": [0.025631707161664963, -0.0076795341446995735, -0.21550974249839783]}