{"10th Rib Midspine": [0.046578019857406616, 0.1586846560239792, -0.24685263633728027], "Cervicale": [0.05731653422117233, 0.48682963848114014, -0.19091904163360596], "Lt. 10th Rib": [0.17983709275722504, 0.10099446028470993, -0.04043836146593094], "Lt. ASIS": [0.21233341097831726, 0.003012534696608782, -0.050296276807785034], "Lt. Acromion": [0.2507413923740387, 0.3966028094291687, -0.1153871938586235], "Lt. Axilla, Ant.": [0.22256693243980408, 0.29508283734321594, -0.09080100059509277], "Lt. Axilla, Post.": [0.22567889094352722, 0.2757967412471771, -0.21114712953567505], "Lt. Calcaneous, Post.": [0.1262248009443283, -0.8745980262756348, -0.31203943490982056], "Lt. Clavicale": [0.07763636857271194, 0.4003713130950928, -0.06654863059520721], "Lt. Dactylion": [0.45177677273750305, -0.24140843749046326, -0.1254405975341797], "Lt. Digit II": [0.16182807087898254, -0.9006651043891907, -0.07547765970230103], "Lt. Femoral Lateral Epicn": [0.20741106569766998, -0.47658073902130127, -0.2073684185743332], "Lt. Femoral Medial Epicn": [0.08981123566627502, -0.4726729691028595, -0.2342267632484436], "Lt. Gonion": [0.10410542041063309, 0.535366952419281, -0.07882444560527802], "Lt. Humeral Lateral Epicn": [0.3422369360923767, 0.15263475477695465, -0.15630678832530975], "Lt. Humeral Medial Epicn": [0.2764115035533905, 0.11830316483974457, -0.186449334025383], "Lt. Iliocristale": [0.22738994657993317, 0.07558970153331757, -0.09523988515138626], "Lt. Infraorbitale": [0.07376383244991302, 0.5618321895599365, -0.007410096935927868], "Lt. Knee Crease": [0.15188735723495483, -0.4621331989765167, -0.2622261643409729], "Lt. Lateral Malleolus": [0.17035533487796783, -0.831698477268219, -0.25333133339881897], "Lt. Medial Malleolus": [0.09979493916034698, -0.8308446407318115, -0.23671594262123108], "Lt. Metacarpal Phal. II": [0.3987966775894165, -0.16910308599472046, -0.09543992578983307], "Lt. Metacarpal Phal. V": [0.43492868542671204, -0.14130346477031708, -0.15332871675491333], "Lt. Metatarsal Phal. I": [0.1269388049840927, -0.8955063819885254, -0.08597245067358017], "Lt. Metatarsal Phal. V": [0.20261456072330475, -0.8979763388633728, -0.11999426037073135], "Lt. Olecranon": [0.30905821919441223, 0.1280393898487091, -0.18797704577445984], "Lt. PSIS": [0.09904183447360992, 0.010356155224144459, -0.270169734954834], "Lt. Radial Styloid": [0.36045634746551514, -0.07325878739356995, -0.11453773826360703], "Lt. Radiale": [0.34350496530532837, 0.13294875621795654, -0.1605038046836853], "Lt. Sphyrion": [0.10038278251886368, -0.8521386981010437, -0.23438900709152222], "Lt. Thelion/Bustpoint": [0.15818047523498535, 0.223569855093956, 0.02955840714275837], "Lt. Tragion": [0.11113667488098145, 0.5810678601264954, -0.08305839449167252], "Lt. Trochanterion": [0.23752480745315552, -0.08527280390262604, -0.12287332862615585], "Lt. Ulnar Styloid": [0.4098370373249054, -0.06713545322418213, -0.13558825850486755], "Nuchale": [0.054754387587308884, 0.5757512450218201, -0.18317462503910065], "Rt. 10th Rib": [-0.07608064264059067, 0.10406728833913803, -0.022027842700481415], "Rt. ASIS": [-0.11414249986410141, -0.004881958942860365, -0.02777458168566227], "Rt. Acromion": [-0.14527679979801178, 0.39600902795791626, -0.12834613025188446], "Rt. Axilla, Ant.": [-0.12239085137844086, 0.3132535517215729, -0.09760063886642456], "Rt. Axilla, Post.": [-0.1359199434518814, 0.2771390974521637, -0.21982617676258087], "Rt. Calcaneous, Post.": [-0.0618617944419384, -0.8753684163093567, -0.3186604976654053], "Rt. Clavicale": [0.01818937435746193, 0.4020375907421112, -0.06411685049533844], "Rt. Dactylion": [-0.3374673128128052, -0.2514578700065613, -0.13692152500152588], "Rt. Digit II": [-0.1674332618713379, -0.9020621180534363, -0.08752752840518951], "Rt. Femoral Lateral Epicn": [-0.14191588759422302, -0.4661671221256256, -0.22296865284442902], "Rt. Femoral Medial Epicn": [-0.0207448098808527, -0.4724060893058777, -0.21938979625701904], "Rt. Gonion": [-0.01352966483682394, 0.5304785370826721, -0.09147197008132935], "Rt. Humeral Lateral Epicn": [-0.2509666979312897, 0.15512125194072723, -0.16236764192581177], "Rt. Humeral Medial Epicn": [-0.19076064229011536, 0.11832805722951889, -0.2104397714138031], "Rt. Iliocristale": [-0.14402680099010468, 0.07281342148780823, -0.09018108248710632], "Rt. Infraorbitale": [0.0009914749534800649, 0.5550335645675659, -0.014378244057297707], "Rt. Knee Crease": [-0.075303815305233, -0.4567949175834656, -0.2593725025653839], "Rt. Lateral Malleolus": [-0.11835157871246338, -0.8256862759590149, -0.2745434641838074], "Rt. Medial Malleolus": [-0.056636787950992584, -0.8317080140113831, -0.23597921431064606], "Rt. Metacarpal Phal. II": [-0.30273717641830444, -0.16778415441513062, -0.10647005587816238], "Rt. Metacarpal Phal. V": [-0.3360545039176941, -0.15275433659553528, -0.16538909077644348], "Rt. Metatarsal Phal. I": [-0.13172440230846405, -0.8899669051170349, -0.09653566032648087], "Rt. Metatarsal Phal. V": [-0.17925016582012177, -0.887803316116333, -0.15048541128635406], "Rt. Olecranon": [-0.2338619977235794, 0.14287970960140228, -0.20514030754566193], "Rt. PSIS": [-0.02536758780479431, 0.01646917499601841, -0.2701215445995331], "Rt. Radial Styloid": [-0.2641247510910034, -0.0791245698928833, -0.12008414417505264], "Rt. Radiale": [-0.2554387152194977, 0.13831017911434174, -0.1703839749097824], "Rt. Sphyrion": [-0.05950099229812622, -0.8532600998878479, -0.23250100016593933], "Rt. Thelion/Bustpoint": [-0.06724284589290619, 0.2260359674692154, 0.011152394115924835], "Rt. Tragion": [-0.025657514110207558, 0.5781606435775757, -0.09667062014341354], "Rt. Trochanterion": [-0.15837274491786957, -0.07997976988554001, -0.12793384492397308], "Rt. Ulnar Styloid": [-0.3192511796951294, -0.07387740910053253, -0.15545213222503662], "Sellion": [0.03287941589951515, 0.5814768075942993, 0.0030521932058036327], "Substernale": [0.04611513391137123, 0.1922256201505661, 0.029032409191131592], "Supramenton": [0.036465078592300415, 0.49208924174308777, -0.017398016527295113], "Suprasternale": [0.04717611148953438, 0.3823050260543823, -0.04458147659897804], "Waist, Preferred, Post.": [0.03652200847864151, 0.013155873864889145, -0.2762084901332855]}