{"10th Rib Midspine": [0.0400208979845047, 0.31723082065582275, -0.13260629773139954], "Cervicale": [0.041087351739406586, 0.6454862952232361, 0.06196200102567673], "Lt. 10th Rib": [0.17057980597019196, 0.20317617058753967, 0.014627715572714806], "Lt. ASIS": [0.16872672736644745, 0.1190422996878624, -0.028225241228938103], "Lt. Acromion": [0.2608858644962311, 0.5593931078910828, 0.08308979868888855], "Lt. Axilla, Ant.": [0.22121591866016388, 0.4508166015148163, 0.04516589269042015], "Lt. Axilla, Post.": [0.30070576071739197, 0.46656912565231323, -0.05450572445988655], "Lt. Calcaneous, Post.": [0.21715660393238068, -0.7935587167739868, -0.30881425738334656], "Lt. Clavicale": [0.07838847488164902, 0.49992743134498596, 0.1465672254562378], "Lt. Dactylion": [0.10359005630016327, 0.09557128697633743, 0.22284360229969025], "Lt. Digit II": [0.21702376008033752, -0.9173877239227295, -0.08373585343360901], "Lt. Femoral Lateral Epicn": [0.24017083644866943, -0.391435831785202, -0.14419585466384888], "Lt. Femoral Medial Epicn": [0.13470977544784546, -0.3984764516353607, -0.15542255342006683], "Lt. Gonion": [0.1211785152554512, 0.6759135723114014, 0.16508352756500244], "Lt. Humeral Lateral Epicn": [0.39490607380867004, 0.3306347727775574, 0.07352084666490555], "Lt. Humeral Medial Epicn": [0.40383970737457275, 0.28959619998931885, -0.012459183111786842], "Lt. Iliocristale": [0.2059430032968521, 0.200820192694664, -0.03901826962828636], "Lt. Infraorbitale": [0.09574133902788162, 0.7105425000190735, 0.24767708778381348], "Lt. Knee Crease": [0.1847568303346634, -0.37114763259887695, -0.19229808449745178], "Lt. Lateral Malleolus": [0.2622901201248169, -0.7742477655410767, -0.23719635605812073], "Lt. Medial Malleolus": [0.18938592076301575, -0.7760642766952515, -0.2192261964082718], "Lt. Metacarpal Phal. II": [0.16873730719089508, 0.12623187899589539, 0.1538500040769577], "Lt. Metacarpal Phal. V": [0.21549835801124573, 0.09944180399179459, 0.21164044737815857], "Lt. Metatarsal Phal. I": [0.2078855037689209, -0.9008586406707764, -0.09839750081300735], "Lt. Metatarsal Phal. V": [0.2810664474964142, -0.901419460773468, -0.1779984086751938], "Lt. Olecranon": [0.4286940395832062, 0.3003779649734497, 0.019984394311904907], "Lt. PSIS": [0.09181465953588486, 0.1482221633195877, -0.21620020270347595], "Lt. Radial Styloid": [0.2627398371696472, 0.12565551698207855, 0.1040063202381134], "Lt. Radiale": [0.3989587426185608, 0.30957305431365967, 0.07054933160543442], "Lt. Sphyrion": [0.19335301220417023, -0.7985047698020935, -0.22344394028186798], "Lt. Thelion/Bustpoint": [0.1657855361700058, 0.306540310382843, 0.11733223497867584], "Lt. Tragion": [0.12874256074428558, 0.7261658310890198, 0.16125039756298065], "Lt. Trochanterion": [0.22274479269981384, 0.02402527444064617, -0.09679054468870163], "Lt. Ulnar Styloid": [0.2885865569114685, 0.127893328666687, 0.15854784846305847], "Nuchale": [0.04470856487751007, 0.7297046780586243, 0.06789451837539673], "Rt. 10th Rib": [-0.07278751581907272, 0.20484529435634613, 0.029083093628287315], "Rt. ASIS": [-0.09583716094493866, 0.10550402849912643, -0.018716171383857727], "Rt. Acromion": [-0.17112335562705994, 0.5754736065864563, 0.11143404990434647], "Rt. Axilla, Ant.": [-0.13244637846946716, 0.4643048942089081, 0.08393868058919907], "Rt. Axilla, Post.": [-0.24086138606071472, 0.4804837107658386, -0.0077748727053403854], "Rt. Calcaneous, Post.": [-0.18153686821460724, -0.7948399782180786, -0.3036355674266815], "Rt. Clavicale": [0.012017246335744858, 0.5024322867393494, 0.14684966206550598], "Rt. Dactylion": [-0.036987435072660446, 0.10476516932249069, 0.25448137521743774], "Rt. Digit II": [-0.19431735575199127, -0.9111086130142212, -0.06935185194015503], "Rt. Femoral Lateral Epicn": [-0.18194161355495453, -0.38770154118537903, -0.12864044308662415], "Rt. Femoral Medial Epicn": [-0.08030977100133896, -0.4006141424179077, -0.15213875472545624], "Rt. Gonion": [-0.020116286352276802, 0.6670785546302795, 0.1677313596010208], "Rt. Humeral Lateral Epicn": [-0.3098958134651184, 0.34765222668647766, 0.13267014920711517], "Rt. Humeral Medial Epicn": [-0.3149843215942383, 0.3046497702598572, 0.04652133956551552], "Rt. Iliocristale": [-0.13217952847480774, 0.17967785894870758, -0.03979916870594025], "Rt. Infraorbitale": [0.017971275374293327, 0.7034838795661926, 0.251189261674881], "Rt. Knee Crease": [-0.13177688419818878, -0.3739423155784607, -0.18084795773029327], "Rt. Lateral Malleolus": [-0.21917341649532318, -0.7710320949554443, -0.23067261278629303], "Rt. Medial Malleolus": [-0.14771774411201477, -0.7786297798156738, -0.2163667231798172], "Rt. Metacarpal Phal. II": [-0.0873265489935875, 0.13299398124217987, 0.18025025725364685], "Rt. Metacarpal Phal. V": [-0.13255129754543304, 0.11639747768640518, 0.23932208120822906], "Rt. Metatarsal Phal. I": [-0.1650659590959549, -0.8987250924110413, -0.08086392283439636], "Rt. Metatarsal Phal. V": [-0.23824438452720642, -0.8989608287811279, -0.12612032890319824], "Rt. Olecranon": [-0.35095155239105225, 0.32088959217071533, 0.09378022700548172], "Rt. PSIS": [-0.017694586887955666, 0.15321649610996246, -0.2165147364139557], "Rt. Radial Styloid": [-0.16183358430862427, 0.13288675248622894, 0.12507860362529755], "Rt. Radiale": [-0.3168490529060364, 0.3259967565536499, 0.1308690756559372], "Rt. Sphyrion": [-0.15125414729118347, -0.799975574016571, -0.2210281640291214], "Rt. Thelion/Bustpoint": [-0.07694318890571594, 0.3078903257846832, 0.11588851362466812], "Rt. Tragion": [-0.02803760953247547, 0.7202845215797424, 0.164875790476799], "Rt. Trochanterion": [-0.158552348613739, 0.02791253663599491, -0.09565712511539459], "Rt. Ulnar Styloid": [-0.2005528211593628, 0.13642702996730804, 0.18402628600597382], "Sellion": [0.05289272964000702, 0.7349875569343567, 0.26868578791618347], "Substernale": [0.03808733448386192, 0.2458648979663849, 0.11141522973775864], "Supramenton": [0.052675675600767136, 0.6315130591392517, 0.2539191246032715], "Suprasternale": [0.04317536950111389, 0.47624847292900085, 0.14816828072071075], "Waist, Preferred, Post.": [0.03464820981025696, 0.15066173672676086, -0.21918800473213196]}