{"10th Rib Midspine": [0.028544964268803596, 0.16676557064056396, -0.14003263413906097], "Cervicale": [0.0293880645185709, 0.5010091662406921, -0.09388092160224915], "Lt. 10th Rib": [0.1224040538072586, 0.09509390592575073, -0.014474094845354557], "Lt. ASIS": [0.14181949198246002, -0.014674387872219086, -0.020722534507513046], "Lt. Acromion": [0.2058437466621399, 0.4746141731739044, -0.023631323128938675], "Lt. Axilla, Ant.": [0.1727786809206009, 0.3753395974636078, -0.023243257775902748], "Lt. Axilla, Post.": [0.18488943576812744, 0.3615585267543793, -0.11638979613780975], "Lt. Calcaneous, Post.": [0.12462376058101654, -0.8847965002059937, -0.24576403200626373], "Lt. Clavicale": [0.05022389069199562, 0.4112071394920349, 0.001962685491889715], "Lt. Dactylion": [0.3073859214782715, -0.18455436825752258, -0.10740986466407776], "Lt. Digit II": [0.12463470548391342, -0.9101961255073547, -0.018094299361109734], "Lt. Femoral Lateral Epicn": [0.1565566509962082, -0.4956960678100586, -0.17516234517097473], "Lt. Femoral Medial Epicn": [0.051477886736392975, -0.4981610178947449, -0.20419277250766754], "Lt. Gonion": [0.09775566309690475, 0.536361575126648, 0.003786200424656272], "Lt. Humeral Lateral Epicn": [0.26714465022087097, 0.2173503041267395, -0.07731124013662338], "Lt. Humeral Medial Epicn": [0.21490126848220825, 0.1947205662727356, -0.1221604198217392], "Lt. Iliocristale": [0.15479891002178192, 0.06413134187459946, -0.04944201558828354], "Lt. Infraorbitale": [0.07709921151399612, 0.5613821148872375, 0.07987488806247711], "Lt. Knee Crease": [0.11167389154434204, -0.48559698462486267, -0.22645536065101624], "Lt. Lateral Malleolus": [0.15064699947834015, -0.8441146016120911, -0.18943439424037933], "Lt. Medial Malleolus": [0.08730018138885498, -0.8437438011169434, -0.18446630239486694], "Lt. Metacarpal Phal. II": [0.27629369497299194, -0.10619326680898666, -0.08842608332633972], "Lt. Metacarpal Phal. V": [0.3258419334888458, -0.0907452255487442, -0.10983053594827652], "Lt. Metatarsal Phal. I": [0.09469400346279144, -0.9053597450256348, -0.03256095200777054], "Lt. Metatarsal Phal. V": [0.16169308125972748, -0.9006760120391846, -0.060647543519735336], "Lt. Olecranon": [0.24665389955043793, 0.202792689204216, -0.11953860521316528], "Lt. PSIS": [0.07020118832588196, -0.008106151595711708, -0.2045477330684662], "Lt. Radial Styloid": [0.25775060057640076, -0.014888818375766277, -0.08906374871730804], "Lt. Radiale": [0.2703859508037567, 0.19835011661052704, -0.08591777086257935], "Lt. Sphyrion": [0.08953933417797089, -0.8628370761871338, -0.17785325646400452], "Lt. Thelion/Bustpoint": [0.11955370008945465, 0.25296342372894287, 0.03888602554798126], "Lt. Tragion": [0.11428964138031006, 0.5761139988899231, 0.0008712769486010075], "Lt. Trochanterion": [0.18319909274578094, -0.11100777983665466, -0.08019683510065079], "Lt. Ulnar Styloid": [0.3070542514324188, -0.011797500774264336, -0.09403472393751144], "Nuchale": [0.04805903136730194, 0.5908873677253723, -0.08427012711763382], "Rt. 10th Rib": [-0.0825788602232933, 0.09868980944156647, -0.003630200168117881], "Rt. ASIS": [-0.11466710269451141, -0.01335977204144001, -0.021266933530569077], "Rt. Acromion": [-0.14255714416503906, 0.480468213558197, -0.022250976413488388], "Rt. Axilla, Ant.": [-0.11105723679065704, 0.3847755491733551, -0.029131321236491203], "Rt. Axilla, Post.": [-0.1397182047367096, 0.3774354159832001, -0.1277042180299759], "Rt. Calcaneous, Post.": [-0.12042476236820221, -0.8796693086624146, -0.25309300422668457], "Rt. Clavicale": [0.0057447985745966434, 0.4140779972076416, 0.0021167099475860596], "Rt. Dactylion": [-0.31911328434944153, -0.16059255599975586, -0.12776441872119904], "Rt. Digit II": [-0.14521215856075287, -0.9086861610412598, -0.02362084947526455], "Rt. Femoral Lateral Epicn": [-0.16113092005252838, -0.488303005695343, -0.1798587292432785], "Rt. Femoral Medial Epicn": [-0.04914820194244385, -0.4926951825618744, -0.1894925832748413], "Rt. Gonion": [-0.020361699163913727, 0.5408161878585815, -0.0001259959681192413], "Rt. Humeral Lateral Epicn": [-0.23660682141780853, 0.23404046893119812, -0.0932697057723999], "Rt. Humeral Medial Epicn": [-0.1773577481508255, 0.20935943722724915, -0.1366499662399292], "Rt. Iliocristale": [-0.13357491791248322, 0.05275356397032738, -0.056040506809949875], "Rt. Infraorbitale": [0.004281201865524054, 0.562052845954895, 0.07812020927667618], "Rt. Knee Crease": [-0.10609039664268494, -0.48067376017570496, -0.22185871005058289], "Rt. Lateral Malleolus": [-0.15816299617290497, -0.8387036323547363, -0.20111502707004547], "Rt. Medial Malleolus": [-0.09449014067649841, -0.837257444858551, -0.18603090941905975], "Rt. Metacarpal Phal. II": [-0.2851027548313141, -0.08037450909614563, -0.10748183727264404], "Rt. Metacarpal Phal. V": [-0.3363611102104187, -0.06169646605849266, -0.12846127152442932], "Rt. Metatarsal Phal. I": [-0.1114962249994278, -0.9008346199989319, -0.03541147708892822], "Rt. Metatarsal Phal. V": [-0.1774757206439972, -0.8989841938018799, -0.06889089941978455], "Rt. Olecranon": [-0.22131730616092682, 0.2252490222454071, -0.13582158088684082], "Rt. PSIS": [-0.03603057190775871, 0.001249129418283701, -0.207940474152565], "Rt. Radial Styloid": [-0.25573354959487915, -0.0016734933014959097, -0.10985071957111359], "Rt. Radiale": [-0.2427028864622116, 0.21922464668750763, -0.10330896824598312], "Rt. Sphyrion": [-0.09688030183315277, -0.8578592538833618, -0.18432092666625977], "Rt. Thelion/Bustpoint": [-0.07730262726545334, 0.2624551057815552, 0.032923102378845215], "Rt. Tragion": [-0.02778112329542637, 0.5858622789382935, -0.0036736708134412766], "Rt. Trochanterion": [-0.17771056294441223, -0.10163923352956772, -0.10463458299636841], "Rt. Ulnar Styloid": [-0.308552622795105, 0.011586518958210945, -0.1215490996837616], "Sellion": [0.037605155259370804, 0.5845550298690796, 0.09660404175519943], "Substernale": [0.01827091909945011, 0.18443991243839264, 0.026400292292237282], "Supramenton": [0.032445602118968964, 0.49900856614112854, 0.0781901478767395], "Suprasternale": [0.021793313324451447, 0.3855358064174652, 0.005398123525083065], "Waist, Preferred, Post.": [0.019645558670163155, -0.0038280468434095383, -0.20736512541770935]}