{"10th Rib Midspine": [-0.01907745748758316, 0.1773880273103714, -0.1671924591064453], "Cervicale": [-0.008169827051460743, 0.5078785419464111, -0.20971018075942993], "Lt. 10th Rib": [0.08554411679506302, 0.1312035173177719, -0.03127453848719597], "Lt. ASIS": [0.10212843120098114, 0.03455972298979759, -0.02051343023777008], "Lt. Acromion": [0.15163373947143555, 0.4908181130886078, -0.10240448266267776], "Lt. Axilla, Ant.": [0.10694532841444016, 0.4094488024711609, -0.10695134103298187], "Lt. Axilla, Post.": [0.1310347318649292, 0.3849543631076813, -0.0686110407114029], "Lt. Calcaneous, Post.": [0.05072030797600746, -0.884434700012207, -0.2574918270111084], "Lt. Clavicale": [0.015283002518117428, 0.4512205123901367, -0.09102839976549149], "Lt. Dactylion": [0.017362387850880623, 0.4747564494609833, 0.5295981764793396], "Lt. Digit II": [0.09026837348937988, -0.9068540930747986, -0.010057556442916393], "Lt. Femoral Lateral Epicn": [0.12382958829402924, -0.48008760809898376, -0.15480607748031616], "Lt. Femoral Medial Epicn": [0.019897332414984703, -0.47146132588386536, -0.17152570188045502], "Lt. Gonion": [0.06085805594921112, 0.5960131883621216, -0.12350277602672577], "Lt. Humeral Lateral Epicn": [0.10112864524126053, 0.4418770372867584, 0.13261067867279053], "Lt. Humeral Medial Epicn": [0.056799400597810745, 0.38442227244377136, 0.1351136714220047], "Lt. Iliocristale": [0.11332838237285614, 0.09909364581108093, -0.056177470833063126], "Lt. Infraorbitale": [0.04233187809586525, 0.6351854205131531, -0.0543951652944088], "Lt. Knee Crease": [0.07417228817939758, -0.46585777401924133, -0.1989491581916809], "Lt. Lateral Malleolus": [0.08343538641929626, -0.8417072892189026, -0.2012616991996765], "Lt. Medial Malleolus": [0.021665358915925026, -0.8448779582977295, -0.1859862059354782], "Lt. Metacarpal Phal. II": [0.03240729495882988, 0.4853089153766632, 0.4465102553367615], "Lt. Metacarpal Phal. V": [0.0206424780189991, 0.4301609396934509, 0.4504399001598358], "Lt. Metatarsal Phal. I": [0.06011427193880081, -0.9054819345474243, -0.032992973923683167], "Lt. Metatarsal Phal. V": [0.12040678411722183, -0.9022158980369568, -0.07673163712024689], "Lt. Olecranon": [0.08527886867523193, 0.39768359065055847, 0.1412474364042282], "Lt. PSIS": [0.025502655655145645, 0.016581332311034203, -0.18551331758499146], "Lt. Radial Styloid": [0.019652007147669792, 0.4636567234992981, 0.3480653762817383], "Lt. Radiale": [0.0942390188574791, 0.4352401793003082, 0.15192048251628876], "Lt. Sphyrion": [0.022428732365369797, -0.8663162589073181, -0.18035219609737396], "Lt. Thelion/Bustpoint": [0.10084842145442963, 0.2700856328010559, -0.001707143266685307], "Lt. Tragion": [0.07548129558563232, 0.6387673616409302, -0.13400493562221527], "Lt. Trochanterion": [0.14240433275699615, -0.07144396752119064, -0.07124050706624985], "Lt. Ulnar Styloid": [0.03672655671834946, 0.42758581042289734, 0.3606865704059601], "Nuchale": [0.002288712887093425, 0.63282310962677, -0.21991918981075287], "Rt. 10th Rib": [-0.10535481572151184, 0.1367996633052826, -0.017518363893032074], "Rt. ASIS": [-0.1335223764181137, 0.03542746603488922, -0.004586460068821907], "Rt. Acromion": [-0.16087687015533447, 0.49839165806770325, -0.08889350295066833], "Rt. Axilla, Ant.": [-0.11475899070501328, 0.4134848117828369, -0.08484745770692825], "Rt. Axilla, Post.": [-0.15474975109100342, 0.3868679702281952, -0.05107324942946434], "Rt. Calcaneous, Post.": [-0.1347210854291916, -0.8860378861427307, -0.2549375295639038], "Rt. Clavicale": [-0.026812691241502762, 0.4531760811805725, -0.09252376109361649], "Rt. Dactylion": [0.005216877907514572, 0.47547447681427, 0.5282326936721802], "Rt. Digit II": [-0.1872570514678955, -0.9122141003608704, -0.01762506738305092], "Rt. Femoral Lateral Epicn": [-0.18987968564033508, -0.4672447144985199, -0.1596948206424713], "Rt. Femoral Medial Epicn": [-0.0843806117773056, -0.4653547704219818, -0.17116142809391022], "Rt. Gonion": [-0.0574398897588253, 0.5968244671821594, -0.1260356903076172], "Rt. Humeral Lateral Epicn": [-0.09853240847587585, 0.4410551190376282, 0.14829537272453308], "Rt. Humeral Medial Epicn": [-0.04651463404297829, 0.3871826231479645, 0.14146161079406738], "Rt. Iliocristale": [-0.159682959318161, 0.09436614066362381, -0.04590496048331261], "Rt. Infraorbitale": [-0.03569341078400612, 0.6294307708740234, -0.05239800363779068], "Rt. Knee Crease": [-0.13785679638385773, -0.45569366216659546, -0.20089532434940338], "Rt. Lateral Malleolus": [-0.17388755083084106, -0.842073380947113, -0.19823847711086273], "Rt. Medial Malleolus": [-0.10853555053472519, -0.8424586057662964, -0.17980267107486725], "Rt. Metacarpal Phal. II": [-0.026692528277635574, 0.47909271717071533, 0.4580329656600952], "Rt. Metacarpal Phal. V": [-0.011853998526930809, 0.4333226978778839, 0.45777103304862976], "Rt. Metatarsal Phal. I": [-0.14446203410625458, -0.9005475044250488, -0.030861511826515198], "Rt. Metatarsal Phal. V": [-0.21279586851596832, -0.8997731804847717, -0.06626197695732117], "Rt. Olecranon": [-0.08707267791032791, 0.39660966396331787, 0.1522710621356964], "Rt. PSIS": [-0.07590196281671524, 0.021406155079603195, -0.18577119708061218], "Rt. Radial Styloid": [-0.014343280345201492, 0.4721820652484894, 0.3665500283241272], "Rt. Radiale": [-0.09362687170505524, 0.4309198260307312, 0.16538748145103455], "Rt. Sphyrion": [-0.11089692264795303, -0.8634214997291565, -0.17446599900722504], "Rt. Thelion/Bustpoint": [-0.10765789449214935, 0.27478480339050293, 0.000883522501681], "Rt. Tragion": [-0.06965365260839462, 0.6406275629997253, -0.14019303023815155], "Rt. Trochanterion": [-0.20116159319877625, -0.06424716114997864, -0.07131075859069824], "Rt. Ulnar Styloid": [-0.03172234445810318, 0.42527830600738525, 0.37559863924980164], "Sellion": [-0.0006339182145893574, 0.6556507349014282, -0.041270531713962555], "Substernale": [-0.010215751826763153, 0.2110441029071808, -0.015211483463644981], "Supramenton": [-0.0006746641593053937, 0.5643699169158936, -0.05172155052423477], "Suprasternale": [-0.010512168519198895, 0.4212701916694641, -0.07301748543977737], "Waist, Preferred, Post.": [-0.02555067278444767, 0.017321018502116203, -0.1907377690076828]}