{"10th Rib Midspine": [-0.003431976307183504, 0.25482651591300964, -0.24890939891338348], "Cervicale": [0.004424831364303827, 0.5882077813148499, -0.2264249622821808], "Lt. 10th Rib": [0.11386376619338989, 0.18938134610652924, -0.08625489473342896], "Lt. ASIS": [0.1397857964038849, 0.08254961669445038, -0.09584719687700272], "Lt. Acromion": [0.15205316245555878, 0.546707034111023, -0.07036387920379639], "Lt. Axilla, Ant.": [0.1329096257686615, 0.4539816379547119, -0.07387594878673553], "Lt. Axilla, Post.": [0.16602462530136108, 0.4281904101371765, -0.04437552019953728], "Lt. Calcaneous, Post.": [0.10899000614881516, -0.8147445917129517, -0.3149237632751465], "Lt. Clavicale": [0.02384967729449272, 0.48937752842903137, -0.11938969790935516], "Lt. Dactylion": [0.030576130375266075, 0.46473005414009094, 0.5202181339263916], "Lt. Digit II": [0.14745159447193146, -0.8435284495353699, -0.08758623898029327], "Lt. Femoral Lateral Epicn": [0.17595897614955902, -0.41052863001823425, -0.2241462767124176], "Lt. Femoral Medial Epicn": [0.059868618845939636, -0.408850759267807, -0.2476963847875595], "Lt. Gonion": [0.06908679753541946, 0.6394014954566956, -0.14474041759967804], "Lt. Humeral Lateral Epicn": [0.12566235661506653, 0.4707788825035095, 0.16241998970508575], "Lt. Humeral Medial Epicn": [0.08162533491849899, 0.41573822498321533, 0.1468096375465393], "Lt. Iliocristale": [0.15351231396198273, 0.15729092061519623, -0.11961326748132706], "Lt. Infraorbitale": [0.04194461926817894, 0.674817681312561, -0.07643582671880722], "Lt. Knee Crease": [0.11948832869529724, -0.39792394638061523, -0.2776931822299957], "Lt. Lateral Malleolus": [0.14965902268886566, -0.7717460989952087, -0.26617464423179626], "Lt. Medial Malleolus": [0.08885488659143448, -0.7763585448265076, -0.24948599934577942], "Lt. Metacarpal Phal. II": [0.05256590247154236, 0.49457716941833496, 0.4566834568977356], "Lt. Metacarpal Phal. V": [0.04190075770020485, 0.44465771317481995, 0.4578379988670349], "Lt. Metatarsal Phal. I": [0.12622815370559692, -0.8354479074478149, -0.10088903456926346], "Lt. Metatarsal Phal. V": [0.16520294547080994, -0.827841579914093, -0.13828961551189423], "Lt. Olecranon": [0.10969866067171097, 0.42596009373664856, 0.15964865684509277], "Lt. PSIS": [0.06499796360731125, 0.09270281344652176, -0.30534157156944275], "Lt. Radial Styloid": [0.03803263232111931, 0.47509509325027466, 0.35868406295776367], "Lt. Radiale": [0.11843496561050415, 0.46073347330093384, 0.17771364748477936], "Lt. Sphyrion": [0.08946101367473602, -0.7934428453445435, -0.2430914044380188], "Lt. Thelion/Bustpoint": [0.1045602411031723, 0.3072136640548706, -0.0478067472577095], "Lt. Tragion": [0.07127150893211365, 0.6826798319816589, -0.15556487441062927], "Lt. Trochanterion": [0.1907617151737213, -0.006608558818697929, -0.16520801186561584], "Lt. Ulnar Styloid": [0.058415137231349945, 0.4378981292247772, 0.37269315123558044], "Nuchale": [0.0034592472948133945, 0.6636047959327698, -0.23791727423667908], "Rt. 10th Rib": [-0.10640522092580795, 0.19040220975875854, -0.07526106387376785], "Rt. ASIS": [-0.13835403323173523, 0.07733171433210373, -0.09336506575345993], "Rt. Acromion": [-0.13515634834766388, 0.5524849891662598, -0.06710458546876907], "Rt. Axilla, Ant.": [-0.12207144498825073, 0.4481734037399292, -0.07169708609580994], "Rt. Axilla, Post.": [-0.15773120522499084, 0.4283161461353302, -0.041688691824674606], "Rt. Calcaneous, Post.": [-0.14463306963443756, -0.8110398650169373, -0.32919788360595703], "Rt. Clavicale": [-0.018734371289610863, 0.4919564127922058, -0.11479859799146652], "Rt. Dactylion": [0.016441764310002327, 0.44913220405578613, 0.5175591111183167], "Rt. Digit II": [-0.19787101447582245, -0.843133807182312, -0.1194508820772171], "Rt. Femoral Lateral Epicn": [-0.20425432920455933, -0.40818074345588684, -0.25327569246292114], "Rt. Femoral Medial Epicn": [-0.08684838563203812, -0.4108029305934906, -0.25807538628578186], "Rt. Gonion": [-0.05512818321585655, 0.6272121667861938, -0.14823366701602936], "Rt. Humeral Lateral Epicn": [-0.10604894906282425, 0.4543551504611969, 0.16646668314933777], "Rt. Humeral Medial Epicn": [-0.04433993250131607, 0.4166167676448822, 0.14215539395809174], "Rt. Iliocristale": [-0.16864502429962158, 0.14559434354305267, -0.12813235819339752], "Rt. Infraorbitale": [-0.02872329391539097, 0.6622374653816223, -0.0746588259935379], "Rt. Knee Crease": [-0.1431426852941513, -0.3977580666542053, -0.2951476573944092], "Rt. Lateral Malleolus": [-0.19250214099884033, -0.7676725387573242, -0.28355738520622253], "Rt. Medial Malleolus": [-0.13413670659065247, -0.7671957612037659, -0.2653777599334717], "Rt. Metacarpal Phal. II": [-0.009963050484657288, 0.4748102128505707, 0.4607778787612915], "Rt. Metacarpal Phal. V": [-0.0006338772946037352, 0.42704299092292786, 0.455668568611145], "Rt. Metatarsal Phal. I": [-0.16911187767982483, -0.8280561566352844, -0.11640112102031708], "Rt. Metatarsal Phal. V": [-0.22941040992736816, -0.8304610848426819, -0.1553758829832077], "Rt. Olecranon": [-0.08152993768453598, 0.4162193834781647, 0.1607283353805542], "Rt. PSIS": [-0.06272783875465393, 0.0927313044667244, -0.31326815485954285], "Rt. Radial Styloid": [-0.0033020845148712397, 0.4802151024341583, 0.3773474097251892], "Rt. Radiale": [-0.09822569787502289, 0.44222915172576904, 0.1834850162267685], "Rt. Sphyrion": [-0.13429269194602966, -0.7856022715568542, -0.26100024580955505], "Rt. Thelion/Bustpoint": [-0.10428016632795334, 0.31497758626937866, -0.05279191583395004], "Rt. Tragion": [-0.06652659177780151, 0.6713268756866455, -0.16044235229492188], "Rt. Trochanterion": [-0.2087949514389038, -0.004812154453247786, -0.1906692236661911], "Rt. Ulnar Styloid": [-0.03133893013000488, 0.43361762166023254, 0.3705441355705261], "Sellion": [-3.223337262170389e-05, 0.6964595317840576, -0.061911873519420624], "Substernale": [-0.0014800181379541755, 0.25866273045539856, -0.05777551978826523], "Supramenton": [0.008205554448068142, 0.6061593294143677, -0.06601717323064804], "Suprasternale": [0.0011425557313486934, 0.45733243227005005, -0.10483017563819885], "Waist, Preferred, Post.": [0.0037588716950267553, 0.09017497301101685, -0.3121413290500641]}