{"10th Rib Midspine": [-0.021966582164168358, 0.17700622975826263, -0.10498137027025223], "Cervicale": [-0.02236073650419712, 0.5069994926452637, -0.1298813819885254], "Lt. 10th Rib": [0.07478227466344833, 0.13140280544757843, 0.024685069918632507], "Lt. ASIS": [0.09622199833393097, 0.024879593402147293, 0.02976663038134575], "Lt. Acromion": [0.09870355576276779, 0.5319724082946777, -0.11783111840486526], "Lt. Axilla, Ant.": [0.1256808489561081, 0.46340471506118774, -0.05788232386112213], "Lt. Axilla, Post.": [0.19520391523838043, 0.5063397288322449, -0.07907479256391525], "Lt. Calcaneous, Post.": [0.05184662714600563, -0.8815202116966248, -0.2611873149871826], "Lt. Clavicale": [0.006461685057729483, 0.45265311002731323, -0.015220866538584232], "Lt. Dactylion": [0.1880340576171875, 1.1116669178009033, 0.02816404402256012], "Lt. Digit II": [0.09978776425123215, -0.9151813387870789, -0.021076049655675888], "Lt. Femoral Lateral Epicn": [0.12331388145685196, -0.4813011586666107, -0.13981904089450836], "Lt. Femoral Medial Epicn": [0.021618375554680824, -0.47427910566329956, -0.1607637256383896], "Lt. Gonion": [0.045418158173561096, 0.5943295955657959, -0.03559444844722748], "Lt. Humeral Lateral Epicn": [0.2259833961725235, 0.7190824151039124, -0.07942018657922745], "Lt. Humeral Medial Epicn": [0.2670755088329315, 0.7143132090568542, -0.020516902208328247], "Lt. Iliocristale": [0.10486625134944916, 0.09647966176271439, 0.0037132478319108486], "Lt. Infraorbitale": [0.026242058724164963, 0.6235721707344055, 0.039633650332689285], "Lt. Knee Crease": [0.0743536502122879, -0.46350523829460144, -0.18509796261787415], "Lt. Lateral Malleolus": [0.08608078211545944, -0.8409740924835205, -0.20487865805625916], "Lt. Medial Malleolus": [0.02359398640692234, -0.8441851735115051, -0.18909253180027008], "Lt. Metacarpal Phal. II": [0.20503680408000946, 1.042213797569275, -0.012338625267148018], "Lt. Metacarpal Phal. V": [0.24522198736667633, 1.0407017469406128, 0.0212138332426548], "Lt. Metatarsal Phal. I": [0.06372729688882828, -0.9040045738220215, -0.035743292421102524], "Lt. Metatarsal Phal. V": [0.12194117903709412, -0.9019453525543213, -0.07725342363119125], "Lt. Olecranon": [0.26857230067253113, 0.7189526557922363, -0.05147220194339752], "Lt. PSIS": [0.019566534087061882, 0.017307620495557785, -0.13703188300132751], "Lt. Radial Styloid": [0.22135800123214722, 0.9456154704093933, -0.0032735695131123066], "Lt. Radiale": [0.23750793933868408, 0.7390390634536743, -0.07131486386060715], "Lt. Sphyrion": [0.024208810180425644, -0.8622751235961914, -0.18529506027698517], "Lt. Thelion/Bustpoint": [0.09223414212465286, 0.27213600277900696, 0.06941153109073639], "Lt. Tragion": [0.05901860073208809, 0.6368518471717834, -0.03745998442173004], "Lt. Trochanterion": [0.13953253626823425, -0.07929813861846924, -0.025599736720323563], "Lt. Ulnar Styloid": [0.25995874404907227, 0.9526447653770447, -0.010244184173643589], "Nuchale": [-0.013904234394431114, 0.638558030128479, -0.12762975692749023], "Rt. 10th Rib": [-0.10834957659244537, 0.1361228972673416, 0.040243521332740784], "Rt. ASIS": [-0.137532576918602, 0.021225910633802414, 0.044128842651844025], "Rt. Acromion": [-0.1444907784461975, 0.5375892519950867, -0.10792410373687744], "Rt. Axilla, Ant.": [-0.15284210443496704, 0.4506986141204834, -0.042745091021060944], "Rt. Axilla, Post.": [-0.2390815168619156, 0.5138378739356995, -0.05667296051979065], "Rt. Calcaneous, Post.": [-0.14214745163917542, -0.8844093084335327, -0.25880685448646545], "Rt. Clavicale": [-0.042208533734083176, 0.4514329135417938, -0.015864672139286995], "Rt. Dactylion": [-0.26799410581588745, 1.123041033744812, 0.051281869411468506], "Rt. Digit II": [-0.18782000243663788, -0.9109135866165161, -0.021421076729893684], "Rt. Femoral Lateral Epicn": [-0.1987791806459427, -0.47137364745140076, -0.1495460569858551], "Rt. Femoral Medial Epicn": [-0.09502499550580978, -0.4652617871761322, -0.16844932734966278], "Rt. Gonion": [-0.0719292163848877, 0.5928403735160828, -0.03528367355465889], "Rt. Humeral Lateral Epicn": [-0.2703436315059662, 0.7280182838439941, -0.03686963766813278], "Rt. Humeral Medial Epicn": [-0.2827029824256897, 0.716126024723053, 0.03633609786629677], "Rt. Iliocristale": [-0.16320903599262238, 0.0863288938999176, 0.009402191266417503], "Rt. Infraorbitale": [-0.05047998204827309, 0.6169801354408264, 0.040921930223703384], "Rt. Knee Crease": [-0.1480683833360672, -0.45396989583969116, -0.1934538334608078], "Rt. Lateral Malleolus": [-0.17962345480918884, -0.8414151668548584, -0.20149710774421692], "Rt. Medial Malleolus": [-0.11425074934959412, -0.8404411673545837, -0.18487973511219025], "Rt. Metacarpal Phal. II": [-0.27706703543663025, 1.0445027351379395, 0.0035923104733228683], "Rt. Metacarpal Phal. V": [-0.3053715229034424, 1.0424879789352417, 0.04757668450474739], "Rt. Metatarsal Phal. I": [-0.14818939566612244, -0.9014368653297424, -0.032595936208963394], "Rt. Metatarsal Phal. V": [-0.21194741129875183, -0.8975844383239746, -0.07115821540355682], "Rt. Olecranon": [-0.2994464933872223, 0.7187286615371704, -0.001568865031003952], "Rt. PSIS": [-0.08013609051704407, 0.022075459361076355, -0.13738393783569336], "Rt. Radial Styloid": [-0.2698361277580261, 0.9558588862419128, 0.018730144947767258], "Rt. Radiale": [-0.2796080708503723, 0.7419546842575073, -0.026136482134461403], "Rt. Sphyrion": [-0.1158452183008194, -0.8616486191749573, -0.18062497675418854], "Rt. Thelion/Bustpoint": [-0.11765232682228088, 0.27644938230514526, 0.07345905900001526], "Rt. Tragion": [-0.08670065551996231, 0.6355881690979004, -0.04405229911208153], "Rt. Trochanterion": [-0.20654112100601196, -0.07308903336524963, -0.027565039694309235], "Rt. Ulnar Styloid": [-0.3217301368713379, 0.9602132439613342, 0.027909740805625916], "Sellion": [-0.016747191548347473, 0.6454909443855286, 0.0555829256772995], "Substernale": [-0.020884033292531967, 0.21351927518844604, 0.055521782487630844], "Supramenton": [-0.014203635975718498, 0.5555228590965271, 0.03650385141372681], "Suprasternale": [-0.019593846052885056, 0.4192143976688385, 0.004994153045117855], "Waist, Preferred, Post.": [-0.030926862731575966, 0.019716648384928703, -0.14189451932907104]}