{"10th Rib Midspine": [0.03303735330700874, 0.2418750375509262, -0.17689290642738342], "Cervicale": [0.02848840318620205, 0.6180967092514038, -0.11403154581785202], "Lt. 10th Rib": [0.16021670401096344, 0.17342860996723175, -0.0038629642222076654], "Lt. ASIS": [0.15995043516159058, 0.06817211210727692, -0.030224187299609184], "Lt. Acromion": [0.2940921485424042, 0.5141018033027649, -0.06637100130319595], "Lt. Axilla, Ant.": [0.24110418558120728, 0.41011762619018555, -0.04688417911529541], "Lt. Axilla, Post.": [0.25439921021461487, 0.3814367949962616, -0.1760438084602356], "Lt. Calcaneous, Post.": [0.2372744083404541, -0.8831714391708374, -0.2667175531387329], "Lt. Clavicale": [0.07926731556653976, 0.520112931728363, 0.01898186467587948], "Lt. Dactylion": [0.5901954174041748, -0.14319589734077454, -0.08262670785188675], "Lt. Digit II": [0.2147422432899475, -0.9158414602279663, -0.002594241639599204], "Lt. Femoral Lateral Epicn": [0.2425963133573532, -0.4350445568561554, -0.1965750902891159], "Lt. Femoral Medial Epicn": [0.14161387085914612, -0.4502488970756531, -0.22544266283512115], "Lt. Gonion": [0.04633866995573044, 0.7131175398826599, -0.0005649385275319219], "Lt. Humeral Lateral Epicn": [0.43020403385162354, 0.27424997091293335, -0.12548132240772247], "Lt. Humeral Medial Epicn": [0.36280110478401184, 0.21845842897891998, -0.15023037791252136], "Lt. Iliocristale": [0.19107989966869354, 0.14817453920841217, -0.05553218722343445], "Lt. Infraorbitale": [-0.023537715896964073, 0.736585259437561, 0.049980200827121735], "Lt. Knee Crease": [0.19768014550209045, -0.42582204937934875, -0.2573021650314331], "Lt. Lateral Malleolus": [0.2629041075706482, -0.8358388543128967, -0.19914984703063965], "Lt. Medial Malleolus": [0.1898723989725113, -0.8378171324729919, -0.1953180581331253], "Lt. Metacarpal Phal. II": [0.560046911239624, -0.056828439235687256, -0.06310727447271347], "Lt. Metacarpal Phal. V": [0.5706859230995178, -0.044760558754205704, -0.15524780750274658], "Lt. Metatarsal Phal. I": [0.1976224035024643, -0.9024099111557007, -0.03143418952822685], "Lt. Metatarsal Phal. V": [0.2666253447532654, -0.9017950296401978, -0.05567937344312668], "Lt. Olecranon": [0.390142560005188, 0.24437299370765686, -0.15993325412273407], "Lt. PSIS": [0.07334502041339874, 0.07078098505735397, -0.22100666165351868], "Lt. Radial Styloid": [0.5041760802268982, 0.03286382928490639, -0.10542745888233185], "Lt. Radiale": [0.43553102016448975, 0.2506398558616638, -0.1287810206413269], "Lt. Sphyrion": [0.1952725201845169, -0.859345555305481, -0.1905204951763153], "Lt. Thelion/Bustpoint": [0.16843295097351074, 0.3232254683971405, 0.06385692954063416], "Lt. Tragion": [0.02929575741291046, 0.763719916343689, -0.013665653765201569], "Lt. Trochanterion": [0.20188114047050476, -0.03638056293129921, -0.09084530919790268], "Lt. Ulnar Styloid": [0.5406687259674072, 0.039868149906396866, -0.14820168912410736], "Nuchale": [0.015814727172255516, 0.7094308733940125, -0.13185766339302063], "Rt. 10th Rib": [-0.07732713222503662, 0.19089184701442719, 0.015142652206122875], "Rt. ASIS": [-0.1116255670785904, 0.06831841170787811, -0.013417201116681099], "Rt. Acromion": [-0.21603167057037354, 0.49174410104751587, -0.03626500815153122], "Rt. Axilla, Ant.": [-0.15646114945411682, 0.4054493010044098, -0.021090736612677574], "Rt. Axilla, Post.": [-0.1820632815361023, 0.3708738386631012, -0.1554822325706482], "Rt. Calcaneous, Post.": [-0.20997747778892517, -0.876748263835907, -0.28406381607055664], "Rt. Clavicale": [0.004423772916197777, 0.5159162878990173, 0.025274032726883888], "Rt. Dactylion": [-0.5621164441108704, -0.13125494122505188, -0.13313794136047363], "Rt. Digit II": [-0.2274007648229599, -0.9087582230567932, -0.01802871748805046], "Rt. Femoral Lateral Epicn": [-0.21809124946594238, -0.42886942625045776, -0.19171790778636932], "Rt. Femoral Medial Epicn": [-0.11753163486719131, -0.4412041902542114, -0.21984970569610596], "Rt. Gonion": [-0.0683642104268074, 0.6345824003219604, -0.05176796019077301], "Rt. Humeral Lateral Epicn": [-0.3572692573070526, 0.2634642422199249, -0.10758226364850998], "Rt. Humeral Medial Epicn": [-0.27841466665267944, 0.19467847049236298, -0.11323023587465286], "Rt. Iliocristale": [-0.14110016822814941, 0.1455187201499939, -0.04942039027810097], "Rt. Infraorbitale": [-0.08299434185028076, 0.6860451698303223, 0.02419046312570572], "Rt. Knee Crease": [-0.17460694909095764, -0.419778972864151, -0.24338068068027496], "Rt. Lateral Malleolus": [-0.23999947309494019, -0.8275725245475769, -0.2165980190038681], "Rt. Medial Malleolus": [-0.16763393580913544, -0.8339371085166931, -0.20634295046329498], "Rt. Metacarpal Phal. II": [-0.5135852098464966, -0.05424252152442932, -0.07539575546979904], "Rt. Metacarpal Phal. V": [-0.5060526132583618, -0.04012439027428627, -0.16148443520069122], "Rt. Metatarsal Phal. I": [-0.1858140379190445, -0.8986403346061707, -0.03951375558972359], "Rt. Metatarsal Phal. V": [-0.2673109471797943, -0.8966169953346252, -0.07539189606904984], "Rt. Olecranon": [-0.31426510214805603, 0.23493795096874237, -0.13818591833114624], "Rt. PSIS": [-0.03399333357810974, 0.0792790949344635, -0.2226114422082901], "Rt. Radial Styloid": [-0.44774118065834045, 0.023291874676942825, -0.07619702816009521], "Rt. Radiale": [-0.35605689883232117, 0.2419176995754242, -0.11364450305700302], "Rt. Sphyrion": [-0.1724657118320465, -0.8561320900917053, -0.20521020889282227], "Rt. Thelion/Bustpoint": [-0.07608533650636673, 0.3190895915031433, 0.06637363880872726], "Rt. Tragion": [-0.0809989795088768, 0.6655727624893188, -0.07143612951040268], "Rt. Trochanterion": [-0.17488913238048553, -0.017069093883037567, -0.08780451864004135], "Rt. Ulnar Styloid": [-0.4652325510978699, 0.033070847392082214, -0.14455822110176086], "Sellion": [-0.07907894998788834, 0.7311209440231323, 0.04330885410308838], "Substernale": [0.03675202652812004, 0.2650281488895416, 0.07467278093099594], "Supramenton": [-0.02726656384766102, 0.6468692421913147, 0.062409576028585434], "Suprasternale": [0.04406628757715225, 0.4975460171699524, 0.034515488892793655], "Waist, Preferred, Post.": [0.021502044051885605, 0.0766371488571167, -0.2228088676929474]}