{"10th Rib Midspine": [-0.0016718199476599693, 0.13741403818130493, -0.08222664147615433], "Cervicale": [-0.02188662253320217, 0.4615230858325958, -0.07755430787801743], "Lt. 10th Rib": [-0.17002394795417786, 0.08813375979661942, -0.10022387653589249], "Lt. ASIS": [-0.19270095229148865, -0.01339865941554308, -0.09592226892709732], "Lt. Acromion": [-0.15966516733169556, 0.36753347516059875, 0.06239805743098259], "Lt. Axilla, Ant.": [-0.13471855223178864, 0.29427722096443176, 0.009915132075548172], "Lt. Axilla, Post.": [-0.04966301843523979, 0.28561151027679443, 0.04375156760215759], "Lt. Calcaneous, Post.": [-0.21264630556106567, -0.8832659125328064, -0.21233408153057098], "Lt. Clavicale": [-0.12456998229026794, 0.38524502515792847, -0.12563729286193848], "Lt. Dactylion": [0.0656396672129631, -0.24200226366519928, 0.18652047216892242], "Lt. Digit II": [-0.3310779333114624, -0.8814339637756348, -0.4090827405452728], "Lt. Femoral Lateral Epicn": [-0.20846785604953766, -0.5103421807289124, -0.12576231360435486], "Lt. Femoral Medial Epicn": [-0.10824555158615112, -0.5138376355171204, -0.17465338110923767], "Lt. Gonion": [-0.13594107329845428, 0.5366633534431458, -0.08991796523332596], "Lt. Humeral Lateral Epicn": [-0.051942579448223114, 0.14532683789730072, 0.14668069779872894], "Lt. Humeral Medial Epicn": [0.009248427115380764, 0.13432742655277252, 0.1125822439789772], "Lt. Iliocristale": [-0.17318932712078094, 0.05767041817307472, -0.056887973099946976], "Lt. Infraorbitale": [-0.17653192579746246, 0.5637185573577881, -0.1548703908920288], "Lt. Knee Crease": [-0.1398804485797882, -0.5187737941741943, -0.114631287753582], "Lt. Lateral Malleolus": [-0.26412534713745117, -0.8336234092712402, -0.2326124608516693], "Lt. Medial Malleolus": [-0.21297171711921692, -0.8327310681343079, -0.27389171719551086], "Lt. Metacarpal Phal. II": [0.010876256041228771, -0.1765308976173401, 0.17898747324943542], "Lt. Metacarpal Phal. V": [0.045374177396297455, -0.15119683742523193, 0.20980694890022278], "Lt. Metatarsal Phal. I": [-0.30297502875328064, -0.8721224069595337, -0.4061512351036072], "Lt. Metatarsal Phal. V": [-0.3458082973957062, -0.8779090642929077, -0.3438975214958191], "Lt. Olecranon": [-0.006914978846907616, 0.1422329843044281, 0.13792936503887177], "Lt. PSIS": [-0.02358176000416279, -0.042170874774456024, -0.011069921776652336], "Lt. Radial Styloid": [-0.0020964541472494602, -0.08266370743513107, 0.15049408376216888], "Lt. Radiale": [-0.0399189218878746, 0.12778276205062866, 0.15353728830814362], "Lt. Sphyrion": [-0.21983593702316284, -0.8491694927215576, -0.28173157572746277], "Lt. Thelion/Bustpoint": [-0.1974162608385086, 0.21895278990268707, -0.11897251009941101], "Lt. Tragion": [-0.14119747281074524, 0.5763306617736816, -0.07490973174571991], "Lt. Trochanterion": [-0.21214070916175842, -0.12057337909936905, -0.04971900209784508], "Lt. Ulnar Styloid": [0.014677726663649082, -0.07458276301622391, 0.1937345564365387], "Nuchale": [-0.03571729362010956, 0.5870983600616455, -0.06659603863954544], "Rt. 10th Rib": [-0.02944505773484707, 0.08324582874774933, -0.24495074152946472], "Rt. ASIS": [-0.006152090150862932, -0.03410334885120392, -0.27211371064186096], "Rt. Acromion": [0.03172585368156433, 0.39416414499282837, -0.2805180847644806], "Rt. Axilla, Ant.": [-0.013470295816659927, 0.3197695314884186, -0.253559410572052], "Rt. Axilla, Post.": [0.04349995404481888, 0.2725101411342621, -0.25590914487838745], "Rt. Calcaneous, Post.": [0.1431429088115692, -0.897672712802887, 0.0060811033472418785], "Rt. Clavicale": [-0.08993589878082275, 0.38725146651268005, -0.16832789778709412], "Rt. Dactylion": [-0.3590755760669708, 0.012263854965567589, -0.5821239352226257], "Rt. Digit II": [0.05352899059653282, -0.8987079858779907, -0.20474615693092346], "Rt. Femoral Lateral Epicn": [0.11330749839544296, -0.5155878067016602, -0.14623890817165375], "Rt. Femoral Medial Epicn": [0.04153062403202057, -0.5062298774719238, -0.06175507977604866], "Rt. Gonion": [-0.05361262708902359, 0.5370639562606812, -0.1704239845275879], "Rt. Humeral Lateral Epicn": [-0.04859939590096474, 0.1829315721988678, -0.4047172963619232], "Rt. Humeral Medial Epicn": [-0.06935897469520569, 0.1410692036151886, -0.3452264368534088], "Rt. Iliocristale": [0.04169074445962906, 0.028095709159970284, -0.25866639614105225], "Rt. Infraorbitale": [-0.12635701894760132, 0.5633072257041931, -0.20816010236740112], "Rt. Knee Crease": [0.10276931524276733, -0.4967898428440094, -0.08034408837556839], "Rt. Lateral Malleolus": [0.14742490649223328, -0.8557320833206177, -0.058055587112903595], "Rt. Medial Malleolus": [0.08415229618549347, -0.8532501459121704, -0.03307609632611275], "Rt. Metacarpal Phal. II": [-0.3096872568130493, 0.08512628078460693, -0.5426178574562073], "Rt. Metacarpal Phal. V": [-0.2963758707046509, 0.018310073763132095, -0.5321601629257202], "Rt. Metatarsal Phal. I": [0.015680542215704918, -0.8929765820503235, -0.1676892638206482], "Rt. Metatarsal Phal. V": [0.09313232451677322, -0.8995460867881775, -0.1855587214231491], "Rt. Olecranon": [-0.04008900374174118, 0.14350146055221558, -0.38030076026916504], "Rt. PSIS": [0.0654563158750534, -0.038542382419109344, -0.0778883546590805], "Rt. Radial Styloid": [-0.25015535950660706, 0.10483484715223312, -0.487059623003006], "Rt. Radiale": [-0.05187316983938217, 0.160082146525383, -0.40614938735961914], "Rt. Sphyrion": [0.08184369653463364, -0.8690852522850037, -0.03787920996546745], "Rt. Thelion/Bustpoint": [-0.06843410432338715, 0.2283530831336975, -0.2645805776119232], "Rt. Tragion": [-0.04380926489830017, 0.5838146209716797, -0.17704364657402039], "Rt. Trochanterion": [0.08972268551588058, -0.1349242627620697, -0.2521559000015259], "Rt. Ulnar Styloid": [-0.21872815489768982, 0.06411712616682053, -0.5001780986785889], "Sellion": [-0.1629883199930191, 0.5863403081893921, -0.19472967088222504], "Substernale": [-0.11745760589838028, 0.16289418935775757, -0.1937611699104309], "Supramenton": [-0.14769187569618225, 0.5008215308189392, -0.18711477518081665], "Suprasternale": [-0.1133265346288681, 0.36431464552879333, -0.15787442028522491], "Waist, Preferred, Post.": [0.023577213287353516, -0.044479116797447205, -0.04243534058332443]}