{"10th Rib Midspine": [0.06403610110282898, 0.30048954486846924, -0.006858462933450937], "Cervicale": [0.05942092835903168, 0.6386468410491943, 0.1464451551437378], "Lt. 10th Rib": [0.17679902911186218, 0.22692349553108215, 0.14159291982650757], "Lt. ASIS": [0.18120978772640228, 0.1109657883644104, 0.1223125010728836], "Lt. Acromion": [0.29951930046081543, 0.49301400780677795, 0.21905705332756042], "Lt. Axilla, Ant.": [0.23576578497886658, 0.4175748825073242, 0.17823217809200287], "Lt. Axilla, Post.": [0.31297099590301514, 0.40045586228370667, 0.10979992896318436], "Lt. Calcaneous, Post.": [0.19348254799842834, -0.8419841527938843, -0.22218528389930725], "Lt. Clavicale": [0.09195230156183243, 0.5102629661560059, 0.22386431694030762], "Lt. Dactylion": [0.07553564757108688, 0.039586976170539856, 0.3754653334617615], "Lt. Digit II": [0.24852965772151947, -0.9195746779441833, 0.04666491597890854], "Lt. Femoral Lateral Epicn": [0.2439729869365692, -0.40902382135391235, -0.081050805747509], "Lt. Femoral Medial Epicn": [0.13556692004203796, -0.41149887442588806, -0.08724973350763321], "Lt. Gonion": [0.12850026786327362, 0.678537905216217, 0.2613076865673065], "Lt. Humeral Lateral Epicn": [0.40233364701271057, 0.2584155201911926, 0.23188264667987823], "Lt. Humeral Medial Epicn": [0.40397393703460693, 0.21367888152599335, 0.159895658493042], "Lt. Iliocristale": [0.20519544184207916, 0.20350639522075653, 0.10716713219881058], "Lt. Infraorbitale": [0.10975601524114609, 0.7055479884147644, 0.3338032066822052], "Lt. Knee Crease": [0.18369732797145844, -0.3847946226596832, -0.12159469723701477], "Lt. Lateral Malleolus": [0.24154263734817505, -0.8029868006706238, -0.15543395280838013], "Lt. Medial Malleolus": [0.1731126606464386, -0.8117879629135132, -0.13450612127780914], "Lt. Metacarpal Phal. II": [0.15334533154964447, 0.07368987798690796, 0.3276636302471161], "Lt. Metacarpal Phal. V": [0.18005354702472687, 0.04964588209986687, 0.3841358721256256], "Lt. Metatarsal Phal. I": [0.21877335011959076, -0.9080246686935425, 0.011150429025292397], "Lt. Metatarsal Phal. V": [0.2874402403831482, -0.9008276462554932, -0.05381109565496445], "Lt. Olecranon": [0.43046313524246216, 0.2239631712436676, 0.1840379238128662], "Lt. PSIS": [0.11264806985855103, 0.13048526644706726, -0.05899767577648163], "Lt. Radial Styloid": [0.2426805943250656, 0.055726151913404465, 0.286227822303772], "Lt. Radiale": [0.4064738154411316, 0.2349683791399002, 0.23217663168907166], "Lt. Sphyrion": [0.1763453483581543, -0.8363293409347534, -0.13373778760433197], "Lt. Thelion/Bustpoint": [0.1634783148765564, 0.3488715589046478, 0.19769814610481262], "Lt. Tragion": [0.13627862930297852, 0.7237558364868164, 0.25994208455085754], "Lt. Trochanterion": [0.23132891952991486, 0.0019775801338255405, 0.055074647068977356], "Lt. Ulnar Styloid": [0.26804792881011963, 0.07465487718582153, 0.33898696303367615], "Nuchale": [0.06269056349992752, 0.7405305504798889, 0.16188675165176392], "Rt. 10th Rib": [-0.04258623719215393, 0.23232276737689972, 0.1501951813697815], "Rt. ASIS": [-0.06615396589040756, 0.10785777121782303, 0.12170643359422684], "Rt. Acromion": [-0.17633047699928284, 0.5198134779930115, 0.20969946682453156], "Rt. Axilla, Ant.": [-0.11833810061216354, 0.4460122585296631, 0.16979095339775085], "Rt. Axilla, Post.": [-0.20625567436218262, 0.4184213876724243, 0.11472257971763611], "Rt. Calcaneous, Post.": [-0.12428860366344452, -0.8350112438201904, -0.21089620888233185], "Rt. Clavicale": [0.023558052256703377, 0.5111134648323059, 0.22263306379318237], "Rt. Dactylion": [0.017124950885772705, 0.03857043758034706, 0.3809860348701477], "Rt. Digit II": [-0.1998315453529358, -0.9189984202384949, 0.04282849282026291], "Rt. Femoral Lateral Epicn": [-0.1694893091917038, -0.39838072657585144, -0.08231796324253082], "Rt. Femoral Medial Epicn": [-0.060128264129161835, -0.4082866907119751, -0.08052792400121689], "Rt. Gonion": [-0.0052824076265096664, 0.6778914928436279, 0.2568991780281067], "Rt. Humeral Lateral Epicn": [-0.29356035590171814, 0.29364633560180664, 0.26313164830207825], "Rt. Humeral Medial Epicn": [-0.2927343547344208, 0.23312677443027496, 0.1916506141424179], "Rt. Iliocristale": [-0.0951261967420578, 0.19231493771076202, 0.09864827990531921], "Rt. Infraorbitale": [0.023830140009522438, 0.6899427771568298, 0.33732447028160095], "Rt. Knee Crease": [-0.10311193764209747, -0.38361188769340515, -0.11517124623060226], "Rt. Lateral Malleolus": [-0.17789749801158905, -0.7987704873085022, -0.14640481770038605], "Rt. Medial Malleolus": [-0.11148083955049515, -0.8061891198158264, -0.11944960057735443], "Rt. Metacarpal Phal. II": [-0.04775038734078407, 0.07882071286439896, 0.3355785012245178], "Rt. Metacarpal Phal. V": [-0.0931871086359024, 0.06771282106637955, 0.3934723436832428], "Rt. Metatarsal Phal. I": [-0.16651642322540283, -0.8964759707450867, 0.022084839642047882], "Rt. Metatarsal Phal. V": [-0.2308582216501236, -0.9001660346984863, -0.028416860848665237], "Rt. Olecranon": [-0.3293931484222412, 0.2584715187549591, 0.23105353116989136], "Rt. PSIS": [0.008654051460325718, 0.13823561370372772, -0.05707273632287979], "Rt. Radial Styloid": [-0.13305920362472534, 0.07750073075294495, 0.3014431893825531], "Rt. Radiale": [-0.298448383808136, 0.27161866426467896, 0.26749473810195923], "Rt. Sphyrion": [-0.11359335482120514, -0.8308925628662109, -0.11890487372875214], "Rt. Thelion/Bustpoint": [-0.043451402336359024, 0.3541671335697174, 0.187357559800148], "Rt. Tragion": [-0.0122893787920475, 0.727081298828125, 0.25441354513168335], "Rt. Trochanterion": [-0.13225771486759186, 0.021022969856858253, 0.04306073114275932], "Rt. Ulnar Styloid": [-0.16278228163719177, 0.09307921677827835, 0.3624359667301178], "Sellion": [0.05776739493012428, 0.7081556916236877, 0.3572053909301758], "Substernale": [0.06116446480154991, 0.2911219596862793, 0.19563715159893036], "Supramenton": [0.06334163248538971, 0.6225575804710388, 0.33204185962677], "Suprasternale": [0.055790647864341736, 0.48686549067497253, 0.2230309695005417], "Waist, Preferred, Post.": [0.06064142659306526, 0.13557232916355133, -0.05715811252593994]}