{"10th Rib Midspine": [-0.03547876328229904, 0.3376820981502533, -0.23674143850803375], "Cervicale": [-0.02048988826572895, 0.7050295472145081, -0.16719652712345123], "Lt. 10th Rib": [0.13887161016464233, 0.27818813920021057, -0.06337019056081772], "Lt. ASIS": [0.14923684298992157, 0.17900317907333374, -0.07991747558116913], "Lt. Acromion": [0.2216881662607193, 0.6156876087188721, -0.12810561060905457], "Lt. Axilla, Ant.": [0.2053404450416565, 0.5342468619346619, -0.09562736004590988], "Lt. Axilla, Post.": [0.19403530657291412, 0.48435887694358826, -0.200071781873703], "Lt. Calcaneous, Post.": [0.15304353833198547, -0.8025072813034058, -0.348348468542099], "Lt. Clavicale": [0.02700934186577797, 0.6003676652908325, -0.029544852674007416], "Lt. Dactylion": [0.574505627155304, 0.002238795394077897, -0.16762948036193848], "Lt. Digit II": [0.25309863686561584, -0.8521046042442322, -0.10415215790271759], "Lt. Femoral Lateral Epicn": [0.17647051811218262, -0.3459700345993042, -0.25798413157463074], "Lt. Femoral Medial Epicn": [0.06793633848428726, -0.35929790139198303, -0.24520617723464966], "Lt. Gonion": [0.05883043259382248, 0.7558544874191284, -0.034963205456733704], "Lt. Humeral Lateral Epicn": [0.3821945786476135, 0.4004247188568115, -0.19301824271678925], "Lt. Humeral Medial Epicn": [0.3300546407699585, 0.3475392162799835, -0.19542361795902252], "Lt. Iliocristale": [0.16700416803359985, 0.25323447585105896, -0.11915493756532669], "Lt. Infraorbitale": [0.026822438463568687, 0.7794959545135498, 0.046194616705179214], "Lt. Knee Crease": [0.11088299751281738, -0.334832102060318, -0.293801873922348], "Lt. Lateral Malleolus": [0.20897352695465088, -0.7574267387390137, -0.30388787388801575], "Lt. Medial Malleolus": [0.1468159705400467, -0.7595065832138062, -0.26909905672073364], "Lt. Metacarpal Phal. II": [0.5621144771575928, 0.10155998170375824, -0.15263976156711578], "Lt. Metacarpal Phal. V": [0.5423322916030884, 0.08707074820995331, -0.22204634547233582], "Lt. Metatarsal Phal. I": [0.2251599133014679, -0.831048846244812, -0.12890277802944183], "Lt. Metatarsal Phal. V": [0.2897890508174896, -0.8299092650413513, -0.17891815304756165], "Lt. Olecranon": [0.34607771039009094, 0.3694000840187073, -0.21340590715408325], "Lt. PSIS": [0.031252421438694, 0.16219443082809448, -0.25773853063583374], "Lt. Radial Styloid": [0.49955660104751587, 0.18761953711509705, -0.16962839663028717], "Lt. Radiale": [0.3872024118900299, 0.3790435194969177, -0.19939428567886353], "Lt. Sphyrion": [0.15283730626106262, -0.7810574769973755, -0.2657597064971924], "Lt. Thelion/Bustpoint": [0.13955461978912354, 0.41235387325286865, -0.0006484178593382239], "Lt. Tragion": [0.06960701197385788, 0.8066047430038452, -0.029084892943501472], "Lt. Trochanterion": [0.19028665125370026, 0.06898695230484009, -0.146164208650589], "Lt. Ulnar Styloid": [0.5214307308197021, 0.19291599094867706, -0.221994549036026], "Nuchale": [-0.004488315433263779, 0.8178414106369019, -0.1208580732345581], "Rt. 10th Rib": [-0.1345667988061905, 0.2756171226501465, -0.006370714399963617], "Rt. ASIS": [-0.14608560502529144, 0.15684708952903748, -0.024508731439709663], "Rt. Acromion": [-0.24771930277347565, 0.6219538450241089, -0.08098122477531433], "Rt. Axilla, Ant.": [-0.21809692680835724, 0.5461529493331909, -0.05219293385744095], "Rt. Axilla, Post.": [-0.24227814376354218, 0.4963281452655792, -0.17063294351100922], "Rt. Calcaneous, Post.": [-0.17335791885852814, -0.7991007566452026, -0.34839537739753723], "Rt. Clavicale": [-0.04945693537592888, 0.5988967418670654, -0.02033379301428795], "Rt. Dactylion": [-0.6255946159362793, 0.02466670423746109, -0.07607560604810715], "Rt. Digit II": [-0.23606707155704498, -0.8384982347488403, -0.1031121239066124], "Rt. Femoral Lateral Epicn": [-0.1968441754579544, -0.3469330370426178, -0.24819594621658325], "Rt. Femoral Medial Epicn": [-0.08609269559383392, -0.3553488850593567, -0.2513318359851837], "Rt. Gonion": [-0.080572709441185, 0.7523338794708252, -0.037641741335392], "Rt. Humeral Lateral Epicn": [-0.4039711356163025, 0.40365472435951233, -0.11331845074892044], "Rt. Humeral Medial Epicn": [-0.357294499874115, 0.3378947675228119, -0.12978550791740417], "Rt. Iliocristale": [-0.19286802411079407, 0.2248666137456894, -0.07035022228956223], "Rt. Infraorbitale": [-0.04598284885287285, 0.7743152976036072, 0.04522973671555519], "Rt. Knee Crease": [-0.1358063668012619, -0.33062267303466797, -0.28931161761283875], "Rt. Lateral Malleolus": [-0.22284933924674988, -0.7531375885009766, -0.29404547810554504], "Rt. Medial Malleolus": [-0.15506592392921448, -0.7591827511787415, -0.2609764635562897], "Rt. Metacarpal Phal. II": [-0.6012110710144043, 0.11220188438892365, -0.05535658821463585], "Rt. Metacarpal Phal. V": [-0.5869021415710449, 0.10666491836309433, -0.12396994233131409], "Rt. Metatarsal Phal. I": [-0.2230888307094574, -0.8287965059280396, -0.11136291921138763], "Rt. Metatarsal Phal. V": [-0.2844352424144745, -0.8264536261558533, -0.16559286415576935], "Rt. Olecranon": [-0.3830202519893646, 0.37680524587631226, -0.14611119031906128], "Rt. PSIS": [-0.08321443200111389, 0.16116735339164734, -0.23772455751895905], "Rt. Radial Styloid": [-0.529749870300293, 0.18621701002120972, -0.06966666877269745], "Rt. Radiale": [-0.41269344091415405, 0.38592907786369324, -0.11992901563644409], "Rt. Sphyrion": [-0.16091375052928925, -0.7816538214683533, -0.26235124468803406], "Rt. Thelion/Bustpoint": [-0.1459759622812271, 0.4150450825691223, 0.030192876234650612], "Rt. Tragion": [-0.09008088707923889, 0.803596556186676, -0.037921782582998276], "Rt. Trochanterion": [-0.2076614648103714, 0.057689692825078964, -0.09477152675390244], "Rt. Ulnar Styloid": [-0.5502519607543945, 0.18808335065841675, -0.13090799748897552], "Sellion": [-0.015338065102696419, 0.7991164326667786, 0.06605557352304459], "Substernale": [0.005744829308241606, 0.3536350727081299, 0.044148221611976624], "Supramenton": [-0.012371019460260868, 0.7071405053138733, 0.03926561027765274], "Suprasternale": [-0.013271368108689785, 0.5771238803863525, -0.012522464618086815], "Waist, Preferred, Post.": [-0.025453589856624603, 0.1608746349811554, -0.24803514778614044]}