{"10th Rib Midspine": [0.05395904555916786, 0.18581998348236084, -0.10515192151069641], "Cervicale": [0.0672115609049797, 0.520807147026062, -0.10991121083498001], "Lt. 10th Rib": [0.13104629516601562, 0.12511959671974182, 0.04129486903548241], "Lt. ASIS": [0.14667584002017975, 0.023056816309690475, 0.03882794454693794], "Lt. Acromion": [0.25611162185668945, 0.42959222197532654, -0.03947360813617706], "Lt. Axilla, Ant.": [0.20281504094600677, 0.3503599762916565, -0.02951139770448208], "Lt. Axilla, Post.": [0.2104516327381134, 0.31529802083969116, -0.11289206147193909], "Lt. Calcaneous, Post.": [0.016026733443140984, -0.8885003924369812, -0.18249963223934174], "Lt. Clavicale": [0.08521611243486404, 0.44635167717933655, 0.002563941990956664], "Lt. Dactylion": [0.2786119878292084, -0.2503521144390106, -0.0004293549573048949], "Lt. Digit II": [0.03586248680949211, -0.9180853962898254, 0.05628332495689392], "Lt. Femoral Lateral Epicn": [0.12631243467330933, -0.4946343004703522, -0.07058072090148926], "Lt. Femoral Medial Epicn": [0.02659917064011097, -0.4764752686023712, -0.09905072301626205], "Lt. Gonion": [0.1254802644252777, 0.5945561528205872, 0.0005587843479588628], "Lt. Humeral Lateral Epicn": [0.274781197309494, 0.15094061195850372, -0.06610628962516785], "Lt. Humeral Medial Epicn": [0.20659762620925903, 0.12887616455554962, -0.08039123564958572], "Lt. Iliocristale": [0.16365587711334229, 0.08849227428436279, 0.017185870558023453], "Lt. Infraorbitale": [0.10150953382253647, 0.6222333312034607, 0.07423411309719086], "Lt. Knee Crease": [0.08158612251281738, -0.4782183766365051, -0.12006892263889313], "Lt. Lateral Malleolus": [0.05006445199251175, -0.8528227806091309, -0.12333160638809204], "Lt. Medial Malleolus": [-0.013871160335838795, -0.8458533883094788, -0.11541388183832169], "Lt. Metacarpal Phal. II": [0.30129027366638184, -0.16541022062301636, 0.012179725803434849], "Lt. Metacarpal Phal. V": [0.2952389419078827, -0.16603481769561768, -0.04150470718741417], "Lt. Metatarsal Phal. I": [0.001939259935170412, -0.9066964387893677, 0.041588157415390015], "Lt. Metatarsal Phal. V": [0.07057671993970871, -0.9046517014503479, -0.0013408813392743468], "Lt. Olecranon": [0.23377753794193268, 0.13216429948806763, -0.09138009697198868], "Lt. PSIS": [0.09773518145084381, 0.01928025297820568, -0.13798503577709198], "Lt. Radial Styloid": [0.271914005279541, -0.07230934500694275, -0.005090551450848579], "Lt. Radiale": [0.27164581418037415, 0.13176842033863068, -0.06982023268938065], "Lt. Sphyrion": [-0.016097182407975197, -0.8668015599250793, -0.1107189878821373], "Lt. Thelion/Bustpoint": [0.1533602923154831, 0.25309112668037415, 0.08396191149950027], "Lt. Tragion": [0.1399499773979187, 0.6375126838684082, 0.0001691414217930287], "Lt. Trochanterion": [0.1871568262577057, -0.08704345673322678, -0.011265474371612072], "Lt. Ulnar Styloid": [0.2957761287689209, -0.07330731302499771, -0.0422135591506958], "Nuchale": [0.07284219563007355, 0.6450297832489014, -0.09388760477304459], "Rt. 10th Rib": [-0.04831491783261299, 0.13592246174812317, 0.027908073738217354], "Rt. ASIS": [-0.08213598281145096, 0.04166845604777336, 0.01843283511698246], "Rt. Acromion": [-0.13761240243911743, 0.4400652348995209, -0.05337558686733246], "Rt. Axilla, Ant.": [-0.09019835293292999, 0.3662685751914978, -0.039687760174274445], "Rt. Axilla, Post.": [-0.10199778527021408, 0.3159865140914917, -0.11599881201982498], "Rt. Calcaneous, Post.": [-0.148464173078537, -0.2745710015296936, -0.3563578128814697], "Rt. Clavicale": [0.0307315681129694, 0.44630253314971924, -0.0029973716009408236], "Rt. Dactylion": [-0.3006340265274048, -0.2026980221271515, 0.00788569450378418], "Rt. Digit II": [-0.10431647300720215, -0.43250349164009094, -0.3181729316711426], "Rt. Femoral Lateral Epicn": [-0.19226646423339844, -0.40074941515922546, 0.03785347193479538], "Rt. Femoral Medial Epicn": [-0.07248739898204803, -0.4139559864997864, 0.032195694744586945], "Rt. Gonion": [0.008339671418070793, 0.5950952172279358, -0.008922478184103966], "Rt. Humeral Lateral Epicn": [-0.2057982236146927, 0.1724928319454193, -0.07323315739631653], "Rt. Humeral Medial Epicn": [-0.1382898986339569, 0.14187704026699066, -0.048943426460027695], "Rt. Iliocristale": [-0.10207101702690125, 0.10148953646421432, -0.016392037272453308], "Rt. Infraorbitale": [0.02629692107439041, 0.6158525347709656, 0.07060987502336502], "Rt. Knee Crease": [-0.1672065705060959, -0.35068872570991516, 0.019130950793623924], "Rt. Lateral Malleolus": [-0.1854672133922577, -0.3192978799343109, -0.3095282018184662], "Rt. Medial Malleolus": [-0.1225326731801033, -0.3289874494075775, -0.2998547852039337], "Rt. Metacarpal Phal. II": [-0.316236287355423, -0.11706959456205368, 0.011259105056524277], "Rt. Metacarpal Phal. V": [-0.29394835233688354, -0.1302914172410965, -0.0445157065987587], "Rt. Metatarsal Phal. I": [-0.08896565437316895, -0.43541279435157776, -0.32193392515182495], "Rt. Metatarsal Phal. V": [-0.15997076034545898, -0.4256821870803833, -0.3376978039741516], "Rt. Olecranon": [-0.16565042734146118, 0.1465667188167572, -0.08420663326978683], "Rt. PSIS": [-0.005980717483907938, 0.030516184866428375, -0.15135324001312256], "Rt. Radial Styloid": [-0.26925891637802124, -0.038572266697883606, -0.0015131153631955385], "Rt. Radiale": [-0.20616787672042847, 0.15337121486663818, -0.07550246268510818], "Rt. Sphyrion": [-0.12143084406852722, -0.33613255620002747, -0.317018985748291], "Rt. Thelion/Bustpoint": [-0.053054358810186386, 0.26361289620399475, 0.06780370324850082], "Rt. Tragion": [-0.006118330173194408, 0.6394760608673096, -0.012457603588700294], "Rt. Trochanterion": [-0.15302075445652008, -0.05518141761422157, -0.039636146277189255], "Rt. Ulnar Styloid": [-0.282253235578537, -0.04403045028448105, -0.05421561002731323], "Sellion": [0.05839447304606438, 0.6407240033149719, 0.0890340730547905], "Substernale": [0.035579532384872437, 0.1976819485425949, 0.06699378788471222], "Supramenton": [0.0609792023897171, 0.552778959274292, 0.06440073996782303], "Suprasternale": [0.05728800967335701, 0.4161145091056824, 0.016654618084430695], "Waist, Preferred, Post.": [0.04580618813633919, 0.024162260815501213, -0.15093307197093964]}