{"10th Rib Midspine": [0.04978155717253685, 0.14051757752895355, -0.04785822704434395], "Cervicale": [0.07706805318593979, 0.46343016624450684, 0.007918311282992363], "Lt. 10th Rib": [0.13951385021209717, 0.07181588560342789, 0.09117099642753601], "Lt. ASIS": [0.15018565952777863, -0.028231164440512657, 0.09397468715906143], "Lt. Acromion": [0.26662641763687134, 0.35850250720977783, 0.03809903562068939], "Lt. Axilla, Ant.": [0.2144681215286255, 0.2824270725250244, 0.05241996422410011], "Lt. Axilla, Post.": [0.20397762954235077, 0.2593393623828888, -0.03127334266901016], "Lt. Calcaneous, Post.": [0.03323925659060478, -0.8843726515769958, -0.16835741698741913], "Lt. Clavicale": [0.0911729708313942, 0.3747195303440094, 0.10845739394426346], "Lt. Dactylion": [0.35710474848747253, -0.29378360509872437, -0.03375845029950142], "Lt. Digit II": [0.0020512572955340147, -0.9184266924858093, 0.06306704133749008], "Lt. Femoral Lateral Epicn": [0.09908667951822281, -0.5234414935112, -0.006279164459556341], "Lt. Femoral Medial Epicn": [-0.0003592302673496306, -0.5014552474021912, -0.04586794972419739], "Lt. Gonion": [0.13071002066135406, 0.522936999797821, 0.1160576194524765], "Lt. Humeral Lateral Epicn": [0.28224241733551025, 0.10566706955432892, -0.03873272240161896], "Lt. Humeral Medial Epicn": [0.21657945215702057, 0.08138062804937363, -0.01974174566566944], "Lt. Iliocristale": [0.16925467550754547, 0.045188143849372864, 0.05815757066011429], "Lt. Infraorbitale": [0.10413925349712372, 0.5435634851455688, 0.18964263796806335], "Lt. Knee Crease": [0.06168824061751366, -0.5010099411010742, -0.06151111423969269], "Lt. Lateral Malleolus": [0.05226099491119385, -0.8515675067901611, -0.10211770981550217], "Lt. Medial Malleolus": [-0.011955277994275093, -0.8476046919822693, -0.10699305683374405], "Lt. Metacarpal Phal. II": [0.3440251350402832, -0.2095320075750351, -0.009509210474789143], "Lt. Metacarpal Phal. V": [0.328666090965271, -0.20267532765865326, -0.06835989654064178], "Lt. Metatarsal Phal. I": [-0.025932861492037773, -0.9074268341064453, 0.04200616478919983], "Lt. Metatarsal Phal. V": [0.04828490689396858, -0.9096894860267639, 0.022185634821653366], "Lt. Olecranon": [0.2363767772912979, 0.0873187854886055, -0.04356739670038223], "Lt. PSIS": [0.08952566236257553, -0.044009119272232056, -0.09249551594257355], "Lt. Radial Styloid": [0.30033642053604126, -0.1252691000699997, -0.009450126439332962], "Lt. Radiale": [0.27663782238960266, 0.08471154421567917, -0.04555313289165497], "Lt. Sphyrion": [-0.012315250001847744, -0.8675340414047241, -0.10538452863693237], "Lt. Thelion/Bustpoint": [0.14068903028964996, 0.20108690857887268, 0.1448035091161728], "Lt. Tragion": [0.14333389699459076, 0.5657926797866821, 0.11209035664796829], "Lt. Trochanterion": [0.18794836103916168, -0.1390770822763443, 0.055931609123945236], "Lt. Ulnar Styloid": [0.3105238676071167, -0.12501907348632812, -0.05637163668870926], "Nuchale": [0.08532525599002838, 0.5874055027961731, 0.028241373598575592], "Rt. 10th Rib": [-0.0631350576877594, 0.0824800655245781, 0.08498072624206543], "Rt. ASIS": [-0.1024167463183403, -0.023780090734362602, 0.07689941674470901], "Rt. Acromion": [-0.13205605745315552, 0.38981321454048157, 0.03533052280545235], "Rt. Axilla, Ant.": [-0.09402299672365189, 0.3140641748905182, 0.05164461210370064], "Rt. Axilla, Post.": [-0.08562968671321869, 0.281032532453537, -0.041904740035533905], "Rt. Calcaneous, Post.": [-0.19195885956287384, -0.26931706070899963, -0.2465665489435196], "Rt. Clavicale": [0.03465994447469711, 0.38118690252304077, 0.1051357090473175], "Rt. Dactylion": [-0.3334691524505615, -0.2349313646554947, -0.02238483354449272], "Rt. Digit II": [-0.21806369721889496, -0.44124165177345276, -0.27118152379989624], "Rt. Femoral Lateral Epicn": [-0.21116457879543304, -0.44937804341316223, 0.10306572914123535], "Rt. Femoral Medial Epicn": [-0.07758194208145142, -0.47095388174057007, 0.08182799071073532], "Rt. Gonion": [0.015463026240468025, 0.5257109999656677, 0.10145216435194016], "Rt. Humeral Lateral Epicn": [-0.20134028792381287, 0.14553090929985046, -0.042720481753349304], "Rt. Humeral Medial Epicn": [-0.13691149652004242, 0.10993902385234833, -0.02257431298494339], "Rt. Iliocristale": [-0.11985383927822113, 0.03687993437051773, 0.034849733114242554], "Rt. Infraorbitale": [0.03168228268623352, 0.5405951142311096, 0.1838405728340149], "Rt. Knee Crease": [-0.11041836440563202, -0.40150177478790283, 0.038596998900175095], "Rt. Lateral Malleolus": [-0.22708512842655182, -0.3273680806159973, -0.210805281996727], "Rt. Medial Malleolus": [-0.16679586470127106, -0.34154632687568665, -0.2108827829360962], "Rt. Metacarpal Phal. II": [-0.3153161108493805, -0.14878450334072113, 0.00297259958460927], "Rt. Metacarpal Phal. V": [-0.30392327904701233, -0.15571941435337067, -0.05619484558701515], "Rt. Metatarsal Phal. I": [-0.15342262387275696, -0.4440115690231323, -0.26548221707344055], "Rt. Metatarsal Phal. V": [-0.230694979429245, -0.4374695420265198, -0.2846289575099945], "Rt. Olecranon": [-0.16344662010669708, 0.12022614479064941, -0.0554659478366375], "Rt. PSIS": [-0.024854490533471107, -0.046900514513254166, -0.10335890203714371], "Rt. Radial Styloid": [-0.2737430930137634, -0.07408156245946884, 0.008244825527071953], "Rt. Radiale": [-0.2038569301366806, 0.12603700160980225, -0.04966651275753975], "Rt. Sphyrion": [-0.1680513471364975, -0.3406790792942047, -0.23217159509658813], "Rt. Thelion/Bustpoint": [-0.05290374159812927, 0.21859557926654816, 0.13142429292201996], "Rt. Tragion": [0.005397476721554995, 0.573524534702301, 0.10008552670478821], "Rt. Trochanterion": [-0.17131522297859192, -0.12316469848155975, 0.026788635179400444], "Rt. Ulnar Styloid": [-0.28940197825431824, -0.07082215696573257, -0.04807037487626076], "Sellion": [0.06276734918355942, 0.56209397315979, 0.20689502358436584], "Substernale": [0.03585771098732948, 0.15126177668571472, 0.12856926023960114], "Supramenton": [0.06142353639006615, 0.48033520579338074, 0.17852218449115753], "Suprasternale": [0.058350447565317154, 0.3526321351528168, 0.11774304509162903], "Waist, Preferred, Post.": [0.03344724699854851, -0.04730064421892166, -0.09951383620500565]}