{"10th Rib Midspine": [0.07943162322044373, 0.24518506228923798, -0.19256924092769623], "Cervicale": [0.07304178178310394, 0.5779048800468445, -0.12200852483510971], "Lt. 10th Rib": [0.1819426268339157, 0.1723814159631729, -0.02957099676132202], "Lt. ASIS": [0.19692304730415344, 0.06587603688240051, -0.04404139891266823], "Lt. Acromion": [0.27982547879219055, 0.46395671367645264, -0.055501725524663925], "Lt. Axilla, Ant.": [0.24496646225452423, 0.3713255524635315, -0.06827647984027863], "Lt. Axilla, Post.": [0.2762399911880493, 0.3697923719882965, -0.1711656153202057], "Lt. Calcaneous, Post.": [0.029728149995207787, -0.8168039321899414, -0.25896844267845154], "Lt. Clavicale": [0.0998842641711235, 0.47578319907188416, -0.029748832806944847], "Lt. Dactylion": [0.42128127813339233, -0.15422770380973816, -0.12388762086629868], "Lt. Digit II": [0.06077264994382858, -0.8512677550315857, -0.04264472797513008], "Lt. Femoral Lateral Epicn": [0.16080959141254425, -0.4276334345340729, -0.17325979471206665], "Lt. Femoral Medial Epicn": [0.04850228130817413, -0.40683451294898987, -0.20467761158943176], "Lt. Gonion": [0.12807011604309082, 0.624748170375824, -0.01908421330153942], "Lt. Humeral Lateral Epicn": [0.3816418945789337, 0.22308608889579773, -0.12894590198993683], "Lt. Humeral Medial Epicn": [0.3460228145122528, 0.21283572912216187, -0.19275625050067902], "Lt. Iliocristale": [0.2165038138628006, 0.14240381121635437, -0.06190077215433121], "Lt. Infraorbitale": [0.09768293797969818, 0.6466838121414185, 0.055058564990758896], "Lt. Knee Crease": [0.11165913194417953, -0.4093188941478729, -0.23179516196250916], "Lt. Lateral Malleolus": [0.07259967178106308, -0.7830590605735779, -0.20486362278461456], "Lt. Medial Malleolus": [0.009463668800890446, -0.7749596238136292, -0.1946967989206314], "Lt. Metacarpal Phal. II": [0.42903926968574524, -0.073789082467556, -0.10418044775724411], "Lt. Metacarpal Phal. V": [0.412751168012619, -0.07511691749095917, -0.1624051034450531], "Lt. Metatarsal Phal. I": [0.024400323629379272, -0.8410010933876038, -0.04422202333807945], "Lt. Metatarsal Phal. V": [0.08753705024719238, -0.8342435359954834, -0.07985754311084747], "Lt. Olecranon": [0.37628695368766785, 0.22004711627960205, -0.17972861230373383], "Lt. PSIS": [0.13699640333652496, 0.07661919295787811, -0.2612093389034271], "Lt. Radial Styloid": [0.39776501059532166, 0.013126073405146599, -0.12297002971172333], "Lt. Radiale": [0.38811177015304565, 0.20358780026435852, -0.14312686026096344], "Lt. Sphyrion": [0.0060609132051467896, -0.7932257056236267, -0.18767404556274414], "Lt. Thelion/Bustpoint": [0.17531676590442657, 0.27950435876846313, 0.020051946863532066], "Lt. Tragion": [0.1307794153690338, 0.6682784557342529, -0.02239396795630455], "Lt. Trochanterion": [0.2387906163930893, -0.031529076397418976, -0.10715791583061218], "Lt. Ulnar Styloid": [0.421640008687973, 0.008511723019182682, -0.16287781298160553], "Nuchale": [0.06979237496852875, 0.6642075181007385, -0.10955139994621277], "Rt. 10th Rib": [-0.039998795837163925, 0.18574054539203644, -0.0283365361392498], "Rt. ASIS": [-0.08046446740627289, 0.0980980396270752, -0.055969465523958206], "Rt. Acromion": [-0.13483671844005585, 0.466842919588089, -0.07200904935598373], "Rt. Axilla, Ant.": [-0.09771505743265152, 0.38246652483940125, -0.07701202481985092], "Rt. Axilla, Post.": [-0.11984679847955704, 0.36696550250053406, -0.17821545898914337], "Rt. Calcaneous, Post.": [-0.20589694380760193, -0.21525518596172333, -0.4624808430671692], "Rt. Clavicale": [0.043505582958459854, 0.4733392000198364, -0.0294863972812891], "Rt. Dactylion": [-0.403970330953598, -0.09709730744361877, -0.13612841069698334], "Rt. Digit II": [-0.2210172414779663, -0.3400743901729584, -0.4971122443675995], "Rt. Femoral Lateral Epicn": [-0.29618215560913086, -0.28558507561683655, -0.08939729630947113], "Rt. Femoral Medial Epicn": [-0.16833597421646118, -0.3473111093044281, -0.08672625571489334], "Rt. Gonion": [0.005849884822964668, 0.6133256554603577, -0.028680728748440742], "Rt. Humeral Lateral Epicn": [-0.273663729429245, 0.2537377178668976, -0.16433316469192505], "Rt. Humeral Medial Epicn": [-0.2114030420780182, 0.21264152228832245, -0.18314041197299957], "Rt. Iliocristale": [-0.10396451503038406, 0.15992951393127441, -0.0939943715929985], "Rt. Infraorbitale": [0.028730442747473717, 0.6339318752288818, 0.05041281133890152], "Rt. Knee Crease": [-0.17867432534694672, -0.2823284864425659, -0.12637503445148468], "Rt. Lateral Malleolus": [-0.2619086802005768, -0.2482338845729828, -0.4252358376979828], "Rt. Medial Malleolus": [-0.20861013233661652, -0.2743205428123474, -0.4178943336009979], "Rt. Metacarpal Phal. II": [-0.4061710834503174, -0.020703544840216637, -0.11580526828765869], "Rt. Metacarpal Phal. V": [-0.3932543694972992, -0.017831627279520035, -0.1841294914484024], "Rt. Metatarsal Phal. I": [-0.2044001668691635, -0.34244006872177124, -0.4669460356235504], "Rt. Metatarsal Phal. V": [-0.2620335817337036, -0.3296479880809784, -0.498475044965744], "Rt. Olecranon": [-0.24844059348106384, 0.23112545907497406, -0.19767609238624573], "Rt. PSIS": [0.01159838680177927, 0.091395303606987, -0.26943787932395935], "Rt. Radial Styloid": [-0.36463791131973267, 0.05910513922572136, -0.12109474837779999], "Rt. Radiale": [-0.28118985891342163, 0.2351003885269165, -0.17657530307769775], "Rt. Sphyrion": [-0.20330338180065155, -0.2778054177761078, -0.43468281626701355], "Rt. Thelion/Bustpoint": [-0.03636404499411583, 0.28274476528167725, 0.0011286239605396986], "Rt. Tragion": [-0.005488142371177673, 0.656044065952301, -0.034793250262737274], "Rt. Trochanterion": [-0.16517502069473267, 0.023285353556275368, -0.15492336452007294], "Rt. Ulnar Styloid": [-0.38143065571784973, 0.059136003255844116, -0.17341433465480804], "Sellion": [0.056878723204135895, 0.6640236973762512, 0.07034339755773544], "Substernale": [0.06649765372276306, 0.2355743795633316, 0.002838011598214507], "Supramenton": [0.06544207781553268, 0.5768854022026062, 0.050194550305604935], "Suprasternale": [0.0697501078248024, 0.44489550590515137, -0.019299671053886414], "Waist, Preferred, Post.": [0.07472191005945206, 0.08260279893875122, -0.2679082751274109]}