{"10th Rib Midspine": [0.12169632315635681, 0.2635149657726288, -0.008456861600279808], "Cervicale": [0.12149950861930847, 0.6010648608207703, 0.1725163757801056], "Lt. 10th Rib": [0.24599593877792358, 0.15753088891506195, 0.14374685287475586], "Lt. ASIS": [0.24352936446666718, 0.06639746576547623, 0.11552660912275314], "Lt. Acromion": [0.3707703948020935, 0.46326136589050293, 0.16922076046466827], "Lt. Axilla, Ant.": [0.3128132224082947, 0.3659778833389282, 0.14754648506641388], "Lt. Axilla, Post.": [0.33137932419776917, 0.3879830837249756, 0.016124999150633812], "Lt. Calcaneous, Post.": [0.11280541867017746, -0.8884716629981995, -0.101250059902668], "Lt. Clavicale": [0.15525946021080017, 0.4548708200454712, 0.2559964656829834], "Lt. Dactylion": [0.6440895795822144, -0.1511644870042801, 0.05446099862456322], "Lt. Digit II": [0.10826794803142548, -0.9151000380516052, 0.14024682343006134], "Lt. Femoral Lateral Epicn": [0.2078014761209488, -0.4590279459953308, 0.0008731632260605693], "Lt. Femoral Medial Epicn": [0.10592668503522873, -0.4467957615852356, -0.028325466439127922], "Lt. Gonion": [0.19410718977451324, 0.6289244890213013, 0.2861793637275696], "Lt. Humeral Lateral Epicn": [0.5056095123291016, 0.2627183794975281, 0.036710117012262344], "Lt. Humeral Medial Epicn": [0.44313475489616394, 0.2210260033607483, -0.020657913759350777], "Lt. Iliocristale": [0.2811359465122223, 0.146476149559021, 0.09577799588441849], "Lt. Infraorbitale": [0.16526655852794647, 0.6596230268478394, 0.3710823953151703], "Lt. Knee Crease": [0.16493822634220123, -0.4371122419834137, -0.05689946562051773], "Lt. Lateral Malleolus": [0.14350026845932007, -0.8481875061988831, -0.029462110251188278], "Lt. Medial Malleolus": [0.07032493501901627, -0.8409266471862793, -0.026304570958018303], "Lt. Metacarpal Phal. II": [0.6169543266296387, -0.05711444094777107, 0.08782488852739334], "Lt. Metacarpal Phal. V": [0.6283493638038635, -0.0769958645105362, -0.0035360499750822783], "Lt. Metatarsal Phal. I": [0.07547764480113983, -0.9121445417404175, 0.1378391683101654], "Lt. Metatarsal Phal. V": [0.15551094710826874, -0.9094057679176331, 0.1024945005774498], "Lt. Olecranon": [0.47394609451293945, 0.24785828590393066, -0.020612703636288643], "Lt. PSIS": [0.1667373925447464, 0.09239411354064941, -0.07960953563451767], "Lt. Radial Styloid": [0.5629374980926514, 0.02018263377249241, 0.03792520985007286], "Lt. Radiale": [0.5104395151138306, 0.24296824634075165, 0.020715240389108658], "Lt. Sphyrion": [0.07164120674133301, -0.8663625717163086, -0.021949557587504387], "Lt. Thelion/Bustpoint": [0.23860298097133636, 0.25426626205444336, 0.23753030598163605], "Lt. Tragion": [0.2026175558567047, 0.6785582304000854, 0.2893208861351013], "Lt. Trochanterion": [0.27866899967193604, -0.04067046195268631, 0.04999975860118866], "Lt. Ulnar Styloid": [0.6077303290367126, 0.026825236156582832, -0.0025329876225441694], "Nuchale": [0.12385093420743942, 0.6923619508743286, 0.19052466750144958], "Rt. 10th Rib": [0.0010054982267320156, 0.15838484466075897, 0.1503080427646637], "Rt. ASIS": [-0.026177428662776947, 0.06281862407922745, 0.11700930446386337], "Rt. Acromion": [-0.13277144730091095, 0.47199955582618713, 0.1655706912279129], "Rt. Axilla, Ant.": [-0.07613461464643478, 0.38240864872932434, 0.1577243059873581], "Rt. Axilla, Post.": [-0.10281503200531006, 0.37736520171165466, 0.02779688686132431], "Rt. Calcaneous, Post.": [-0.16858375072479248, -0.262328565120697, -0.40920746326446533], "Rt. Clavicale": [0.08080955594778061, 0.4550207555294037, 0.2532294690608978], "Rt. Dactylion": [-0.4771619141101837, -0.1204785481095314, 0.07890245318412781], "Rt. Digit II": [-0.18106798827648163, -0.41684862971305847, -0.3675578534603119], "Rt. Femoral Lateral Epicn": [-0.17467623949050903, -0.3640446066856384, 0.01795129105448723], "Rt. Femoral Medial Epicn": [-0.05979717895388603, -0.39768487215042114, -0.009669075720012188], "Rt. Gonion": [0.05384236201643944, 0.6252884864807129, 0.2838428318500519], "Rt. Humeral Lateral Epicn": [-0.2922760248184204, 0.27430176734924316, 0.06370986998081207], "Rt. Humeral Medial Epicn": [-0.22485046088695526, 0.2076672613620758, 0.025218671187758446], "Rt. Iliocristale": [-0.060692381113767624, 0.13919885456562042, 0.08691129833459854], "Rt. Infraorbitale": [0.08736566454172134, 0.6521667242050171, 0.36896049976348877], "Rt. Knee Crease": [-0.08878500014543533, -0.338655024766922, -0.016943395137786865], "Rt. Lateral Malleolus": [-0.2025679349899292, -0.3101517856121063, -0.35278797149658203], "Rt. Medial Malleolus": [-0.1404583752155304, -0.3312610685825348, -0.35677483677864075], "Rt. Metacarpal Phal. II": [-0.45191338658332825, -0.026879405602812767, 0.10404971987009048], "Rt. Metacarpal Phal. V": [-0.44510871171951294, -0.030602356418967247, 0.039608146995306015], "Rt. Metatarsal Phal. I": [-0.15618710219860077, -0.41866573691368103, -0.37199243903160095], "Rt. Metatarsal Phal. V": [-0.23244936764240265, -0.4201295077800751, -0.41350579261779785], "Rt. Olecranon": [-0.26420703530311584, 0.2509912848472595, 0.01200709119439125], "Rt. PSIS": [0.06178402528166771, 0.09718191623687744, -0.08332609385251999], "Rt. Radial Styloid": [-0.3815940022468567, 0.03671959787607193, 0.10351131856441498], "Rt. Radiale": [-0.29571330547332764, 0.2549925446510315, 0.05100318789482117], "Rt. Sphyrion": [-0.1436273157596588, -0.3350885510444641, -0.3750258684158325], "Rt. Thelion/Bustpoint": [-0.008000094443559647, 0.25675374269485474, 0.23150154948234558], "Rt. Tragion": [0.04596584290266037, 0.6808937191963196, 0.2873559892177582], "Rt. Trochanterion": [-0.09423014521598816, -0.014345409348607063, 0.045975830405950546], "Rt. Ulnar Styloid": [-0.41522496938705444, 0.05204767733812332, 0.04425247758626938], "Sellion": [0.13203348219394684, 0.674793541431427, 0.38863274455070496], "Substernale": [0.11092523485422134, 0.20700137317180634, 0.2202008068561554], "Supramenton": [0.12156344950199127, 0.5767676830291748, 0.3660951554775238], "Suprasternale": [0.11400987207889557, 0.431240051984787, 0.2602260708808899], "Waist, Preferred, Post.": [0.11732624471187592, 0.09439539909362793, -0.0843721479177475]}