{"10th Rib Midspine": [0.11546209454536438, 0.25216665863990784, -0.21742548048496246], "Cervicale": [0.12159982323646545, 0.5809640288352966, -0.17361144721508026], "Lt. 10th Rib": [0.18881042301654816, 0.17897199094295502, -0.04492809250950813], "Lt. ASIS": [0.2035045325756073, 0.06102750077843666, -0.06498706340789795], "Lt. Acromion": [0.24300408363342285, 0.6086034774780273, -0.14232131838798523], "Lt. Axilla, Ant.": [0.27409759163856506, 0.5250642895698547, -0.085021011531353], "Lt. Axilla, Post.": [0.3469296097755432, 0.5633643865585327, -0.10574798285961151], "Lt. Calcaneous, Post.": [0.04334161803126335, -0.812545657157898, -0.3314827084541321], "Lt. Clavicale": [0.13476218283176422, 0.505003035068512, -0.06322632730007172], "Lt. Dactylion": [0.09923649579286575, 1.0076488256454468, -0.04507966339588165], "Lt. Digit II": [0.06878717243671417, -0.8384444713592529, -0.11024169623851776], "Lt. Femoral Lateral Epicn": [0.183700293302536, -0.42909350991249084, -0.21860843896865845], "Lt. Femoral Medial Epicn": [0.07908033579587936, -0.4063580334186554, -0.26557520031929016], "Lt. Gonion": [0.18134544789791107, 0.6295919418334961, -0.07741430401802063], "Lt. Humeral Lateral Epicn": [0.40043243765830994, 0.7651445269584656, -0.0764080062508583], "Lt. Humeral Medial Epicn": [0.4061873257160187, 0.7520360946655273, -0.012293891981244087], "Lt. Iliocristale": [0.2264041155576706, 0.1379552036523819, -0.07250931113958359], "Lt. Infraorbitale": [0.16006939113140106, 0.6526179313659668, 0.0007534135947935283], "Lt. Knee Crease": [0.1406436711549759, -0.4063151180744171, -0.282227098941803], "Lt. Lateral Malleolus": [0.08557435125112534, -0.775365948677063, -0.2804408073425293], "Lt. Medial Malleolus": [0.0227197278290987, -0.7647486329078674, -0.2682822346687317], "Lt. Metacarpal Phal. II": [0.18574932217597961, 0.9801568984985352, -0.06717279553413391], "Lt. Metacarpal Phal. V": [0.1858460009098053, 0.9653623104095459, -0.013340391218662262], "Lt. Metatarsal Phal. I": [0.04740877449512482, -0.8343865871429443, -0.12156886607408524], "Lt. Metatarsal Phal. V": [0.1190888062119484, -0.8410292863845825, -0.1628069430589676], "Lt. Olecranon": [0.4306819438934326, 0.7678908705711365, -0.028847748413681984], "Lt. PSIS": [0.1852438896894455, 0.08766046166419983, -0.2820865511894226], "Lt. Radial Styloid": [0.25191131234169006, 0.9073680639266968, -0.06220058351755142], "Lt. Radiale": [0.40546831488609314, 0.7857174277305603, -0.06563141942024231], "Lt. Sphyrion": [0.019323192536830902, -0.7890440225601196, -0.26168346405029297], "Lt. Thelion/Bustpoint": [0.19610129296779633, 0.3334011435508728, 0.0006224985118024051], "Lt. Tragion": [0.18633316457271576, 0.676225483417511, -0.08031609654426575], "Lt. Trochanterion": [0.2595394253730774, -0.029024051502346992, -0.12011232227087021], "Lt. Ulnar Styloid": [0.26522499322891235, 0.9305548667907715, -0.023171890527009964], "Nuchale": [0.11646481603384018, 0.6718457937240601, -0.15979067981243134], "Rt. 10th Rib": [-0.023045480251312256, 0.1938014179468155, -0.07419096678495407], "Rt. ASIS": [-0.05869525298476219, 0.08992207050323486, -0.1256856471300125], "Rt. Acromion": [0.0058190287090837955, 0.6185722947120667, -0.15025269985198975], "Rt. Axilla, Ant.": [-0.04445303976535797, 0.5235449075698853, -0.10730072110891342], "Rt. Axilla, Post.": [-0.11599493771791458, 0.5786076784133911, -0.14211079478263855], "Rt. Calcaneous, Post.": [0.0706879273056984, -0.31943315267562866, -0.24129968881607056], "Rt. Clavicale": [0.0851455107331276, 0.5098742246627808, -0.06249330937862396], "Rt. Dactylion": [0.13116611540317535, 1.0043193101882935, -0.03312528878450394], "Rt. Digit II": [0.04255306348204613, -0.552507221698761, -0.27098536491394043], "Rt. Femoral Lateral Epicn": [-0.31183138489723206, -0.2181377410888672, -0.13760052621364594], "Rt. Femoral Medial Epicn": [-0.23259377479553223, -0.253733366727829, -0.049125786870718], "Rt. Gonion": [0.05917317047715187, 0.6200939416885376, -0.0741196945309639], "Rt. Humeral Lateral Epicn": [-0.1765979677438736, 0.785441517829895, -0.12319979071617126], "Rt. Humeral Medial Epicn": [-0.17570742964744568, 0.7653822302818298, -0.0567307323217392], "Rt. Iliocristale": [-0.07357671111822128, 0.15836893022060394, -0.15633562207221985], "Rt. Infraorbitale": [0.08933544158935547, 0.6409333348274231, 0.002173342276364565], "Rt. Knee Crease": [-0.2809566259384155, -0.20618893206119537, -0.15444622933864594], "Rt. Lateral Malleolus": [-0.0035660972353070974, -0.3602338433265686, -0.2629821300506592], "Rt. Medial Malleolus": [0.012292221188545227, -0.37828612327575684, -0.20773866772651672], "Rt. Metacarpal Phal. II": [0.05050458386540413, 0.9857257008552551, -0.08657953143119812], "Rt. Metacarpal Phal. V": [0.03958772122859955, 0.9797977209091187, -0.024902012199163437], "Rt. Metatarsal Phal. I": [0.03510547801852226, -0.5323396921157837, -0.23510660231113434], "Rt. Metatarsal Phal. V": [0.03287268802523613, -0.4999082684516907, -0.30263304710388184], "Rt. Olecranon": [-0.21206067502498627, 0.7866904139518738, -0.08138000220060349], "Rt. PSIS": [0.0630435198545456, 0.09618238359689713, -0.31843140721321106], "Rt. Radial Styloid": [-0.018136631697416306, 0.9298068881034851, -0.09204188734292984], "Rt. Radiale": [-0.18314702808856964, 0.804884135723114, -0.11306817084550858], "Rt. Sphyrion": [0.02339351363480091, -0.38776451349258423, -0.21325315535068512], "Rt. Thelion/Bustpoint": [-0.010906565934419632, 0.3444633483886719, -0.025145919993519783], "Rt. Tragion": [0.049460940062999725, 0.6669822931289673, -0.08260244131088257], "Rt. Trochanterion": [-0.12452856451272964, 0.029805326834321022, -0.24930228292942047], "Rt. Ulnar Styloid": [-0.0384635254740715, 0.9520493149757385, -0.051400281488895416], "Sellion": [0.12015333026647568, 0.671432614326477, 0.019921177998185158], "Substernale": [0.08655058592557907, 0.28095659613609314, -0.026127664372324944], "Supramenton": [0.12393657118082047, 0.5853523015975952, -0.0003528197994455695], "Suprasternale": [0.10349700599908829, 0.4776957333087921, -0.04973776638507843], "Waist, Preferred, Post.": [0.12274493277072906, 0.09137728810310364, -0.3022027015686035]}