{"10th Rib Midspine": [0.03839022293686867, 0.2647620737552643, -0.14440672099590302], "Cervicale": [0.04106694832444191, 0.6243590712547302, -0.07800952345132828], "Lt. 10th Rib": [0.15695974230766296, 0.22207342088222504, 0.01495249941945076], "Lt. ASIS": [0.16750173270702362, 0.09959487617015839, 0.013551403768360615], "Lt. Acromion": [0.29775604605674744, 0.506252646446228, -0.022388851270079613], "Lt. Axilla, Ant.": [0.22763566672801971, 0.4219568967819214, -0.01959393359720707], "Lt. Axilla, Post.": [0.24815350770950317, 0.40014466643333435, -0.13032101094722748], "Lt. Calcaneous, Post.": [0.15076513588428497, -0.8799029588699341, -0.27566152811050415], "Lt. Clavicale": [0.08053985238075256, 0.5225056409835815, 0.02775317057967186], "Lt. Dactylion": [0.40872442722320557, -0.17610614001750946, 0.03452889248728752], "Lt. Digit II": [0.2200024425983429, -0.9033263325691223, -0.03303894028067589], "Lt. Femoral Lateral Epicn": [0.2083388864994049, -0.43520644307136536, -0.1645106077194214], "Lt. Femoral Medial Epicn": [0.09978646785020828, -0.43370696902275085, -0.17147746682167053], "Lt. Gonion": [0.11145193129777908, 0.6915802359580994, 0.0346863716840744], "Lt. Humeral Lateral Epicn": [0.3810024559497833, 0.2476712167263031, -0.09347564727067947], "Lt. Humeral Medial Epicn": [0.3161456286907196, 0.21231836080551147, -0.13385885953903198], "Lt. Iliocristale": [0.18606188893318176, 0.19074253737926483, -0.013931061141192913], "Lt. Infraorbitale": [0.08653464913368225, 0.718932032585144, 0.11088962107896805], "Lt. Knee Crease": [0.1482934206724167, -0.41287028789520264, -0.20709380507469177], "Lt. Lateral Malleolus": [0.19593706727027893, -0.8315523862838745, -0.21227702498435974], "Lt. Medial Malleolus": [0.1278417706489563, -0.8413220643997192, -0.19085443019866943], "Lt. Metacarpal Phal. II": [0.4464096128940582, -0.0890888199210167, 0.030888572335243225], "Lt. Metacarpal Phal. V": [0.44242072105407715, -0.1040860116481781, -0.029020221903920174], "Lt. Metatarsal Phal. I": [0.18967615067958832, -0.9051194787025452, -0.038048338145017624], "Lt. Metatarsal Phal. V": [0.22851917147636414, -0.8889546394348145, -0.08662121742963791], "Lt. Olecranon": [0.3477875292301178, 0.22811485826969147, -0.14039617776870728], "Lt. PSIS": [0.09306236356496811, 0.1016724705696106, -0.16724003851413727], "Lt. Radial Styloid": [0.39920520782470703, -0.003678636159747839, -0.017290782183408737], "Lt. Radiale": [0.3819796144962311, 0.22821398079395294, -0.09927012771368027], "Lt. Sphyrion": [0.13183633983135223, -0.8622569441795349, -0.18821072578430176], "Lt. Thelion/Bustpoint": [0.14870381355285645, 0.35929691791534424, 0.04334107041358948], "Lt. Tragion": [0.12061715871095657, 0.741166353225708, 0.030037714168429375], "Lt. Trochanterion": [0.21261315047740936, -0.014510015025734901, -0.04572855308651924], "Lt. Ulnar Styloid": [0.436766117811203, -0.0012497396674007177, -0.05000045895576477], "Nuchale": [0.04525106027722359, 0.7456921339035034, -0.06560063362121582], "Rt. 10th Rib": [-0.06427889317274094, 0.22975416481494904, 0.026970000937581062], "Rt. ASIS": [-0.08634117245674133, 0.092314712703228, 0.01774609461426735], "Rt. Acromion": [-0.20563513040542603, 0.5189158916473389, -0.021169234067201614], "Rt. Axilla, Ant.": [-0.14124330878257751, 0.43837738037109375, -0.009027626365423203], "Rt. Axilla, Post.": [-0.17164571583271027, 0.40891796350479126, -0.1284167319536209], "Rt. Calcaneous, Post.": [-0.12745097279548645, -0.8730872869491577, -0.2922440767288208], "Rt. Clavicale": [0.006521915551275015, 0.5241211652755737, 0.03083069995045662], "Rt. Dactylion": [-0.37620896100997925, -0.1529654860496521, 0.04423957318067551], "Rt. Digit II": [-0.20072881877422333, -0.9050981402397156, -0.02680700644850731], "Rt. Femoral Lateral Epicn": [-0.17970305681228638, -0.42143169045448303, -0.18574008345603943], "Rt. Femoral Medial Epicn": [-0.07116396725177765, -0.4282837510108948, -0.1973937451839447], "Rt. Gonion": [-0.020225513726472855, 0.6885690093040466, 0.03534321486949921], "Rt. Humeral Lateral Epicn": [-0.31918010115623474, 0.2670787274837494, -0.08432243019342422], "Rt. Humeral Medial Epicn": [-0.24896584451198578, 0.2166215181350708, -0.1258353441953659], "Rt. Iliocristale": [-0.11295931786298752, 0.17596228420734406, -0.01740572601556778], "Rt. Infraorbitale": [0.009632322005927563, 0.7123582363128662, 0.1145273894071579], "Rt. Knee Crease": [-0.1201530396938324, -0.4055103063583374, -0.22849421203136444], "Rt. Lateral Malleolus": [-0.1760072410106659, -0.8282552361488342, -0.2281782478094101], "Rt. Medial Malleolus": [-0.10629459470510483, -0.8325019478797913, -0.20302057266235352], "Rt. Metacarpal Phal. II": [-0.4006809592247009, -0.059293702244758606, 0.04409688338637352], "Rt. Metacarpal Phal. V": [-0.3856087625026703, -0.07705436646938324, -0.020975247025489807], "Rt. Metatarsal Phal. I": [-0.1567346155643463, -0.8951044678688049, -0.043369993567466736], "Rt. Metatarsal Phal. V": [-0.22591198980808258, -0.8959630131721497, -0.09509571641683578], "Rt. Olecranon": [-0.3000749349594116, 0.24578896164894104, -0.1334478110074997], "Rt. PSIS": [-0.008231394924223423, 0.1056658923625946, -0.16606919467449188], "Rt. Radial Styloid": [-0.3422400653362274, 0.01758669875562191, 0.01666751131415367], "Rt. Radiale": [-0.3225163519382477, 0.24567483365535736, -0.0918492004275322], "Rt. Sphyrion": [-0.10803202539682388, -0.8562479019165039, -0.20148076117038727], "Rt. Thelion/Bustpoint": [-0.0633513331413269, 0.3656162619590759, 0.03912607580423355], "Rt. Tragion": [-0.03055397793650627, 0.7393550872802734, 0.030073845759034157], "Rt. Trochanterion": [-0.14913345873355865, -0.00039069438935257494, -0.05288590118288994], "Rt. Ulnar Styloid": [-0.37685978412628174, 0.010998314246535301, -0.036597102880477905], "Sellion": [0.04292267560958862, 0.7391558885574341, 0.13423098623752594], "Substernale": [0.0426662415266037, 0.29972490668296814, 0.05658084526658058], "Supramenton": [0.045969270169734955, 0.6375195980072021, 0.11416224390268326], "Suprasternale": [0.042032673954963684, 0.5012560486793518, 0.03657129034399986], "Waist, Preferred, Post.": [0.04137905687093735, 0.10241537541151047, -0.16696566343307495]}