{"10th Rib Midspine": [0.06279918551445007, 0.1379852294921875, -0.1587977260351181], "Cervicale": [0.07914063334465027, 0.47743985056877136, -0.12253466993570328], "Lt. 10th Rib": [0.1767836958169937, 0.07638075202703476, 0.014277675189077854], "Lt. ASIS": [0.18623526394367218, -0.02110408805310726, 0.017965061590075493], "Lt. Acromion": [0.26671263575553894, 0.36772558093070984, -0.04622980207204819], "Lt. Axilla, Ant.": [0.2457149624824524, 0.26772740483283997, -0.03328331932425499], "Lt. Axilla, Post.": [0.24531982839107513, 0.24980413913726807, -0.15297292172908783], "Lt. Calcaneous, Post.": [0.0239864494651556, -0.8817035555839539, -0.23628562688827515], "Lt. Clavicale": [0.09298927336931229, 0.3859119713306427, -0.001083324896171689], "Lt. Dactylion": [0.3953759968280792, -0.2763194441795349, -0.13010269403457642], "Lt. Digit II": [0.023137511685490608, -0.9069477319717407, -0.0020344238728284836], "Lt. Femoral Lateral Epicn": [0.13015921413898468, -0.49503275752067566, -0.14191897213459015], "Lt. Femoral Medial Epicn": [0.018139146268367767, -0.4784681797027588, -0.18323129415512085], "Lt. Gonion": [0.13841912150382996, 0.5196369886398315, -0.01919011026620865], "Lt. Humeral Lateral Epicn": [0.35186272859573364, 0.1137675791978836, -0.10944138467311859], "Lt. Humeral Medial Epicn": [0.2806093692779541, 0.08909659832715988, -0.1362958699464798], "Lt. Iliocristale": [0.22437329590320587, 0.047847941517829895, -0.020086532458662987], "Lt. Infraorbitale": [0.10474158078432083, 0.5614511966705322, 0.048611387610435486], "Lt. Knee Crease": [0.08718333393335342, -0.4775232672691345, -0.19945818185806274], "Lt. Lateral Malleolus": [0.05976423621177673, -0.8415892124176025, -0.17388129234313965], "Lt. Medial Malleolus": [-0.006863167509436607, -0.8348512053489685, -0.16945548355579376], "Lt. Metacarpal Phal. II": [0.3972865045070648, -0.19892022013664246, -0.08841491490602493], "Lt. Metacarpal Phal. V": [0.3885446786880493, -0.18781143426895142, -0.1446659415960312], "Lt. Metatarsal Phal. I": [-0.0004996134666725993, -0.9040762782096863, -0.024924185127019882], "Lt. Metatarsal Phal. V": [0.0639117881655693, -0.8986334800720215, -0.05013216286897659], "Lt. Olecranon": [0.31414592266082764, 0.09690338373184204, -0.14424826204776764], "Lt. PSIS": [0.13059653341770172, -0.007219972088932991, -0.2061959207057953], "Lt. Radial Styloid": [0.35807034373283386, -0.10849510133266449, -0.08406433463096619], "Lt. Radiale": [0.34971722960472107, 0.09340827167034149, -0.11770408600568771], "Lt. Sphyrion": [-0.009433049708604813, -0.8547534346580505, -0.16561490297317505], "Lt. Thelion/Bustpoint": [0.16480444371700287, 0.1931181699037552, 0.06873250752687454], "Lt. Tragion": [0.14441224932670593, 0.5669824481010437, -0.03089420683681965], "Lt. Trochanterion": [0.21926763653755188, -0.10190390795469284, -0.037047453224658966], "Lt. Ulnar Styloid": [0.38136738538742065, -0.10756327211856842, -0.12927688658237457], "Nuchale": [0.07940173894166946, 0.5424695014953613, -0.1268346756696701], "Rt. 10th Rib": [-0.06916318833827972, 0.10227330774068832, 0.006835595238953829], "Rt. ASIS": [-0.11710624396800995, -0.0127332154661417, -0.02099297195672989], "Rt. Acromion": [-0.13018111884593964, 0.3615056276321411, -0.07958880811929703], "Rt. Axilla, Ant.": [-0.10700622200965881, 0.2720646262168884, -0.055788371711969376], "Rt. Axilla, Post.": [-0.10133352875709534, 0.24275356531143188, -0.1843469887971878], "Rt. Calcaneous, Post.": [-0.0657440796494484, -0.277765691280365, -0.35954710841178894], "Rt. Clavicale": [0.03164186701178551, 0.38728809356689453, -0.00825060810893774], "Rt. Dactylion": [-0.28824061155319214, -0.26492711901664734, -0.11638105660676956], "Rt. Digit II": [-0.07962440699338913, -0.4137881398200989, -0.4541906714439392], "Rt. Femoral Lateral Epicn": [-0.22512435913085938, -0.41077038645744324, -0.02740403823554516], "Rt. Femoral Medial Epicn": [-0.08333447575569153, -0.44448456168174744, -0.01268684957176447], "Rt. Gonion": [0.005302611272782087, 0.5136556029319763, -0.030410701408982277], "Rt. Humeral Lateral Epicn": [-0.22854426503181458, 0.11497506499290466, -0.15917465090751648], "Rt. Humeral Medial Epicn": [-0.15218304097652435, 0.0778561532497406, -0.17406971752643585], "Rt. Iliocristale": [-0.139253631234169, 0.06315718591213226, -0.07573612779378891], "Rt. Infraorbitale": [0.0265493206679821, 0.5505279302597046, 0.04427831247448921], "Rt. Knee Crease": [-0.08849604427814484, -0.3854166269302368, -0.05641847103834152], "Rt. Lateral Malleolus": [-0.12386205792427063, -0.33100345730781555, -0.3403715193271637], "Rt. Medial Malleolus": [-0.06179821863770485, -0.3511413037776947, -0.33087268471717834], "Rt. Metacarpal Phal. II": [-0.310023695230484, -0.17909514904022217, -0.09306414425373077], "Rt. Metacarpal Phal. V": [-0.2925107181072235, -0.1817817986011505, -0.15311859548091888], "Rt. Metatarsal Phal. I": [-0.04093197360634804, -0.42529022693634033, -0.4247414469718933], "Rt. Metatarsal Phal. V": [-0.11989221721887589, -0.4141142666339874, -0.42949873208999634], "Rt. Olecranon": [-0.19365018606185913, 0.09721320867538452, -0.19255001842975616], "Rt. PSIS": [0.003917277790606022, -0.004147394094616175, -0.22722959518432617], "Rt. Radial Styloid": [-0.2775755524635315, -0.09122868627309799, -0.10317320376634598], "Rt. Radiale": [-0.23059341311454773, 0.09480667114257812, -0.16652952134609222], "Rt. Sphyrion": [-0.057545069605112076, -0.35140424966812134, -0.3522464632987976], "Rt. Thelion/Bustpoint": [-0.06385508924722672, 0.1874680072069168, 0.03856481984257698], "Rt. Tragion": [-0.00515288719907403, 0.5618753433227539, -0.04635089263319969], "Rt. Trochanterion": [-0.1815967708826065, -0.08266127854585648, -0.1038447842001915], "Rt. Ulnar Styloid": [-0.2887292504310608, -0.10501828044652939, -0.16208133101463318], "Sellion": [0.05977834388613701, 0.5805540680885315, 0.05394784361124039], "Substernale": [0.04732995480298996, 0.16439779102802277, 0.07323174923658371], "Supramenton": [0.06585364043712616, 0.48942825198173523, 0.05006469413638115], "Suprasternale": [0.059521522372961044, 0.3592977225780487, 0.014271151274442673], "Waist, Preferred, Post.": [0.07007542252540588, -0.006821361370384693, -0.21732111275196075]}