{"10th Rib Midspine": [0.09417802095413208, 0.3237936794757843, -0.5378835797309875], "Cervicale": [0.06859539449214935, 0.6819528937339783, -0.497323215007782], "Lt. 10th Rib": [0.19050154089927673, 0.25311723351478577, -0.28967344760894775], "Lt. ASIS": [0.1779324859380722, 0.15313003957271576, -0.33329546451568604], "Lt. Acromion": [0.22705523669719696, 0.714331865310669, -0.41483864188194275], "Lt. Axilla, Ant.": [0.23926618695259094, 0.6370708346366882, -0.3523755967617035], "Lt. Axilla, Post.": [0.3226945698261261, 0.6316881775856018, -0.36027663946151733], "Lt. Calcaneous, Post.": [-0.005800710059702396, -0.7887586951255798, -0.5425112843513489], "Lt. Clavicale": [0.0852755755186081, 0.6043892502784729, -0.3473958671092987], "Lt. Dactylion": [0.003188538597896695, 0.9639659523963928, -0.2815834879875183], "Lt. Digit II": [0.08350969105958939, -0.8066834807395935, -0.3092503547668457], "Lt. Femoral Lateral Epicn": [0.12069077789783478, -0.3617437779903412, -0.4417465627193451], "Lt. Femoral Medial Epicn": [0.016378046944737434, -0.34551146626472473, -0.4642414450645447], "Lt. Gonion": [0.12185400724411011, 0.7148990035057068, -0.3736974596977234], "Lt. Humeral Lateral Epicn": [0.40795862674713135, 0.7993281483650208, -0.29679161310195923], "Lt. Humeral Medial Epicn": [0.42541587352752686, 0.8011795878410339, -0.20773710310459137], "Lt. Iliocristale": [0.2177240252494812, 0.22007067501544952, -0.350918173789978], "Lt. Infraorbitale": [0.09788636863231659, 0.7551843523979187, -0.29798534512519836], "Lt. Knee Crease": [0.07249262928962708, -0.33585047721862793, -0.491482675075531], "Lt. Lateral Malleolus": [0.04817621782422066, -0.7443245649337769, -0.4871039390563965], "Lt. Medial Malleolus": [-0.018971912562847137, -0.7425882816314697, -0.4638771414756775], "Lt. Metacarpal Phal. II": [0.100619837641716, 0.940421998500824, -0.31149759888648987], "Lt. Metacarpal Phal. V": [0.10610778629779816, 0.9547352194786072, -0.24017967283725739], "Lt. Metatarsal Phal. I": [0.04460962861776352, -0.8024329543113708, -0.31991541385650635], "Lt. Metatarsal Phal. V": [0.106025330722332, -0.7888973355293274, -0.3740755319595337], "Lt. Olecranon": [0.4431343972682953, 0.8085342049598694, -0.24092209339141846], "Lt. PSIS": [0.15590502321720123, 0.17433446645736694, -0.5521048903465271], "Lt. Radial Styloid": [0.19448088109493256, 0.8850841522216797, -0.27379560470581055], "Lt. Radiale": [0.41017645597457886, 0.8162251114845276, -0.2850344181060791], "Lt. Sphyrion": [-0.017107460647821426, -0.7665563225746155, -0.4605512022972107], "Lt. Thelion/Bustpoint": [0.1576448231935501, 0.4503574073314667, -0.24936121702194214], "Lt. Tragion": [0.12080736458301544, 0.7693763375282288, -0.3814525008201599], "Lt. Trochanterion": [0.21158809959888458, 0.049142926931381226, -0.3837355971336365], "Lt. Ulnar Styloid": [0.21268145740032196, 0.9377322196960449, -0.2586376368999481], "Nuchale": [0.04400422051548958, 0.7605956792831421, -0.47860583662986755], "Rt. 10th Rib": [-0.09847741574048996, 0.26941102743148804, -0.3175828754901886], "Rt. ASIS": [-0.09228137135505676, 0.1928267478942871, -0.36978405714035034], "Rt. Acromion": [-0.10327021777629852, 0.7120800018310547, -0.44408875703811646], "Rt. Axilla, Ant.": [-0.09622442722320557, 0.617013692855835, -0.39379948377609253], "Rt. Axilla, Post.": [-0.18329519033432007, 0.5946384072303772, -0.4095712900161743], "Rt. Calcaneous, Post.": [0.0038342485204339027, -0.2620256841182709, -0.42743992805480957], "Rt. Clavicale": [0.02699749357998371, 0.6049646735191345, -0.3519075810909271], "Rt. Dactylion": [0.019385050982236862, 0.985249936580658, -0.2686004042625427], "Rt. Digit II": [-0.035481467843055725, -0.4910443127155304, -0.43503278493881226], "Rt. Femoral Lateral Epicn": [-0.3715074956417084, -0.09376818686723709, -0.30426642298698425], "Rt. Femoral Medial Epicn": [-0.30127888917922974, -0.11675751954317093, -0.2263394147157669], "Rt. Gonion": [-0.016463646665215492, 0.6998497247695923, -0.3626024127006531], "Rt. Humeral Lateral Epicn": [-0.2879551351070404, 0.7227540016174316, -0.30584245920181274], "Rt. Humeral Medial Epicn": [-0.2764403820037842, 0.6713552474975586, -0.23264990746974945], "Rt. Iliocristale": [-0.1186981201171875, 0.24248026311397552, -0.42267516255378723], "Rt. Infraorbitale": [0.024831542745232582, 0.7441301941871643, -0.28574153780937195], "Rt. Knee Crease": [-0.3255149722099304, -0.0826493352651596, -0.3205609619617462], "Rt. Lateral Malleolus": [-0.06834026426076889, -0.30197253823280334, -0.4303326904773712], "Rt. Medial Malleolus": [-0.04623766988515854, -0.3145477771759033, -0.36299648880958557], "Rt. Metacarpal Phal. II": [-0.04241999238729477, 0.9023747444152832, -0.2820448577404022], "Rt. Metacarpal Phal. V": [-0.039309706538915634, 0.9044083952903748, -0.21834281086921692], "Rt. Metatarsal Phal. I": [-0.02651320956647396, -0.4837093949317932, -0.4014403820037842], "Rt. Metatarsal Phal. V": [-0.05632534995675087, -0.4431927800178528, -0.46598607301712036], "Rt. Olecranon": [-0.3187745213508606, 0.7033986449241638, -0.25540396571159363], "Rt. PSIS": [0.036286428570747375, 0.17977450788021088, -0.574471652507782], "Rt. Radial Styloid": [-0.06949558854103088, 0.8072420358657837, -0.2575254738330841], "Rt. Radiale": [-0.28851014375686646, 0.7279852032661438, -0.28731629252433777], "Rt. Sphyrion": [-0.025710418820381165, -0.3238595128059387, -0.37597566843032837], "Rt. Thelion/Bustpoint": [-0.06968078017234802, 0.44628581404685974, -0.28589168190956116], "Rt. Tragion": [-0.02858271449804306, 0.7540672421455383, -0.3703966736793518], "Rt. Trochanterion": [-0.1516069918870926, 0.13168278336524963, -0.4492550194263458], "Rt. Ulnar Styloid": [-0.09313442558050156, 0.8357121348381042, -0.20309551060199738], "Sellion": [0.05873938649892807, 0.7841717600822449, -0.2775558531284332], "Substernale": [0.0385793074965477, 0.34636691212654114, -0.21648943424224854], "Supramenton": [0.06324012577533722, 0.6535422205924988, -0.26820269227027893], "Suprasternale": [0.05218701437115669, 0.5830409526824951, -0.33537328243255615], "Waist, Preferred, Post.": [0.08492071181535721, 0.17096063494682312, -0.5695604085922241]}