{"10th Rib Midspine": [0.06853901594877243, 0.2512902021408081, -0.037877414375543594], "Cervicale": [0.079546719789505, 0.6135737299919128, 0.031736891716718674], "Lt. 10th Rib": [0.17415301501750946, 0.1997063308954239, 0.1243724375963211], "Lt. ASIS": [0.16507112979888916, 0.08491279929876328, 0.1280967742204666], "Lt. Acromion": [0.33201462030410767, 0.48048675060272217, 0.0803641825914383], "Lt. Axilla, Ant.": [0.25602373480796814, 0.40208691358566284, 0.08450690656900406], "Lt. Axilla, Post.": [0.27532392740249634, 0.3901068866252899, -0.036015793681144714], "Lt. Calcaneous, Post.": [0.01618354395031929, -0.8830896019935608, -0.16796213388442993], "Lt. Clavicale": [0.11303196847438812, 0.5080893039703369, 0.13434164226055145], "Lt. Dactylion": [0.3874686360359192, -0.20455563068389893, 0.10418657213449478], "Lt. Digit II": [0.04302032291889191, -0.910304069519043, 0.0856398344039917], "Lt. Femoral Lateral Epicn": [0.14253219962120056, -0.45720258355140686, -0.04375968873500824], "Lt. Femoral Medial Epicn": [0.03788915276527405, -0.4363037049770355, -0.06984901428222656], "Lt. Gonion": [0.1462773084640503, 0.6721951961517334, 0.14861786365509033], "Lt. Humeral Lateral Epicn": [0.3811337947845459, 0.21599078178405762, -0.00802640151232481], "Lt. Humeral Medial Epicn": [0.3113724887371063, 0.19071343541145325, -0.046111978590488434], "Lt. Iliocristale": [0.1968964785337448, 0.16457928717136383, 0.09687318652868271], "Lt. Infraorbitale": [0.12153182923793793, 0.6910927891731262, 0.22816601395606995], "Lt. Knee Crease": [0.09581946581602097, -0.42505761981010437, -0.0952630341053009], "Lt. Lateral Malleolus": [0.05613510310649872, -0.844241201877594, -0.09601954370737076], "Lt. Medial Malleolus": [-0.015831053256988525, -0.8413823843002319, -0.08640661835670471], "Lt. Metacarpal Phal. II": [0.4143165349960327, -0.1245984211564064, 0.11735290288925171], "Lt. Metacarpal Phal. V": [0.41606438159942627, -0.13554880023002625, 0.047977376729249954], "Lt. Metatarsal Phal. I": [0.01112784817814827, -0.9097727537155151, 0.07771920412778854], "Lt. Metatarsal Phal. V": [0.08261207491159439, -0.9034352898597717, 0.032625462859869], "Lt. Olecranon": [0.3441900610923767, 0.200391486287117, -0.053680531680583954], "Lt. PSIS": [0.10052277892827988, 0.08131574839353561, -0.060895346105098724], "Lt. Radial Styloid": [0.36642637848854065, -0.031072445213794708, 0.0719628781080246], "Lt. Radiale": [0.38086310029029846, 0.1947210282087326, -0.013934046030044556], "Lt. Sphyrion": [-0.016379719600081444, -0.8626765608787537, -0.08551237732172012], "Lt. Thelion/Bustpoint": [0.1746705025434494, 0.3399288058280945, 0.14715451002120972], "Lt. Tragion": [0.15475191175937653, 0.7209866046905518, 0.1522422432899475], "Lt. Trochanterion": [0.20099222660064697, -0.03850729390978813, 0.07712582498788834], "Lt. Ulnar Styloid": [0.40748536586761475, -0.03359389677643776, 0.03795131668448448], "Nuchale": [0.08062416315078735, 0.7370727062225342, 0.0530846081674099], "Rt. 10th Rib": [-0.047911155968904495, 0.21993964910507202, 0.1214452013373375], "Rt. ASIS": [-0.08115411549806595, 0.09164323657751083, 0.11152463406324387], "Rt. Acromion": [-0.17071963846683502, 0.5107100605964661, 0.06154496595263481], "Rt. Axilla, Ant.": [-0.1072680875658989, 0.430917352437973, 0.08714503049850464], "Rt. Axilla, Post.": [-0.11379857361316681, 0.40372756123542786, -0.04088014364242554], "Rt. Calcaneous, Post.": [-0.1462399959564209, -0.23372378945350647, -0.35661259293556213], "Rt. Clavicale": [0.039517842233181, 0.5111825466156006, 0.1366642415523529], "Rt. Dactylion": [-0.31986308097839355, -0.1745832860469818, 0.10822851210832596], "Rt. Digit II": [-0.1491345763206482, -0.4332154393196106, -0.33997243642807007], "Rt. Femoral Lateral Epicn": [-0.20348022878170013, -0.3787056803703308, 0.06305892765522003], "Rt. Femoral Medial Epicn": [-0.07643119990825653, -0.3895670771598816, 0.057307541370391846], "Rt. Gonion": [0.012842313386499882, 0.6747270822525024, 0.15150442719459534], "Rt. Humeral Lateral Epicn": [-0.23695552349090576, 0.24025294184684753, -0.0212771724909544], "Rt. Humeral Medial Epicn": [-0.1543724089860916, 0.1914452463388443, -0.03202497214078903], "Rt. Iliocristale": [-0.10419303923845291, 0.17607586085796356, 0.0755234807729721], "Rt. Infraorbitale": [0.045840371400117874, 0.688521683216095, 0.23087701201438904], "Rt. Knee Crease": [-0.10724438726902008, -0.33806106448173523, 0.027962906286120415], "Rt. Lateral Malleolus": [-0.1809762567281723, -0.29206421971321106, -0.3056432604789734], "Rt. Medial Malleolus": [-0.11503401398658752, -0.3073160946369171, -0.30584996938705444], "Rt. Metacarpal Phal. II": [-0.3292858898639679, -0.07881592959165573, 0.11282363533973694], "Rt. Metacarpal Phal. V": [-0.3206201195716858, -0.09770716726779938, 0.0442226305603981], "Rt. Metatarsal Phal. I": [-0.10895334184169769, -0.43785008788108826, -0.3499210774898529], "Rt. Metatarsal Phal. V": [-0.20266267657279968, -0.42572662234306335, -0.36189889907836914], "Rt. Olecranon": [-0.19966977834701538, 0.21758998930454254, -0.05747680738568306], "Rt. PSIS": [-0.0014584889868274331, 0.08781588822603226, -0.06322824954986572], "Rt. Radial Styloid": [-0.262285053730011, -0.013445446267724037, 0.0873958095908165], "Rt. Radiale": [-0.23613858222961426, 0.21833056211471558, -0.02751530334353447], "Rt. Sphyrion": [-0.11794738471508026, -0.310947448015213, -0.3289225399494171], "Rt. Thelion/Bustpoint": [-0.035283371806144714, 0.3524133861064911, 0.14004212617874146], "Rt. Tragion": [0.005366477183997631, 0.7243728041648865, 0.15036527812480927], "Rt. Trochanterion": [-0.15097640454769135, -0.011700961738824844, 0.059803131967782974], "Rt. Ulnar Styloid": [-0.2966706454753876, -0.011274938471615314, 0.030430622398853302], "Sellion": [0.07799732685089111, 0.7157588601112366, 0.2524735629558563], "Substernale": [0.06722594052553177, 0.2838825285434723, 0.15990284085273743], "Supramenton": [0.08092334121465683, 0.6151986122131348, 0.22558358311653137], "Suprasternale": [0.07396294921636581, 0.4884854257106781, 0.14209091663360596], "Waist, Preferred, Post.": [0.04910580441355705, 0.08077215403318405, -0.06381437927484512]}