{"10th Rib Midspine": [0.07199754565954208, 0.03905980661511421, -0.045369621366262436], "Cervicale": [0.08015020936727524, 0.3620908260345459, 0.11147978901863098], "Lt. 10th Rib": [0.16953882575035095, -0.02942490205168724, 0.11017376184463501], "Lt. ASIS": [0.17234450578689575, -0.13641364872455597, 0.11062493920326233], "Lt. Acromion": [0.2899470925331116, 0.20767441391944885, 0.21670837700366974], "Lt. Axilla, Ant.": [0.23824971914291382, 0.16968844830989838, 0.1577814370393753], "Lt. Axilla, Post.": [0.3137499988079071, 0.13753384351730347, 0.11404746770858765], "Lt. Calcaneous, Post.": [0.14851152896881104, -1.1148681640625, -0.07332596927881241], "Lt. Clavicale": [0.10345204919576645, 0.23850476741790771, 0.1827496588230133], "Lt. Dactylion": [0.08014842122793198, -0.24267682433128357, 0.3696170747280121], "Lt. Digit II": [0.2030046433210373, -1.1440119743347168, 0.1690705567598343], "Lt. Femoral Lateral Epicn": [0.22571441531181335, -0.6624557971954346, -0.03575798496603966], "Lt. Femoral Medial Epicn": [0.1284596472978592, -0.6632875800132751, -0.047757383435964584], "Lt. Gonion": [0.13980111479759216, 0.3970755636692047, 0.22730642557144165], "Lt. Humeral Lateral Epicn": [0.4194548726081848, -0.028853895142674446, 0.2138051688671112], "Lt. Humeral Medial Epicn": [0.41963449120521545, -0.06477747857570648, 0.15288503468036652], "Lt. Iliocristale": [0.1957472860813141, -0.05499330163002014, 0.08964890986680984], "Lt. Infraorbitale": [0.1074882447719574, 0.4216879606246948, 0.2987348139286041], "Lt. Knee Crease": [0.17236709594726562, -0.6493197083473206, -0.07826675474643707], "Lt. Lateral Malleolus": [0.1946360170841217, -1.0674570798873901, -0.02219679206609726], "Lt. Medial Malleolus": [0.13429662585258484, -1.0648010969161987, -0.004596801474690437], "Lt. Metacarpal Phal. II": [0.16251105070114136, -0.21337755024433136, 0.3241688907146454], "Lt. Metacarpal Phal. V": [0.19071945548057556, -0.24165353178977966, 0.3691574037075043], "Lt. Metatarsal Phal. I": [0.16730967164039612, -1.1318477392196655, 0.15247447788715363], "Lt. Metatarsal Phal. V": [0.2418183535337448, -1.1344454288482666, 0.0961514264345169], "Lt. Olecranon": [0.446435809135437, -0.05833300203084946, 0.17453928291797638], "Lt. PSIS": [0.12328025698661804, -0.13482823967933655, -0.07064216583967209], "Lt. Radial Styloid": [0.24721504747867584, -0.20891378819942474, 0.27021512389183044], "Lt. Radiale": [0.4200555980205536, -0.048886727541685104, 0.21836958825588226], "Lt. Sphyrion": [0.13764987885951996, -1.0890649557113647, 0.000647553417365998], "Lt. Thelion/Bustpoint": [0.16194282472133636, 0.08994276821613312, 0.14954902231693268], "Lt. Tragion": [0.14716322720050812, 0.445365846157074, 0.22852778434753418], "Lt. Trochanterion": [0.21780462563037872, -0.2479272484779358, 0.05429023131728172], "Lt. Ulnar Styloid": [0.27131354808807373, -0.20236608386039734, 0.318136602640152], "Nuchale": [0.08875063806772232, 0.4530717730522156, 0.1257411241531372], "Rt. 10th Rib": [-0.03757426515221596, -0.021467579528689384, 0.10277935862541199], "Rt. ASIS": [-0.06655751168727875, -0.13909506797790527, 0.08800029009580612], "Rt. Acromion": [-0.1429222971200943, 0.22418400645256042, 0.20992957055568695], "Rt. Axilla, Ant.": [-0.09274743497371674, 0.17039020359516144, 0.15165236592292786], "Rt. Axilla, Post.": [-0.17821502685546875, 0.1466756910085678, 0.10859116911888123], "Rt. Calcaneous, Post.": [-0.024772854521870613, -1.1097134351730347, -0.08041030913591385], "Rt. Clavicale": [0.04714830964803696, 0.23446272313594818, 0.1762685626745224], "Rt. Dactylion": [-0.023768598213791847, -0.2567765414714813, 0.40621495246887207], "Rt. Digit II": [-0.14618359506130219, -1.1433526277542114, 0.14526154100894928], "Rt. Femoral Lateral Epicn": [-0.09415223449468613, -0.659359872341156, -0.04782130941748619], "Rt. Femoral Medial Epicn": [0.0031646573916077614, -0.6608901619911194, -0.03606811538338661], "Rt. Gonion": [0.013611101545393467, 0.3944981098175049, 0.2097252756357193], "Rt. Humeral Lateral Epicn": [-0.3115764856338501, 0.004367478657513857, 0.21423198282718658], "Rt. Humeral Medial Epicn": [-0.28718647360801697, -0.03835262730717659, 0.15472519397735596], "Rt. Iliocristale": [-0.08708882331848145, -0.06170002371072769, 0.058674637228250504], "Rt. Infraorbitale": [0.03351348638534546, 0.4128173291683197, 0.2925799489021301], "Rt. Knee Crease": [-0.03486179932951927, -0.6493927240371704, -0.07277105003595352], "Rt. Lateral Malleolus": [-0.08019007742404938, -1.0631709098815918, -0.04440504312515259], "Rt. Medial Malleolus": [-0.030766848474740982, -1.0648775100708008, -0.002033913042396307], "Rt. Metacarpal Phal. II": [-0.077193483710289, -0.20148761570453644, 0.3426617980003357], "Rt. Metacarpal Phal. V": [-0.12431390583515167, -0.2269042432308197, 0.380463570356369], "Rt. Metatarsal Phal. I": [-0.10551056265830994, -1.1270272731781006, 0.12978436052799225], "Rt. Metatarsal Phal. V": [-0.16291964054107666, -1.1372363567352295, 0.07472648471593857], "Rt. Olecranon": [-0.3319484293460846, -0.02347317524254322, 0.18039779365062714], "Rt. PSIS": [0.02830502577126026, -0.12962710857391357, -0.0810430645942688], "Rt. Radial Styloid": [-0.13336177170276642, -0.19250896573066711, 0.2744735777378082], "Rt. Radiale": [-0.31568393111228943, -0.01780913583934307, 0.21677713096141815], "Rt. Sphyrion": [-0.03463234752416611, -1.0881304740905762, 0.0005426226416602731], "Rt. Thelion/Bustpoint": [-0.028378795832395554, 0.0878114253282547, 0.1444680243730545], "Rt. Tragion": [0.004096631892025471, 0.4395265281200409, 0.20329193770885468], "Rt. Trochanterion": [-0.11079299449920654, -0.2363397479057312, 0.00785102043300867], "Rt. Ulnar Styloid": [-0.18157915771007538, -0.1832207590341568, 0.32292288541793823], "Sellion": [0.0644507184624672, 0.43716034293174744, 0.3160490095615387], "Substernale": [0.06445405632257462, 0.03455059230327606, 0.14510419964790344], "Supramenton": [0.06768111884593964, 0.3418145775794983, 0.2977513372898102], "Suprasternale": [0.07096831500530243, 0.2158394157886505, 0.17555487155914307], "Waist, Preferred, Post.": [0.07446334511041641, -0.13625305891036987, -0.0799298882484436]}