{"10th Rib Midspine": [-0.018382905051112175, 0.2915779948234558, -0.25198858976364136], "Cervicale": [-0.07856262475252151, 0.6417208313941956, -0.19211237132549286], "Lt. 10th Rib": [0.11679931730031967, 0.22101673483848572, -0.03788648173213005], "Lt. ASIS": [0.1175575852394104, 0.12984134256839752, -0.07007312029600143], "Lt. Acromion": [0.1752610206604004, 0.5413748621940613, -0.10506561398506165], "Lt. Axilla, Ant.": [0.16984687745571136, 0.48292064666748047, -0.09453895688056946], "Lt. Axilla, Post.": [0.1521281898021698, 0.45158302783966064, -0.22705532610416412], "Lt. Calcaneous, Post.": [0.12159816175699234, -0.7973021268844604, -0.3615363836288452], "Lt. Clavicale": [-0.03045460768043995, 0.5459930300712585, -0.049404654651880264], "Lt. Dactylion": [0.4576801657676697, -0.06925180554389954, -0.34192872047424316], "Lt. Digit II": [0.1997746080160141, -0.8404176831245422, -0.1243039220571518], "Lt. Femoral Lateral Epicn": [0.1452299803495407, -0.36411407589912415, -0.22183731198310852], "Lt. Femoral Medial Epicn": [0.035833124071359634, -0.37680479884147644, -0.22065947949886322], "Lt. Gonion": [-0.045266058295965195, 0.6947410702705383, -0.05482153594493866], "Lt. Humeral Lateral Epicn": [0.2850915193557739, 0.32415303587913513, -0.20505502820014954], "Lt. Humeral Medial Epicn": [0.2324485331773758, 0.2875584065914154, -0.24629074335098267], "Lt. Iliocristale": [0.14527425169944763, 0.1955854445695877, -0.09507707506418228], "Lt. Infraorbitale": [-0.10160275548696518, 0.727635383605957, 0.0031145864631980658], "Lt. Knee Crease": [0.08630943298339844, -0.3530867397785187, -0.26089024543762207], "Lt. Lateral Malleolus": [0.16662408411502838, -0.753538966178894, -0.30538812279701233], "Lt. Medial Malleolus": [0.10285910218954086, -0.7628790736198425, -0.27638792991638184], "Lt. Metacarpal Phal. II": [0.40667980909347534, -0.010180995799601078, -0.2661401033401489], "Lt. Metacarpal Phal. V": [0.4260113835334778, 0.03968925401568413, -0.31938567757606506], "Lt. Metatarsal Phal. I": [0.16859599947929382, -0.8294063806533813, -0.13450950384140015], "Lt. Metatarsal Phal. V": [0.24011766910552979, -0.819504976272583, -0.19486501812934875], "Lt. Olecranon": [0.25489771366119385, 0.30942267179489136, -0.24551397562026978], "Lt. PSIS": [0.031190989539027214, 0.13399218022823334, -0.2742907702922821], "Lt. Radial Styloid": [0.3333892524242401, 0.07640353590250015, -0.26772141456604004], "Lt. Radiale": [0.28917092084884644, 0.3009609878063202, -0.21246923506259918], "Lt. Sphyrion": [0.10995034873485565, -0.7876987457275391, -0.2774459719657898], "Lt. Thelion/Bustpoint": [0.07927760481834412, 0.3754064440727234, 0.033793721348047256], "Lt. Tragion": [-0.05630149692296982, 0.7456318140029907, -0.06961528211832047], "Lt. Trochanterion": [0.15213802456855774, 0.037882402539253235, -0.12130028009414673], "Lt. Ulnar Styloid": [0.38294243812561035, 0.10524535179138184, -0.2824980914592743], "Nuchale": [-0.09604663401842117, 0.7098921537399292, -0.17756064236164093], "Rt. 10th Rib": [-0.17532119154930115, 0.20688414573669434, -0.024978194385766983], "Rt. ASIS": [-0.1712597906589508, 0.12152441591024399, -0.0555235929787159], "Rt. Acromion": [-0.29353272914886475, 0.4821612238883972, -0.10791195183992386], "Rt. Axilla, Ant.": [-0.25744739174842834, 0.42977598309516907, -0.09085525572299957], "Rt. Axilla, Post.": [-0.2544631063938141, 0.3968496024608612, -0.2221546620130539], "Rt. Calcaneous, Post.": [-0.17658483982086182, -0.8005052208900452, -0.35676300525665283], "Rt. Clavicale": [-0.09890323132276535, 0.5367057919502258, -0.04999897629022598], "Rt. Dactylion": [-0.4896868169307709, -0.16857652366161346, -0.30542194843292236], "Rt. Digit II": [-0.29405853152275085, -0.8338910937309265, -0.12736323475837708], "Rt. Femoral Lateral Epicn": [-0.2082527130842209, -0.3602248430252075, -0.23202919960021973], "Rt. Femoral Medial Epicn": [-0.10394296050071716, -0.3730507493019104, -0.21888467669487], "Rt. Gonion": [-0.1688941866159439, 0.6344025731086731, -0.08069746941328049], "Rt. Humeral Lateral Epicn": [-0.37571337819099426, 0.2463015764951706, -0.2077985554933548], "Rt. Humeral Medial Epicn": [-0.3074810206890106, 0.21233773231506348, -0.2507138252258301], "Rt. Iliocristale": [-0.21947461366653442, 0.17666809260845184, -0.11312656849622726], "Rt. Infraorbitale": [-0.16916492581367493, 0.6945407390594482, -0.00840818788856268], "Rt. Knee Crease": [-0.14784356951713562, -0.3500848412513733, -0.2594606578350067], "Rt. Lateral Malleolus": [-0.231404110789299, -0.7538647055625916, -0.30374547839164734], "Rt. Medial Malleolus": [-0.171908900141716, -0.7666841745376587, -0.2677738070487976], "Rt. Metacarpal Phal. II": [-0.4795878231525421, -0.07996100187301636, -0.26284095644950867], "Rt. Metacarpal Phal. V": [-0.45563969016075134, -0.06910216808319092, -0.332118958234787], "Rt. Metatarsal Phal. I": [-0.25239208340644836, -0.8272776007652283, -0.12437643855810165], "Rt. Metatarsal Phal. V": [-0.31025993824005127, -0.820986807346344, -0.19076144695281982], "Rt. Olecranon": [-0.3519895374774933, 0.24274307489395142, -0.25150439143180847], "Rt. PSIS": [-0.07701301574707031, 0.13891859352588654, -0.28168195486068726], "Rt. Radial Styloid": [-0.4162304103374481, 0.0002446034923195839, -0.24412070214748383], "Rt. Radiale": [-0.37443655729293823, 0.22985312342643738, -0.2183743268251419], "Rt. Sphyrion": [-0.17761459946632385, -0.7869040369987488, -0.26879167556762695], "Rt. Thelion/Bustpoint": [-0.1669110357761383, 0.35220134258270264, 0.01412677951157093], "Rt. Tragion": [-0.19228607416152954, 0.685581386089325, -0.10140877962112427], "Rt. Trochanterion": [-0.2161511331796646, 0.044961560517549515, -0.1348074972629547], "Rt. Ulnar Styloid": [-0.4284026026725769, 0.013349832966923714, -0.3096815049648285], "Sellion": [-0.15536485612392426, 0.7408753633499146, 0.005780692212283611], "Substernale": [-0.039650700986385345, 0.2928796708583832, 0.056106824427843094], "Supramenton": [-0.11104584485292435, 0.6200538873672485, 0.03099200129508972], "Suprasternale": [-0.06843683868646622, 0.5252076387405396, -0.03531782701611519], "Waist, Preferred, Post.": [-0.0264915581792593, 0.1365240514278412, -0.27847370505332947]}