{"10th Rib Midspine": [0.040048748254776, 0.15900512039661407, -0.1640007495880127], "Cervicale": [0.05252714827656746, 0.4840626120567322, -0.11411386728286743], "Lt. 10th Rib": [0.14036795496940613, 0.09626549482345581, -0.038270317018032074], "Lt. ASIS": [0.1625921130180359, -0.012055862694978714, -0.04261210560798645], "Lt. Acromion": [0.2477453202009201, 0.3999387323856354, -0.10122000426054001], "Lt. Axilla, Ant.": [0.20780886709690094, 0.32466813921928406, -0.07862631231546402], "Lt. Axilla, Post.": [0.20785769820213318, 0.28143587708473206, -0.14049828052520752], "Lt. Calcaneous, Post.": [0.1303989142179489, -0.879812479019165, -0.2677484154701233], "Lt. Clavicale": [0.07696077972650528, 0.3997861444950104, -0.013302463106811047], "Lt. Dactylion": [0.49905309081077576, -0.2057299166917801, -0.1725919395685196], "Lt. Digit II": [0.14362597465515137, -0.9146787524223328, -0.035955872386693954], "Lt. Femoral Lateral Epicn": [0.17064529657363892, -0.4966748058795929, -0.193041130900383], "Lt. Femoral Medial Epicn": [0.06381042301654816, -0.4948447346687317, -0.21777142584323883], "Lt. Gonion": [0.11390957981348038, 0.5451059341430664, -0.010730167850852013], "Lt. Humeral Lateral Epicn": [0.33620160818099976, 0.16769370436668396, -0.17063507437705994], "Lt. Humeral Medial Epicn": [0.2955319285392761, 0.12374179810285568, -0.13516642153263092], "Lt. Iliocristale": [0.1734991818666458, 0.0681481659412384, -0.07406952232122421], "Lt. Infraorbitale": [0.09008097648620605, 0.5606409907341003, 0.06507944315671921], "Lt. Knee Crease": [0.12174499779939651, -0.48377296328544617, -0.2434135377407074], "Lt. Lateral Malleolus": [0.16267670691013336, -0.8398738503456116, -0.21125586330890656], "Lt. Medial Malleolus": [0.09932156652212143, -0.8422102928161621, -0.20311623811721802], "Lt. Metacarpal Phal. II": [0.49122515320777893, -0.12084616720676422, -0.1573360115289688], "Lt. Metacarpal Phal. V": [0.4667645990848541, -0.12175043672323227, -0.20678122341632843], "Lt. Metatarsal Phal. I": [0.11677772551774979, -0.9021768569946289, -0.05275047570466995], "Lt. Metatarsal Phal. V": [0.1895962506532669, -0.8976428508758545, -0.09981659054756165], "Lt. Olecranon": [0.30284059047698975, 0.13301049172878265, -0.1603819578886032], "Lt. PSIS": [0.08926369994878769, -0.011947093531489372, -0.22445911169052124], "Lt. Radial Styloid": [0.4346722364425659, -0.04897946119308472, -0.1493283361196518], "Lt. Radiale": [0.3400493264198303, 0.14739999175071716, -0.17436252534389496], "Lt. Sphyrion": [0.10204945504665375, -0.8616921305656433, -0.2003755420446396], "Lt. Thelion/Bustpoint": [0.13338330388069153, 0.22803360223770142, 0.020713798701763153], "Lt. Tragion": [0.12947918474674225, 0.5866865515708923, -0.00852004624903202], "Lt. Trochanterion": [0.20562292635440826, -0.11354893445968628, -0.09673777967691422], "Lt. Ulnar Styloid": [0.43738484382629395, -0.04071991518139839, -0.19814810156822205], "Nuchale": [0.0645064115524292, 0.6103958487510681, -0.09473219513893127], "Rt. 10th Rib": [-0.06379103660583496, 0.09439206123352051, -0.028529983013868332], "Rt. ASIS": [-0.0937390923500061, -0.014956850558519363, -0.039301130920648575], "Rt. Acromion": [-0.15401563048362732, 0.4173794984817505, -0.07990491390228271], "Rt. Axilla, Ant.": [-0.1169307753443718, 0.3431810736656189, -0.06717345863580704], "Rt. Axilla, Post.": [-0.1346459984779358, 0.29665863513946533, -0.13660310208797455], "Rt. Calcaneous, Post.": [-0.09900170564651489, -0.879753828048706, -0.29492372274398804], "Rt. Clavicale": [0.018744951114058495, 0.4013200104236603, -0.014035781845450401], "Rt. Dactylion": [-0.4723500907421112, -0.1549667865037918, -0.12544000148773193], "Rt. Digit II": [-0.1322358101606369, -0.9070499539375305, -0.06373065710067749], "Rt. Femoral Lateral Epicn": [-0.1405576765537262, -0.4901638329029083, -0.2070772647857666], "Rt. Femoral Medial Epicn": [-0.029470615088939667, -0.48918789625167847, -0.22033222019672394], "Rt. Gonion": [-0.002122060628607869, 0.5470631718635559, -0.020042410120368004], "Rt. Humeral Lateral Epicn": [-0.2742970585823059, 0.19012890756130219, -0.1405324637889862], "Rt. Humeral Medial Epicn": [-0.23254628479480743, 0.14584384858608246, -0.09152086079120636], "Rt. Iliocristale": [-0.11746612191200256, 0.05177496373653412, -0.07704851031303406], "Rt. Infraorbitale": [0.018319081515073776, 0.5595821142196655, 0.061603888869285583], "Rt. Knee Crease": [-0.08721430599689484, -0.4766174554824829, -0.250367134809494], "Rt. Lateral Malleolus": [-0.1384143829345703, -0.8365368247032166, -0.2394602745771408], "Rt. Medial Malleolus": [-0.07526751607656479, -0.8368696570396423, -0.2231016606092453], "Rt. Metacarpal Phal. II": [-0.4564168155193329, -0.07297192513942719, -0.11862070858478546], "Rt. Metacarpal Phal. V": [-0.4365848898887634, -0.0763084888458252, -0.15963858366012573], "Rt. Metatarsal Phal. I": [-0.09678834676742554, -0.8968026041984558, -0.07746656984090805], "Rt. Metatarsal Phal. V": [-0.1603531539440155, -0.8967706561088562, -0.11178666353225708], "Rt. Olecranon": [-0.2421524077653885, 0.15731604397296906, -0.13528789579868317], "Rt. PSIS": [-0.02086837776005268, -0.00574963865801692, -0.2264547049999237], "Rt. Radial Styloid": [-0.40372079610824585, -0.004340111743658781, -0.0969432070851326], "Rt. Radiale": [-0.276424378156662, 0.17181213200092316, -0.14454808831214905], "Rt. Sphyrion": [-0.07591038197278976, -0.8580921292304993, -0.2225417196750641], "Rt. Thelion/Bustpoint": [-0.06287305802106857, 0.2387455254793167, 0.017508728429675102], "Rt. Tragion": [-0.012086152099072933, 0.594193696975708, -0.019101927056908607], "Rt. Trochanterion": [-0.16093716025352478, -0.10214340686798096, -0.11727606505155563], "Rt. Ulnar Styloid": [-0.4059266448020935, -0.004347015172243118, -0.1524328589439392], "Sellion": [0.049452271312475204, 0.5804154276847839, 0.0835900604724884], "Substernale": [0.030701754614710808, 0.1737516075372696, 0.005526863504201174], "Supramenton": [0.04674078896641731, 0.5008991956710815, 0.05486071854829788], "Suprasternale": [0.04522053524851799, 0.3756914734840393, -0.0031410132069140673], "Waist, Preferred, Post.": [0.03521614894270897, -0.009128696285188198, -0.2263982594013214]}