{"10th Rib Midspine": [0.05193975195288658, 0.15930314362049103, -0.05747883766889572], "Cervicale": [0.07292409986257553, 0.49178197979927063, -0.019831998273730278], "Lt. 10th Rib": [-0.11597321927547455, 0.12140800803899765, -0.11798302829265594], "Lt. ASIS": [-0.13439883291721344, 0.028667382895946503, -0.1260175108909607], "Lt. Acromion": [-0.10791183263063431, 0.41773363947868347, 0.08248333632946014], "Lt. Axilla, Ant.": [-0.07538150250911713, 0.3341912627220154, 0.04065839946269989], "Lt. Axilla, Post.": [-0.0013823327608406544, 0.3181580901145935, 0.10231610387563705], "Lt. Calcaneous, Post.": [-0.13741643726825714, -0.8890162706375122, -0.2726393938064575], "Lt. Clavicale": [-0.03190698102116585, 0.42973774671554565, -0.08507134765386581], "Lt. Dactylion": [0.04480215534567833, -0.23907336592674255, 0.1313973069190979], "Lt. Digit II": [-0.3000052571296692, -0.8696976900100708, -0.46375060081481934], "Lt. Femoral Lateral Epicn": [-0.17681919038295746, -0.48610448837280273, -0.15892107784748077], "Lt. Femoral Medial Epicn": [-0.08442208915948868, -0.48484885692596436, -0.20762759447097778], "Lt. Gonion": [-0.04342866688966751, 0.5773902535438538, -0.03686700388789177], "Lt. Humeral Lateral Epicn": [-0.05072591453790665, 0.1569378674030304, 0.1671602427959442], "Lt. Humeral Medial Epicn": [0.01747799664735794, 0.1517922729253769, 0.17205257713794708], "Lt. Iliocristale": [-0.12604759633541107, 0.0883200392127037, -0.08486522734165192], "Lt. Infraorbitale": [-0.07729306071996689, 0.614592432975769, -0.10134141892194748], "Lt. Knee Crease": [-0.11083799600601196, -0.49144604802131653, -0.15562811493873596], "Lt. Lateral Malleolus": [-0.19792550802230835, -0.8336252570152283, -0.2786106467247009], "Lt. Medial Malleolus": [-0.15494194626808167, -0.8257211446762085, -0.32952338457107544], "Lt. Metacarpal Phal. II": [-0.007510258350521326, -0.16710081696510315, 0.134057879447937], "Lt. Metacarpal Phal. V": [0.02434481866657734, -0.1540871262550354, 0.17530164122581482], "Lt. Metatarsal Phal. I": [-0.2661360800266266, -0.8690573573112488, -0.4474371373653412], "Lt. Metatarsal Phal. V": [-0.3024193048477173, -0.8780784010887146, -0.38063329458236694], "Lt. Olecranon": [-0.0057970331981778145, 0.15018339455127716, 0.18928593397140503], "Lt. PSIS": [0.006774304900318384, -0.008657814934849739, -0.020981676876544952], "Lt. Radial Styloid": [-0.01429073978215456, -0.0660664513707161, 0.1405753195285797], "Lt. Radiale": [-0.04361534118652344, 0.13595184683799744, 0.1747230887413025], "Lt. Sphyrion": [-0.16045142710208893, -0.8448230028152466, -0.3387439548969269], "Lt. Thelion/Bustpoint": [-0.1521858423948288, 0.249549999833107, -0.10398273915052414], "Lt. Tragion": [-0.04822331294417381, 0.6203480958938599, -0.018073204904794693], "Lt. Trochanterion": [-0.15942566096782684, -0.07901427149772644, -0.07387586683034897], "Lt. Ulnar Styloid": [-0.020061206072568893, -0.07108106464147568, 0.18165384232997894], "Nuchale": [0.06346677243709564, 0.6123108863830566, -0.005721591413021088], "Rt. 10th Rib": [0.03395690768957138, 0.12611092627048492, -0.22673934698104858], "Rt. ASIS": [0.057450782507658005, 0.016697650775313377, -0.25652024149894714], "Rt. Acromion": [0.11377871781587601, 0.4664638936519623, -0.2214975655078888], "Rt. Axilla, Ant.": [0.08017302304506302, 0.39826640486717224, -0.19785284996032715], "Rt. Axilla, Post.": [0.10215594619512558, 0.3512708246707916, -0.25633758306503296], "Rt. Calcaneous, Post.": [0.13346314430236816, -0.9031414985656738, 0.029179885983467102], "Rt. Clavicale": [0.007819372229278088, 0.4310513734817505, -0.11957165598869324], "Rt. Dactylion": [-0.33512696623802185, 0.5439749360084534, -0.6214641332626343], "Rt. Digit II": [0.07656411081552505, -0.8996197581291199, -0.2058849185705185], "Rt. Femoral Lateral Epicn": [0.14810678362846375, -0.4935295283794403, -0.12782078981399536], "Rt. Femoral Medial Epicn": [0.061136480420827866, -0.4800414741039276, -0.06932508945465088], "Rt. Gonion": [0.044253159314394, 0.5781607627868652, -0.11210823059082031], "Rt. Humeral Lateral Epicn": [-0.013532673008739948, 0.40746620297431946, -0.4241178333759308], "Rt. Humeral Medial Epicn": [-0.054483380168676376, 0.3496803641319275, -0.4012451171875], "Rt. Iliocristale": [0.09917793422937393, 0.07866901159286499, -0.23432724177837372], "Rt. Infraorbitale": [-0.0215915534645319, 0.6106026768684387, -0.15409637987613678], "Rt. Knee Crease": [0.12027119100093842, -0.4737662672996521, -0.06635839492082596], "Rt. Lateral Malleolus": [0.1479048728942871, -0.8583332896232605, -0.036756180226802826], "Rt. Medial Malleolus": [0.08016608655452728, -0.8561409115791321, -0.026323525235056877], "Rt. Metacarpal Phal. II": [-0.2577022612094879, 0.5348587036132812, -0.5872269868850708], "Rt. Metacarpal Phal. V": [-0.286563903093338, 0.4768347144126892, -0.6057612895965576], "Rt. Metatarsal Phal. I": [0.050949085503816605, -0.8946834802627563, -0.1828135997056961], "Rt. Metatarsal Phal. V": [0.12320173531770706, -0.8958746194839478, -0.1763961762189865], "Rt. Olecranon": [-0.02748333476483822, 0.35864225029945374, -0.4300946593284607], "Rt. PSIS": [0.10093934834003448, -0.0006605730159208179, -0.07031285017728806], "Rt. Radial Styloid": [-0.2182573527097702, 0.47792187333106995, -0.5219055414199829], "Rt. Radiale": [-0.03051978535950184, 0.3978152275085449, -0.44201409816741943], "Rt. Sphyrion": [0.07948153465986252, -0.8755278587341309, -0.030897008255124092], "Rt. Thelion/Bustpoint": [0.006987292319536209, 0.2563632130622864, -0.24210669100284576], "Rt. Tragion": [0.061906326562166214, 0.6233998537063599, -0.11690233647823334], "Rt. Trochanterion": [0.1458287239074707, -0.09162367135286331, -0.22728480398654938], "Rt. Ulnar Styloid": [-0.21187186241149902, 0.44120171666145325, -0.5624525547027588], "Sellion": [-0.054289598017930984, 0.6376056671142578, -0.14102379977703094], "Substernale": [-0.054132964462041855, 0.19374948740005493, -0.18173012137413025], "Supramenton": [-0.04750477522611618, 0.547904908657074, -0.13345588743686676], "Suprasternale": [-0.024053383618593216, 0.40115776658058167, -0.11750122159719467], "Waist, Preferred, Post.": [0.0574643649160862, -0.0071915071457624435, -0.04046960175037384]}