{"10th Rib Midspine": [0.05218329280614853, 0.012543505989015102, 0.04270859807729721], "Cervicale": [0.07290274649858475, 0.3547652065753937, 0.1008933037519455], "Lt. 10th Rib": [0.15655721724033356, -0.0382118783891201, 0.19136013090610504], "Lt. ASIS": [0.17012710869312286, -0.1438027024269104, 0.1870526373386383], "Lt. Acromion": [0.29791519045829773, 0.21898427605628967, 0.17826634645462036], "Lt. Axilla, Ant.": [0.22683784365653992, 0.16156873106956482, 0.1594299077987671], "Lt. Axilla, Post.": [0.24725230038166046, 0.13503818213939667, 0.06764930486679077], "Lt. Calcaneous, Post.": [0.15619425475597382, -1.113521695137024, -0.0507584884762764], "Lt. Clavicale": [0.09719472378492355, 0.26549115777015686, 0.2061769962310791], "Lt. Dactylion": [0.4150749444961548, -0.49036285281181335, 0.0968867614865303], "Lt. Digit II": [0.19286870956420898, -1.1511669158935547, 0.20291472971439362], "Lt. Femoral Lateral Epicn": [0.22749051451683044, -0.665328860282898, 0.018248489126563072], "Lt. Femoral Medial Epicn": [0.13148795068264008, -0.663238525390625, -0.0005321904318407178], "Lt. Gonion": [0.14055493474006653, 0.4278765618801117, 0.2179502546787262], "Lt. Humeral Lateral Epicn": [0.3696351945400238, -0.043021950870752335, 0.05846359580755234], "Lt. Humeral Medial Epicn": [0.30755096673965454, -0.06382276117801666, 0.029610062018036842], "Lt. Iliocristale": [0.18822215497493744, -0.06404812633991241, 0.16795076429843903], "Lt. Infraorbitale": [0.11362376064062119, 0.4539582431316376, 0.2900300621986389], "Lt. Knee Crease": [0.17575609683990479, -0.6470415592193604, -0.026401905342936516], "Lt. Lateral Malleolus": [0.1983874887228012, -1.069543719291687, 0.003639764618128538], "Lt. Medial Malleolus": [0.13660484552383423, -1.0679707527160645, 0.018944069743156433], "Lt. Metacarpal Phal. II": [0.42002275586128235, -0.39784470200538635, 0.11010489612817764], "Lt. Metacarpal Phal. V": [0.4155481457710266, -0.39782586693763733, 0.049366630613803864], "Lt. Metatarsal Phal. I": [0.1648070216178894, -1.1321371793746948, 0.17631201446056366], "Lt. Metatarsal Phal. V": [0.2431851178407669, -1.1430224180221558, 0.13129858672618866], "Lt. Olecranon": [0.33723047375679016, -0.05053224787116051, 0.019318431615829468], "Lt. PSIS": [0.10627390444278717, -0.14518383145332336, 0.010432803072035313], "Lt. Radial Styloid": [0.3715806305408478, -0.29805541038513184, 0.0956491008400917], "Lt. Radiale": [0.3713145852088928, -0.06449587643146515, 0.0465986393392086], "Lt. Sphyrion": [0.14031580090522766, -1.0921493768692017, 0.023677436634898186], "Lt. Thelion/Bustpoint": [0.1544697880744934, 0.10102008283138275, 0.2091388702392578], "Lt. Tragion": [0.1494077444076538, 0.472996324300766, 0.21436172723770142], "Lt. Trochanterion": [0.21358536183834076, -0.25115519762039185, 0.12749017775058746], "Lt. Ulnar Styloid": [0.40273791551589966, -0.29792654514312744, 0.0541243739426136], "Nuchale": [0.08221620321273804, 0.4822266399860382, 0.11995197832584381], "Rt. 10th Rib": [-0.042482245713472366, -0.0315558984875679, 0.19354233145713806], "Rt. ASIS": [-0.07501707226037979, -0.15275338292121887, 0.18510553240776062], "Rt. Acromion": [-0.16636617481708527, 0.24266281723976135, 0.1700052171945572], "Rt. Axilla, Ant.": [-0.10481313616037369, 0.17501573264598846, 0.16265954077243805], "Rt. Axilla, Post.": [-0.12296551465988159, 0.14599475264549255, 0.05923410877585411], "Rt. Calcaneous, Post.": [-0.01605166681110859, -1.1087979078292847, -0.07567138969898224], "Rt. Clavicale": [0.040037307888269424, 0.26250216364860535, 0.2021796554327011], "Rt. Dactylion": [-0.3544193506240845, -0.4478546679019928, 0.08424052596092224], "Rt. Digit II": [-0.12838149070739746, -1.1465703248977661, 0.15372049808502197], "Rt. Femoral Lateral Epicn": [-0.09808581322431564, -0.6642003059387207, 4.689086927101016e-05], "Rt. Femoral Medial Epicn": [-0.00010632747580530122, -0.6627501845359802, 0.00023486909049097449], "Rt. Gonion": [0.012814042158424854, 0.4308701455593109, 0.20983435213565826], "Rt. Humeral Lateral Epicn": [-0.2562403380870819, -0.016579581424593925, 0.042930968105793], "Rt. Humeral Medial Epicn": [-0.19086050987243652, -0.059666428714990616, 0.05187235400080681], "Rt. Iliocristale": [-0.09766852110624313, -0.0764637142419815, 0.15622548758983612], "Rt. Infraorbitale": [0.0394025556743145, 0.4493319094181061, 0.28926411271095276], "Rt. Knee Crease": [-0.04109625890851021, -0.6492949724197388, -0.03056345321238041], "Rt. Lateral Malleolus": [-0.06803727895021439, -1.0649919509887695, -0.03076775372028351], "Rt. Medial Malleolus": [-0.0119134820997715, -1.0669423341751099, 0.00280742603354156], "Rt. Metacarpal Phal. II": [-0.36808574199676514, -0.35077497363090515, 0.10319268703460693], "Rt. Metacarpal Phal. V": [-0.3456740081310272, -0.35210296511650085, 0.03953881561756134], "Rt. Metatarsal Phal. I": [-0.08388928323984146, -1.129969596862793, 0.14142712950706482], "Rt. Metatarsal Phal. V": [-0.14259561896324158, -1.1356401443481445, 0.08565211296081543], "Rt. Olecranon": [-0.22279684245586395, -0.038206543773412704, 0.0202801451086998], "Rt. PSIS": [0.004255765583366156, -0.13785603642463684, 0.009334860369563103], "Rt. Radial Styloid": [-0.31843480467796326, -0.2702157497406006, 0.10974594205617905], "Rt. Radiale": [-0.2574576735496521, -0.037452589720487595, 0.03293786942958832], "Rt. Sphyrion": [-0.015990648418664932, -1.0881962776184082, 0.005946927238255739], "Rt. Thelion/Bustpoint": [-0.03542222082614899, 0.10359882563352585, 0.20902322232723236], "Rt. Tragion": [0.005694212857633829, 0.4758094549179077, 0.20315155386924744], "Rt. Trochanterion": [-0.12034191191196442, -0.24794422090053558, 0.10885940492153168], "Rt. Ulnar Styloid": [-0.33187854290008545, -0.26324281096458435, 0.05065834894776344], "Sellion": [0.0713324248790741, 0.4721020758152008, 0.30820995569229126], "Substernale": [0.05776877701282501, 0.04341986030340195, 0.2337261587381363], "Supramenton": [0.07150935381650925, 0.3763236701488495, 0.2935176491737366], "Suprasternale": [0.06539452075958252, 0.2436722218990326, 0.20875109732151031], "Waist, Preferred, Post.": [0.056322257965803146, -0.1430598646402359, 0.0065876576118171215]}